App;Category;Rating;Reviews;Type;Price
/u/app;COMMUNICATION;4.7;573;Free;0
[adult swim];FAMILY;3.6;21433;Free;0
[BN] Blitz;SPORTS;3.2;4;Free;0
[EF]ShoutBox;COMMUNICATION;NaN;3;Free;0
[root] Pry-Fi;TOOLS;3.9;6736;Free;0
[ROOT] X Privacy Installer;TOOLS;4.2;12147;Free;0
[Sub/EMUI] P Pro - EMUI 8.1/8.0/5.X Theme;PERSONALIZATION;4;13;Paid;0,99
[Substratum] K-Manager for K-Klock;PERSONALIZATION;4.5;14;Free;0
[Substratum] M5 Theme;PERSONALIZATION;4.4;16;Free;0
[substratum] Vacuum: P;PERSONALIZATION;4.4;230;Paid;1,49
[verify-U] VideoIdent;COMMUNICATION;2.9;83;Free;0
+Download 4 Instagram Twitter;SOCIAL;4.5;40467;Free;0
058.ba;NEWS_AND_MAGAZINES;4.4;27;Free;0
1. FC Köln App;HEALTH_AND_FITNESS;4;2490;Free;0
10 Best Foods for You;HEALTH_AND_FITNESS;4;2490;Free;0
10 Best Foods for You;FAMILY;4.1;681;Free;0
10 Minutes a Day Times Tables;COMMUNICATION;3.5;10;Paid;1,49
10 WPM Amateur ham radio CW Morse code trainer;FAMILY;4.1;105766;Free;0
100 Doors of Revenge;FAMILY;4.2;20;Free;0
100+ C Programs;LIFESTYLE;3.7;121;Free;0
100000+ Messages - DP;FAMILY;4.6;498;Free;0
101 C Programming Problems;BUSINESS;4.4;74359;Free;0
104 Looking for a job - looking for a job;SHOPPING;3.8;48732;Free;0
11st;LIFESTYLE;4.7;759;Free;0
12 Step Meditations & Sober Prayers AA NA AL-ANON;MEDICAL;NaN;0;Free;0
14thStreetVet;BOOKS_AND_REFERENCE;4.4;47;Paid;3,08
17th Edition Cable Sizer;MEDICAL;4.7;23160;Free;0
1800 Contacts - Lens Store;MEDICAL;4.7;23160;Free;0
1800 Contacts - Lens Store;GAME;4.6;214878;Free;0
1LINE – One Line with One Touch;FINANCE;NaN;0;Free;0
1st Fed CI Mobile Banking;COMMUNICATION;4.8;6;Paid;1,49
2 Amateur ham radio CW Morse code practice keys TX;NEWS_AND_MAGAZINES;3.5;14153;Free;0
20 Minuten (CH);NEWS_AND_MAGAZINES;3.7;4379;Free;0
20 minutes (CH);COMICS;3.7;705;Free;0
2000 AD Comics and Judge Dredd;BUSINESS;NaN;2;Free;0
2017 BN SM Sales Conference;MEDICAL;4.4;12;Paid;16,99
2017 EMRA Antibiotic Guide;MEDICAL;4.4;12;Paid;16,99
2017 EMRA Antibiotic Guide;PERSONALIZATION;4.2;115773;Free;0
2018Emoji Keyboard 😂 Emoticons Lite -sticker&gif;TOOLS;3;4;Free;0
2019 Tricks Es File Explores;FAMILY;4.7;17;Free;0
2048 BTS J Hope KPop Puzzle Game;FAMILY;4.3;20;Free;0
2048(AI);COMMUNICATION;4.3;12;Paid;1,49
20WPM Amateur ham radio Koch CW Morse code trainer;GAME;5;8;Paid;0,99
211:CK;GAME;4.3;3;Free;0
211:CK Lite;HEALTH_AND_FITNESS;4.4;11506;Free;0
21-Day Meditation Experience;HEALTH_AND_FITNESS;4.4;11506;Free;0
21-Day Meditation Experience;BUSINESS;NaN;0;Free;0
23rd QM BDE EO;PHOTOGRAPHY;4;802;Free;0
24 megapixel hd camera;TRAVEL_AND_LOCAL;3.1;421;Free;0
24/7 BZ Reis;FAMILY;NaN;0;Free;0
25 Mins Ako ay may lobo Etc Pinoy Kid Song Offline;TOOLS;NaN;0;Paid;1,49
25WPM Amateur ham radio Koch CW Morse code trainer;DATING;4.4;41605;Free;0
2Date Dating App;PRODUCTIVITY;4.3;4649;Free;0
2Do - Reminders;TRAVEL_AND_LOCAL;4.5;768833;Free;0
2GIS: directory & navigator;COMMUNICATION;4.2;15880;Free;0
2ndLine - Second Phone Number;GAME;4.2;33;Free;0
2-Player Co-op Zombie Shoot;DATING;4;337;Free;0
2RedBeans;HEALTH_AND_FITNESS;4.5;1886;Free;0
30 Day Ab Challenge;HEALTH_AND_FITNESS;4.8;793;Free;0
30 Day AB Challenge - Lumowell;HEALTH_AND_FITNESS;4.3;48253;Free;0
30 Day Ab Challenge FREE;HEALTH_AND_FITNESS;4.8;471036;Free;0
30 Day Fitness Challenge - Workout at Home;HEALTH_AND_FITNESS;3.5;224;Free;0
30-Day Ab Challenge Tracker;FAMILY;5;1;Paid;1,49
30WPM Amateur ham radio Koch CW Morse code trainer;ART_AND_DESIGN;4.5;27;Free;0
350 Diy Room Decor Ideas;TOOLS;4.6;16771865;Free;0
360 Security - Free Antivirus;TOOLS;3.9;84;Free;0
360-M Flight;SPORTS;4.6;666521;Free;0
365Scores - Live Scores;SPORTS;4.6;666246;Free;0
365Scores - Live Scores;PERSONALIZATION;4.1;62209;Free;0
3D Blue Glass Water Keyboard Theme;SPORTS;4.1;1076243;Free;0
3D Bowling;FAMILY;4.5;5481;Free;0
3D Color by Number with Voxels;FAMILY;4.3;2017;Free;0
3D Color by Number: Voxel;ART_AND_DESIGN;4.4;1518;Free;0
3D Color Pixel by Number - Sandbox Art Coloring;FAMILY;4.3;6333;Free;0
3D DJ – DJ Mixer 2018;FAMILY;4.3;796;Free;0
3D DJ – Music Mixer with Virtual DJ;FAMILY;2.9;31596;Free;0
3D Holograms Joke;PERSONALIZATION;4.5;1724;Free;0
3D Live Neon Weed Launcher;FOOD_AND_DRINK;4.4;467;Free;0
3D Metal Piano Keys Keyboard Theme;SPORTS;4.2;1008012;Free;0
3D Tennis;FAMILY;4.2;449;Free;0
3DAnimeGirl DX DreamPortrait KAWAII Girl DressUp;COMMUNICATION;4.3;488;Free;0
3G DZ Configuration;TOOLS;4.2;268;Free;0
3G to 4G Converter - Simulator;TOOLS;4.2;2058;Free;0
3G/4G Config Dz;GAME;3.8;4257;Free;0
4 in a Row;GAME;4.3;47698;Free;0
4 in a row;MEDICAL;NaN;1;Free;0
4 Paws PH;FAMILY;4.4;32;Free;0
4 x4 Offroad SUV 3D Truck Simulator Driving 2017;MEDICAL;5;2;Free;0
420 BZ Budeze Delivery;MEDICAL;5;2;Free;0
420 BZ Budeze Delivery;BUSINESS;NaN;0;Free;0
4Eternity EO;PHOTOGRAPHY;4.2;382;Free;0
4K Ultra Camera;VIDEO_PLAYERS;3.7;20;Free;0
4K VIDEO PLAYER ULTRA HD;PERSONALIZATION;4.6;7583;Free;0
4K Wallpapers and Ultra HD Backgrounds;SHOPPING;NaN;0;Free;0
4-T's Bar-BQ & Catering;GAME;4.1;7279;Free;0
4x4 Jeep Racer;HEALTH_AND_FITNESS;4.6;2067;Free;0
5 Minute Ab Workouts;MEDICAL;4.2;33;Free;0
5 Minute Clinical Consult 2019 - #1 for 25 years;MEDICAL;2.3;17;Free;0
5 Minute Veterinary Consult: Canine & Feline;GAME;3.8;2691;Free;0
5 Nights at Cube Pizzeria City;FOOD_AND_DRINK;4;196;Free;0
50 Healthy Slow Cooker Recipes;FAMILY;4.7;7;Paid;9,99
500 AP World History Questions;BOOKS_AND_REFERENCE;4.1;52312;Free;0
50000 Free eBooks & Free AudioBooks;HOUSE_AND_HOME;4.3;3522;Free;0
591 Housing Trading - Hong Kong;HOUSE_AND_HOME;4.1;24977;Free;0
591 housing transactions - renting houses;MEDICAL;4.1;84;Free;0
5-Minute Clinical Consult;HEALTH_AND_FITNESS;4.6;18921;Free;0
6 Pack Promise - Ultimate Abs;HEALTH_AND_FITNESS;4.2;13799;Free;0
7 Cups: Anxiety & Stress Chat;LIFESTYLE;4.5;3346;Free;0
7 Day Food Journal Challenge;HEALTH_AND_FITNESS;4.8;527;Free;0
7 minute abs workout - Daily Ab Workout;HEALTH_AND_FITNESS;4.5;399009;Free;0
7 Minute Workout;GAME;4;23168;Free;0
7 Nights at Pixel Pizzeria - 2;PRODUCTIVITY;4.4;6011;Free;0
7 Weeks - Habit & Goal Tracker;GAME;4.5;14198297;Free;0
8 Ball Pool;GAME;4.5;14198602;Free;0
8 Ball Pool;GAME;4.5;14200344;Free;0
8 Ball Pool;GAME;4.5;14200550;Free;0
8 Ball Pool;GAME;4.5;14201891;Free;0
8 Ball Pool;GAME;4.5;14201604;Free;0
8 Ball Pool;SPORTS;4.5;14184910;Free;0
8 Ball Pool;SPORTS;4.6;539;Free;0
850 Sports News Digest;HEALTH_AND_FITNESS;4.6;115721;Free;0
8fit Workouts & Meal Planner;HEALTH_AND_FITNESS;4.6;115721;Free;0
8fit Workouts & Meal Planner;DATING;4.1;4953;Free;0
95Live -SG#1 Live Streaming App;DATING;4.1;4954;Free;0
95Live -SG#1 Live Streaming App;MEDICAL;4.6;47;Free;0
98point6;FAMILY;4.6;1450632;Free;0
9GAG: Funny Gifs;FOOD_AND_DRINK;4.5;454;Free;0
9th stage;MAPS_AND_NAVIGATION;4.1;41;Free;0
A & B Taxi;PHOTOGRAPHY;4.1;76484;Free;0
A Better Camera;FAMILY;3.9;3720;Free;0
A Call From Santa Claus!;DATING;4.1;236;Free;0
A hundred;MEDICAL;3.5;214;Paid;33,99
A Manual of Acupuncture;MEDICAL;3.5;214;Paid;33,99
A Manual of Acupuncture;FAMILY;3.7;2398;Free;0
A Word A Day;SHOPPING;3.9;117;Free;0
Šmelina .cz inzeráty inzerce;ENTERTAINMENT;4;29706;Free;0
A&E - Watch Full Episodes of TV Shows;ENTERTAINMENT;4;29706;Free;0
A&E - Watch Full Episodes of TV Shows;ENTERTAINMENT;4;29706;Free;0
A&E - Watch Full Episodes of TV Shows;FAMILY;4;29708;Free;0
A&E - Watch Full Episodes of TV Shows;FOOD_AND_DRINK;1.7;14;Free;0
A&W Restaurants;TOOLS;4.2;32;Free;0
A. O. Smith;LIFESTYLE;NaN;0;Free;0
A.J. Green Wallpapers 4 Fans;PHOTOGRAPHY;NaN;1;Free;0
A.J. Styles HD Wallpapers 2018;TOOLS;3.4;7816;Free;0
A/C Air Conditioner Remote;BUSINESS;1.7;84;Free;0
A/C REFRIGERANT CAPACITY;TOOLS;3.1;3263;Free;0
A/C Universal Remote Control;FAMILY;NaN;0;Paid;1,99
¡Ay Caramba!;GAME;3.8;489;Free;0
¡Ay Metro!;FAMILY;4.3;193;Free;0
বাংলা টিভি প্রো BD Bangla TV;FAMILY;4.2;1111;Free;0
বাংলাflix;FAMILY;NaN;21;Free;0
中国語 AQリスニング;FOOD_AND_DRINK;4.6;438;Free;0
¿Es Vegan?;COMMUNICATION;NaN;239;Free;0
哈哈姆特不EY;FAMILY;4.4;36268;Free;0
【Miku AR Camera】Mikuture;COMICS;NaN;1330;Free;0
【Ranobbe complete free】 Novelba - Free app that you can read and write novels;LIFESTYLE;4.7;2225;Free;0
သိင်္ Astrology - Min Thein Kha BayDin;PHOTOGRAPHY;4.5;223941;Free;0
A+ Gallery - Photos & Videos;FINANCE;3.9;730;Free;0
A+ Mobile;FINANCE;4.5;381788;Free;0
İşCep;NEWS_AND_MAGAZINES;4.9;58;Paid;2,99
Égalité et Réconciliation;FAMILY;4.7;6073;Free;0
あなカレ【BL】無料ゲーム;HOUSE_AND_HOME;3.7;2248;Free;0
乐屋网: Buying a house;MAPS_AND_NAVIGATION;4.4;50459;Free;0
乗換NAVITIME　Timetable & Route Search in Japan Tokyo;LIFESTYLE;4.5;231;Paid;0,99
A41 WatchFace for Android Wear Smart Watch;FAMILY;4.2;886418;Free;0
aa;BOOKS_AND_REFERENCE;4.3;1476;Free;0
Aab e Hayat Full Novel;FAMILY;NaN;2;Free;0
AÖF Ev İdaresi 1. Sınıf;MEDICAL;3.8;63;Free;0
AAFP;MEDICAL;3.8;63;Free;0
AAFP;NEWS_AND_MAGAZINES;4.9;34;Free;0
Aaj Bangla: ei samay er khobor;EVENTS;NaN;3;Free;0
AAS-IN-ASIA 2018;FAMILY;3.8;10;Free;0
ab;FINANCE;NaN;3;Free;0
AB Anywhere Mobile Banking;FAMILY;4.3;111;Free;0
AB Blast Match 3;SHOPPING;3.8;454;Free;0
AB Click2Shop;FAMILY;4.3;96;Free;0
AB Crush Match 3;FAMILY;4.2;9;Free;0
AB Match;HEALTH_AND_FITNESS;3.4;2105;Free;0
AB Mobile App;VIDEO_PLAYERS;4.3;1628;Free;0
AB Repeat Player;VIDEO_PLAYERS;4.4;32;Free;0
A-B repeater;TOOLS;4.2;533;Free;0
AB Screen Recorder;HEALTH_AND_FITNESS;4.1;27501;Free;0
Ab Workouts;HEALTH_AND_FITNESS;4.7;21;Free;0
Ab Workouts - Ab Generator;FAMILY;NaN;0;Free;0
ABAI CE Scanner;MAPS_AND_NAVIGATION;4.2;12572;Free;0
ÖBB Scotty;FAMILY;3.3;50428;Free;0
ABC – Live TV & Full Episodes;FAMILY;4.5;36606;Free;0
ABC Kids - Tracing & Phonics;NEWS_AND_MAGAZINES;4;18976;Free;0
ABC News - US & World News;NEWS_AND_MAGAZINES;4;18976;Free;0
ABC News - US & World News;EDUCATION;3.8;27572;Free;0
ABC Preschool Free;NEWS_AND_MAGAZINES;3.6;1820;Free;0
ABC15 Arizona;FAMILY;4.3;50887;Free;0
ABCmouse.com;MEDICAL;NaN;2;Paid;9,99
Abdominal CT Sectional Walker;MEDICAL;3.1;83;Free;0
abeoCoder;MEDICAL;NaN;2;Paid;0,99
ABG Master;PRODUCTIVITY;NaN;3;Paid;2,6
Ability DS UNO;HEALTH_AND_FITNESS;4.8;3908;Free;0
Abs;HEALTH_AND_FITNESS;4.7;2071;Free;0
Abs Training-Burn belly fat;HEALTH_AND_FITNESS;4.8;18604;Free;0
Abs workout - 21 Day Fitness Challenge;HEALTH_AND_FITNESS;4.6;299;Free;0
Abs Workout - 30 Days Fitness App for Six Pack Abs;HEALTH_AND_FITNESS;4.8;5103;Free;0
ABS Workout - Belly workout;HEALTH_AND_FITNESS;4.8;69279;Free;0
Abs Workout - Burn Belly Fat with No Equipment;HEALTH_AND_FITNESS;4.6;37224;Free;0
Abs workout 7 minutes;SPORTS;3.9;654;Paid;4,99
Absolute RC Heli Simulator;TOOLS;NaN;1;Free;0
ABTO CY-ET1;NEWS_AND_MAGAZINES;4.2;23292;Free;0
AC - Tips & News for Android™;NEWS_AND_MAGAZINES;4.2;23291;Free;0
AC - Tips & News for Android™;TOOLS;3.6;3632;Free;0
AC & TV;BOOKS_AND_REFERENCE;4.2;27;Free;0
AC Air condition Troubleshoot;FAMILY;NaN;1;Paid;2
AC CE BJT Actorial;LIFESTYLE;5;1;Paid;3,04
AC DC Power Monitor;BUSINESS;3.5;537;Free;0
AC Freedom;HOUSE_AND_HOME;3.4;1450;Free;0
AC Mobile Control;TOOLS;3.3;472;Free;0
AC Remote Control;TOOLS;3.7;822;Free;0
Ac remote control;TOOLS;3.7;9514;Free;0
ac remote control;TOOLS;3.9;3043;Free;0
AC remote control mobile;FAMILY;3.3;353;Free;0
AC Remote Control Simulator;TOOLS;3.7;163;Free;0
AC Remote for Carrier - NOW FREE;TOOLS;3.5;383;Free;0
AC Remote for Daikin - NOW FREE;TOOLS;3.9;336;Free;0
AC Remote for Haier - NOW FREE;TOOLS;3;1298;Free;0
AC Remote For LG;TOOLS;3.7;1041;Free;0
AC Remote for LG - NOW FREE;TOOLS;4;448;Free;0
AC Remote for Midea - NOW FREE;TOOLS;3.7;274;Free;0
AC Remote for O General - NOW FREE;TOOLS;3.7;566;Free;0
AC Remote for Samsung - NOW FREE;TOOLS;3.7;332;Free;0
AC Remote for Sharp - NOW FREE;FAMILY;1.6;402;Free;0
AC REMOTE UNIVERSAL-PRO;TOOLS;4.7;147;Free;0
AC Troubleshooter;TOOLS;3.6;41;Free;0
AC WIFI;PRODUCTIVITY;4.4;80119;Free;0
aCalendar - Android Phone;PRODUCTIVITY;4.6;26919;Paid;5,99
aCalendar+ Calendar & Tasks;COMMUNICATION;NaN;0;Free;0
AC-BL;PRODUCTIVITY;3.1;19;Paid;8,99
ACCDB MDB DB Manager Pro - Editor for MS Access;PRODUCTIVITY;NaN;0;Free;0
ACCEPT CE MARKING;TOOLS;4.2;25;Free;0
Access Point Browser;LIFESTYLE;4;22;Free;0
Access Point Finder;COMMUNICATION;4;138;Free;0
Access Point Names;TOOLS;NaN;5;Free;0
Access Point Proximity;FAMILY;4.5;663;Free;0
Account Class-11 Solutions (D K Goel);FAMILY;4.4;708;Free;0
Account Class-12 Solutions (D K Goel) Vol-1;FAMILY;4.6;124;Free;0
Account Class-12 Solutions (D K Goel) Vol-2;TOOLS;4.1;76604;Free;0
Account Manager;BUSINESS;4.5;3079;Free;0
Accounting App - Zoho Books;BUSINESS;4.5;3079;Free;0
Accounting App - Zoho Books;FAMILY;5;25;Free;0
Accounting Quiz (AQ) Malaysia;WEATHER;4.4;2053404;Free;0
AccuWeather: Daily Forecast & Live Weather Reports;WEATHER;4.4;2052407;Free;0
AccuWeather: Daily Forecast & Live Weather Reports;PERSONALIZATION;4.1;66473;Free;0
AcDisplay;FINANCE;4.1;2898;Free;0
ACE Elite;TOOLS;4.2;2447;Free;0
Ace Screen Recorder w facecam;ENTERTAINMENT;3;493;Free;0
Acorn TV: World-class TV from Britain and Beyond;FINANCE;4.3;45957;Free;0
Acorns - Invest Spare Change;FINANCE;4.3;45962;Free;0
Acorns - Invest Spare Change;FAMILY;3.8;5964;Free;0
Across Age DX;VIDEO_PLAYERS;4.5;74531;Free;0
ActionDirector Video Editor - Edit Videos Fast;SPORTS;3.6;28;Paid;2,99
Active Soccer 2 DX;VIDEO_PLAYERS;3.3;439;Free;0
ACTIVEON CX & CX GOLD;MEDICAL;4.5;492;Paid;7,99
Acupuncture Assistant;NEWS_AND_MAGAZINES;3.7;10382;Free;0
AD - News;NEWS_AND_MAGAZINES;3.7;10369;Free;0
AD - Nieuws;TOOLS;3.3;999;Free;0
Ad Block REMOVER - NEED ROOT;DATING;NaN;4;Paid;3,99
Ad Blocker for SayHi;COMMUNICATION;3.9;107;Free;0
Ad Blocker Turbo - Adblocker Browser;PRODUCTIVITY;3.8;5107;Free;0
Ad Detect Plugin - Handy Tool;TOOLS;3.8;208;Free;0
Ad Detector;PRODUCTIVITY;3.4;16;Paid;6,49
Ad Removal: thereisonlywe;PRODUCTIVITY;4.1;66;Paid;1,29
Ad Remove Plugin for App2SD;MEDICAL;4.7;87418;Free;0
Ada - Your Health Guide;MEDICAL;4.7;87418;Free;0
Ada - Your Health Guide;COMMUNICATION;4.1;121113;Free;0
Adblock Browser for Android;PRODUCTIVITY;4.1;9914;Free;0
Adblock Fast;COMMUNICATION;4;8769;Free;0
Adblock Plus for Samsung Internet - Browse safe.;TOOLS;4.2;1586;Free;0
AdClear Ad blocker for Samsung;PHOTOGRAPHY;4.1;21578;Free;0
Add Text To Photo;PHOTOGRAPHY;4.3;18325;Free;0
Add Watermark Free;PRODUCTIVITY;4.5;107;Free;0
Add-On: Alcatel (h);PRODUCTIVITY;3.6;26;Free;0
Add-On: bq (a);PRODUCTIVITY;NaN;9;Free;0
Add-On: bq (b);PRODUCTIVITY;NaN;17;Free;0
Add-On: bq (c);FAMILY;4.5;118;Free;0
Ad-free Triangle Solver;TOOLS;4.1;14491;Free;0
Adguard Content Blocker;FAMILY;NaN;0;Free;0
Adhenarcos - Coupe Adhemar EY 2018;GAME;4.5;1914;Free;0
Adivina el cantante de Trap y Reggaeton;GAME;NaN;2536;Free;0
Adivina el Emoji;BUSINESS;4.5;176;Free;0
ADMIRALTY H-Note;PRODUCTIVITY;4.3;3016297;Free;0
Adobe Acrobat Reader;PRODUCTIVITY;4.3;3016305;Free;0
Adobe Acrobat Reader;PRODUCTIVITY;4.3;3014548;Free;0
Adobe Acrobat Reader;PRODUCTIVITY;4.3;11402;Free;0
Adobe Fill & Sign: Easy PDF Form Filler;PHOTOGRAPHY;4.4;65766;Free;0
Adobe Illustrator Draw;PHOTOGRAPHY;4.2;914804;Free;0
Adobe Photoshop Express:Photo Editor Collage Maker;PHOTOGRAPHY;4.2;914917;Free;0
Adobe Photoshop Express:Photo Editor Collage Maker;PHOTOGRAPHY;4.2;28390;Free;0
Adobe Photoshop Fix;VIDEO_PLAYERS;3.9;39495;Free;0
Adobe Premiere Clip;BUSINESS;4.3;85185;Free;0
ADP Mobile Solutions;TOOLS;5;2;Paid;1,99
ADS-B Driver;FAMILY;4.3;997;Free;0
Adult Color by Number Book - Paint Mandala Pages;FAMILY;4.2;2231;Free;0
Adult Color By Number Book: Number Coloring Pages;DATING;3.3;1601;Free;0
Adult Dating - AdultFinder;DATING;2.8;80;Free;0
Adult Dirty Emojis;DATING;2.8;80;Free;0
Adult Dirty Emojis;DATING;2.8;80;Free;0
Adult Dirty Emojis;ENTERTAINMENT;4.3;8918;Free;0
Adult Glitter Color by Number Book - Sandbox Pages;FAMILY;4.7;7252;Free;0
Advanced calculator fx 991 es plus & 991 ms plus;MEDICAL;NaN;3;Paid;24,99
Advanced Comprehension Therapy;MEDICAL;NaN;3;Paid;24,99
Advanced Comprehension Therapy;TOOLS;4.5;569727;Free;0
Advanced Download Manager;TOOLS;4.4;16192;Free;0
Advanced Download Manager Holo;TOOLS;4.7;6505;Paid;2,99
Advanced Download Manager Pro;TOOLS;3.5;138;Paid;4,99
Advanced EX for FIAT;TOOLS;2.7;168;Paid;4,99
Advanced EX for HYUNDAI;TOOLS;3.3;257;Paid;4,99
Advanced EX for KIA;TOOLS;2.9;33;Paid;4,99
Advanced EX for MITSUBISHI;TOOLS;2.9;164;Paid;4,99
Advanced EX for NISSAN;TOOLS;2.8;130;Paid;4,99
Advanced EX for RENAULT;PRODUCTIVITY;4.4;577059;Free;0
Advanced Task Killer;FAMILY;2.9;2079;Free;0
Advanced Warfare Guns;FAMILY;4.6;28;Free;0
Adventure Quest World Mobile Quiz;GAME;4.1;4107;Paid;4,99
Adventure Time Game Wizard;GAME;4.3;24628;Free;0
Adventure Time Run;FAMILY;4.2;24775;Free;0
Adventure Xpress;FAMILY;4.3;22667;Free;0
AdventureQuest 3D MMO;FAMILY;3.9;10114;Free;0
AdventureQuest Dragons;PERSONALIZATION;4.3;181399;Free;0
ADW Launcher 2;PERSONALIZATION;4.3;28728;Paid;2,49
ADWLauncher 1 EX;BUSINESS;4.1;7149;Free;0
AdWords Express;BUSINESS;4.1;7149;Free;0
AdWords Express;SHOPPING;4.2;20476;Free;0
AE + Aerie: Jeans;GAME;3.9;2588;Free;0
AE 3D Moto 3;GAME;4.2;74902;Free;0
AE 3D MOTOR :Racing Games Free;SPORTS;3.8;926;Free;0
AE Air Hockey;BOOKS_AND_REFERENCE;4.7;263;Free;0
Ae Allah na Dai (Rasa);GAME;4.1;533;Free;0
AE Angry Chef;SPORTS;3.9;8638;Free;0
AE Archer;SPORTS;4;8100;Free;0
AE Basketball;GAME;4.4;61746;Free;0
AE Bingo: Offline Bingo Games;GAME;4;1417;Free;0
AE Blackjack;FAMILY;4.2;6973;Free;0
AE Bubble:Offline Bubble Games;BOOKS_AND_REFERENCE;4.5;14;Free;0
AE Bulletins;SHOPPING;3.8;208;Free;0
AE Checkout Plugin;GAME;4.5;804;Free;0
AE City Jump;GAME;4.3;30002;Free;0
AE Coin Mania : Arcade Fun;GAME;4.4;14;Free;0
AE Fishing Hunter;GAME;4.2;358;Free;0
AE FreeCell;AUTO_AND_VEHICLES;4.4;64;Free;0
AE Garage;GAME;3.9;6988;Free;0
AE GTO Racing;GAME;3.7;8581;Free;0
AE Gun Ball: arcade ball games;GAME;4.2;960;Free;0
AE Jewels;GAME;4.2;652;Free;0
AE Jewels 2: Island Adventures;GAME;4.3;18277;Free;0
AE Lucky Fishing;TOOLS;NaN;0;Free;0
AE Manager;GAME;4;17876;Free;0
AE Master Moto;TOOLS;4.1;19;Free;0
AE Order;FAMILY;4.4;5262;Free;0
AE Roundy POP;GAME;4.3;1776;Free;0
AE Solitaire;GAME;4.5;17263;Free;0
AE Spider Solitaire;FAMILY;4.3;2171;Free;0
AE Sudoku;GAME;4;721;Free;0
AE Video Poker;BOOKS_AND_REFERENCE;4.1;215;Free;0
日本AV历史;COMICS;4.1;12088;Free;0
漫咖 Comics - Manga;PHOTOGRAPHY;NaN;4;Free;0
AEE AP;BUSINESS;4.8;16;Free;0
Aegis BT;WEATHER;3.8;15966;Free;0
AEMET's time;COMICS;2.8;5;Free;0
AF Comics Reader - Free;HEALTH_AND_FITNESS;2;136;Free;0
AF Hydro;FAMILY;NaN;3;Free;0
AF Johannesburg;BUSINESS;NaN;0;Free;0
AF Legendary 2017;NEWS_AND_MAGAZINES;4.7;210;Free;0
AF Link;HEALTH_AND_FITNESS;NaN;6;Free;0
AF Nutrition - Integratori;BUSINESS;NaN;0;Free;0
AF Our Time to Shine;SHOPPING;NaN;1;Free;0
パーリーゲイツ公式通販｜EJ STYLE（イージェイスタイル）;VIDEO_PLAYERS;3.3;381023;Free;0
AfreecaTV;MEDICAL;NaN;5;Paid;5
AF-STROKE;MEDICAL;4.5;93;Free;0
AF-STROKE (FREE);PHOTOGRAPHY;4.2;165224;Free;0
AfterFocus;PHOTOGRAPHY;4.3;50893;Free;0
Afterlight;FAMILY;NaN;0;Free;0
Ag Across America;COMMUNICATION;4.5;185;Free;0
AG Contacts;COMMUNICATION;4.5;88;Paid;4,99
AG Contacts;GAME;3.8;164;Free;0
AG Drive 3D;FAMILY;NaN;3;Free;0
AG EMS Tour;AUTO_AND_VEHICLES;NaN;5;Free;0
AG Fast Service Automotive;PRODUCTIVITY;NaN;1;Free;0
Ag Guardian;BOOKS_AND_REFERENCE;3.9;20;Free;0
Ag PhD Deficiencies;BOOKS_AND_REFERENCE;4.1;114;Free;0
Ag PhD Field Guide;BOOKS_AND_REFERENCE;NaN;0;Free;0
Ag PhD Planting Population Calculator;PRODUCTIVITY;2.3;3;Free;0
Ag PhD Soils;BOOKS_AND_REFERENCE;NaN;0;Free;0
Ag PhD Soybean Diseases;TOOLS;3.7;7;Free;0
AG Screen Recorder;FAMILY;4.4;6738;Free;0
AG Subway Simulator Lite;FAMILY;4.5;623;Paid;0,99
AG Subway Simulator Mobile;FAMILY;NaN;0;Free;0
AG Subway Simulator Pro;TOOLS;NaN;3;Free;0
AG test;TOOLS;NaN;2;Free;0
Ag Tools;TOOLS;4.1;12;Free;0
AG Track;PRODUCTIVITY;NaN;0;Free;0
Ag Trucking Mobile App;BUSINESS;5;6;Free;0
Ag Valley Cooperative;WEATHER;NaN;0;Free;0
Ag Weather Tools;GAME;4.2;3816799;Free;0
Agar.io;GAME;4.2;3815614;Free;0
Agar.io;TOOLS;4.4;24265;Free;0
Age Calculator;FAMILY;4.6;71;Paid;2,49
Age of AI: War Strategy;FAMILY;4.5;659;Paid;3,99
Age of Conquest: N. America;FAMILY;4.3;1894;Free;0
Age of Procreation DX;FAMILY;3.4;79;Free;0
Agenda EF;FAMILY;4.1;1060;Free;0
Agent HQ for The Division;TRAVEL_AND_LOCAL;4.6;263525;Free;0
Agoda – Hotel Booking Deals;BUSINESS;NaN;0;Free;0
Ag-Power;BUSINESS;NaN;0;Free;0
Ag-Pro Companies;FAMILY;NaN;3;Free;0
Ah !;TOOLS;3.9;7;Paid;4,99
AH Alarm Panel;FAMILY;NaN;10;Free;0
Ah Bailar;HEALTH_AND_FITNESS;3.4;5;Free;0
AH Connect (Adventist Health);FAMILY;NaN;2;Free;0
Ah Ha Block;PERSONALIZATION;4.6;644;Free;0
AH Kollection for KLWP;MEDICAL;NaN;3;Free;0
AH Lake Villa;MEDICAL;NaN;0;Free;0
AH of Rocky Hill;SPORTS;3.5;1689;Free;0
Ah! Bird;GAME;3.4;256;Free;0
Ah! Coins;FAMILY;3.9;536;Free;0
Ah! Cutie;FAMILY;4.1;1998;Free;0
Ah! Monster;FAMILY;NaN;11;Free;0
AH! Soundboard;GAME;3.8;1088;Free;0
AH-1 Viper Cobra Ops - helicopter flight simulator;TOOLS;4;97;Free;0
AI Benchmark;PHOTOGRAPHY;3;20;Paid;2,99
AI Draw | Art Filter for Selfie;BEAUTY;3.1;40;Free;0
AI Face Beauty Analysis - IntelliFace (Free);TOOLS;4;66;Free;0
Ai File Viewer;ART_AND_DESIGN;3.4;486;Free;0
Ai illustrator viewer;PHOTOGRAPHY;NaN;0;Free;0
AI Image Recognizer (beta);EDUCATION;NaN;776;Free;0
Ai La Trieu Phu - ALTP Free;PERSONALIZATION;4.7;1891;Free;0
ai robot keyboard;PRODUCTIVITY;3.5;43;Free;0
AI Sight;NEWS_AND_MAGAZINES;5;43;Free;0
AI Today : Artificial Intelligence News & AI 101;FAMILY;4.4;8;Free;0
AI with Python Tutorial;PRODUCTIVITY;NaN;0;Free;0
ai.Bot Box;PERSONALIZATION;4.3;647844;Free;0
ai.type Free Emoji Keyboard;PERSONALIZATION;4.3;647721;Free;0
ai.type Free Emoji Keyboard;TOOLS;4.5;57076;Paid;4,49
ai.type keyboard Plus + Emoji;PHOTOGRAPHY;2.7;90;Paid;2,99
Ai-Ball AV Recorder;FAMILY;NaN;0;Paid;2,99
Ain Arabic Kids Alif Ba ta;PRODUCTIVITY;4;11;Free;0
Air Conditioner Maintenance;TOOLS;3.4;29854;Free;0
Air conditioner remote control;MAPS_AND_NAVIGATION;4.3;14110;Free;0
Air Traffic;TRAVEL_AND_LOCAL;2.2;83;Free;0
Air Transat CinePlus B;TRAVEL_AND_LOCAL;3.9;98585;Free;0
AirAsia;TRAVEL_AND_LOCAL;4.4;359403;Free;0
Airbnb;TRAVEL_AND_LOCAL;4.4;359560;Free;0
Airbnb;FAMILY;4.1;83427;Free;0
Airplane Fly Hawaii;FAMILY;4.1;182363;Free;0
Airplane Pilot Car Transporter;TRAVEL_AND_LOCAL;4.2;6762;Free;0
Airport + Flight Tracker Radar;BUSINESS;3.1;20973;Free;0
AirWatch Agent;BUSINESS;2.7;8346;Free;0
AirWatch Inbox;MEDICAL;4.3;123;Free;0
Airway Ex - Intubate. Anesthetize. Train.;MEDICAL;4.3;123;Free;0
Airway Ex - Intubate. Anesthetize. Train.;FAMILY;4.5;1564;Free;0
AJ Academy: Amazing Animals;LIFESTYLE;NaN;0;Free;0
AJ and Alyssa;AUTO_AND_VEHICLES;NaN;0;Free;0
AJ AUTO;FINANCE;2.8;135;Free;0
AJ Bell Youinvest;PERSONALIZATION;5;4;Paid;0,99
AJ Blue Icon Pack;PHOTOGRAPHY;5;44;Free;0
AJ Cam;HOUSE_AND_HOME;NaN;0;Free;0
AJ Concept Group App;NEWS_AND_MAGAZINES;NaN;9;Free;0
Aj Di Awaaz;PERSONALIZATION;5;2;Paid;0,99
AJ Gray Dark Icon Pack;PERSONALIZATION;4.8;5;Paid;0,99
AJ Gray Icon Pack;GAME;4.4;2975;Paid;1,99
AJ Jump: Animal Jam Kangaroos!;BOOKS_AND_REFERENCE;NaN;1;Free;0
A-J Media Vault;LIFESTYLE;5;2;Free;0
AJ Men's Grooming;SHOPPING;NaN;1;Free;0
AJ Nails Supply;FAMILY;4.6;31;Free;0
AJ Official;PERSONALIZATION;NaN;0;Paid;0,99
AJ Orange Icon Pack;SHOPPING;4.4;134;Free;0
AJ Percent Off Calculator;VIDEO_PLAYERS;4.8;18;Free;0
AJ Player;FAMILY;5;1;Free;0
AJ Rafael Music Lessons;FAMILY;NaN;0;Free;0
AJ Rafael Music Lyrics;MAPS_AND_NAVIGATION;NaN;0;Free;0
AJ Reminders;SHOPPING;5;9;Free;0
AJ RETAILS;ART_AND_DESIGN;4.8;48;Free;0
AJ Styles HD Wallpapers;ART_AND_DESIGN;4;18;Free;0
AJ Styles Wallpaper 2018 - AJ Styles HD Wallpaper;FAMILY;NaN;0;Free;0
AJ Tracey Music and Lyrics;PERSONALIZATION;NaN;0;Paid;0,99
AJ Turquoise Dark Icon Pack;PERSONALIZATION;NaN;0;Free;0
AJ Wallpapers;NEWS_AND_MAGAZINES;NaN;0;Free;0
Aj. Vallbona;COMMUNICATION;NaN;5;Free;0
Aj.Petra;NEWS_AND_MAGAZINES;NaN;0;Free;0
AJ+ Beta;FOOD_AND_DRINK;NaN;0;Free;0
AJ-COMICS;MAPS_AND_NAVIGATION;NaN;0;Free;0
AJ렌터카 법인 카셰어링;PERSONALIZATION;NaN;1;Free;0
AK 47 Assault Rifle Wallpapers;PERSONALIZATION;4.2;322;Free;0
AK 47 Guns Wallpaper;PERSONALIZATION;4.1;585;Free;0
AK 47 Live Wallpaper;PERSONALIZATION;4.6;5;Free;0
AK 47 Lock Screen;GAME;NaN;4;Free;0
AK Blackjack;TOOLS;3.8;71;Free;0
AK Booster;FAMILY;4.3;734;Free;0
AK Interactive;VIDEO_PLAYERS;4.9;23;Free;0
AK Lodi Films;FAMILY;3.6;283;Free;0
AK Math Coach;SOCIAL;NaN;0;Paid;13,99
Ak Parti Yardım Toplama;COMMUNICATION;4.4;9;Free;0
AK Phone;GAME;3.7;91;Free;0
AK-47 3D;TOOLS;3.9;54;Free;0
AK47 Assault Rifle;FAMILY;3.7;165;Free;0
AK-47 Assault Rifle;GAME;NaN;1;Free;0
AK-47 Assult Rifle: Gun Shooting Simulator Game;FAMILY;NaN;2;Free;0
AK-47 guns Sounds;FAMILY;NaN;2;Free;0
AK-47 Simulation and Info;FAMILY;3.9;656;Free;0
AK-47 Sounds;FAMILY;3.9;7;Free;0
AK-47 sounds;PERSONALIZATION;NaN;7;Free;0
Ak-47 Wallpapers 2018;FAMILY;4;345;Free;0
AK-47: Simulator and Shooting;TOOLS;2.4;99;Free;0
AKASO DV;FAMILY;4.3;1805398;Free;0
Akinator;FAMILY;NaN;0;Free;0
Ako ay may lobo Pinoy Kid Song Offline;NEWS_AND_MAGAZINES;4.1;24456;Free;0
Al Jazeera English;FAMILY;4.6;9952;Free;0
Al jazeera TV;NEWS_AND_MAGAZINES;4.7;13620;Free;0
Al Mayadeen;BOOKS_AND_REFERENCE;4.8;57400;Free;0
Al Quran (Tafsir & by Word);BOOKS_AND_REFERENCE;4.5;96419;Free;0
Al Quran : EAlim - Translations & MP3 Offline;BOOKS_AND_REFERENCE;4.6;41608;Free;0
Al Quran Al karim;FAMILY;4.7;7878;Free;0
Al Quran Audio (Full 30 Juz);BOOKS_AND_REFERENCE;4.7;1777;Free;0
Al Quran Free - القرآن (Islam);BOOKS_AND_REFERENCE;4.8;445756;Free;0
Al Quran Indonesia;FAMILY;4.7;47463;Free;0
Al Quran MP3 - Quran Reading®;PRODUCTIVITY;3.6;4832;Free;0
AL Voice Recorder;NEWS_AND_MAGAZINES;3.4;803;Free;0
AL.com;SPORTS;4.5;459;Free;0
AL.com: Alabama Football News;FINANCE;NaN;0;Free;0
Alabama Ag Credit Ag Banking;FAMILY;4.3;218;Free;0
Alabama DMV Permit Test - AL;SPORTS;4.7;19;Free;0
Alabama Gameday Live;TRAVEL_AND_LOCAL;4.4;71;Free;0
Alabama Road Trips;LIFESTYLE;3.2;5;Free;0
Alachua County Sheriff FL;TOOLS;4.3;114788;Free;0
Alarm Clock;TOOLS;4;59973;Free;0
Alarm Clock Free;LIFESTYLE;4.4;155693;Free;0
Alarm Clock Plus★;PRODUCTIVITY;4.5;870928;Free;0
Alarm Clock: Stopwatch & Timer;SOCIAL;4.4;19;Free;0
Alarm.fo – choose your info;LIFESTYLE;4.8;10249;Paid;2,49
Alarmy (Sleep If U Can) - Pro;BUSINESS;4;8941;Free;0
Alba Heaven - Alvarez Job Portal Services;FAMILY;4.6;20178;Free;0
Alchemy Classic Ad Free;BOOKS_AND_REFERENCE;4.2;210534;Free;0
Aldiko Book Reader;FAMILY;NaN;14;Free;0
Alerte au gogol;GAME;NaN;9;Free;0
Alex & Co Quiz;TOOLS;4.9;19;Free;0
Alex Fuel Calculator for EK;FINANCE;4;44545;Free;0
Alfa-Bank (Alfa-Bank);HOUSE_AND_HOME;4.5;103305;Free;0
Alfred Home Security Camera;PARENTING;NaN;36;Free;0
Ali Baba's Farm Tutorial Kids Games;SHOPPING;4.6;5916606;Free;0
AliExpress - Smarter Shopping;SHOPPING;4.6;5916569;Free;0
AliExpress - Smarter Shopping;SHOPPING;4.6;5917485;Free;0
AliExpress - Smarter Shopping;SHOPPING;4.6;5911055;Free;0
AliExpress - Smarter Shopping;FAMILY;NaN;1;Paid;1,99
Alif Ba Ta Bullseye;FAMILY;4.5;227;Free;0
Alif Ba Ta Song - Arabic Kids;FINANCE;3.4;42497;Free;0
Alipay;FAMILY;4.5;197;Paid;2,99
Alizay;FAMILY;NaN;0;Free;0
All AJK Board Matric Fa Fsc Results;FAMILY;4.7;2387;Free;0
All C Programs;COMMUNICATION;4.1;20901;Free;0
All Email Providers;EVENTS;4;3782;Free;0
All Events in City;SPORTS;4.6;152867;Free;0
All Football - Latest News & Videos;SPORTS;4.6;152653;Free;0
All Football - Latest News & Videos;SPORTS;4.6;1981;Free;0
All Football GO- Live Score;FAMILY;4.7;15;Free;0
All Info about Cg;TOOLS;4;29944;Free;0
All Language Translator;BOOKS_AND_REFERENCE;4.4;30105;Free;0
All Language Translator Free;BOOKS_AND_REFERENCE;4.4;2709;Free;0
All Maths Formulas;MEDICAL;4.5;453;Free;0
All Mental disorders;MEDICAL;4.5;453;Free;0
All Mental disorders;AUTO_AND_VEHICLES;4;1754;Free;0
All of the parking lot - National Park application (parking lot search / parking sharing / discount payment);SOCIAL;4.2;22492;Free;0
All Social Networks;SOCIAL;4.2;22650;Free;0
All Social Networks;FAMILY;NaN;0;Free;0
All Star Of CW;SHOPPING;4.7;68;Free;0
All States Ag Parts;LIFESTYLE;4.3;45;Free;0
All Type Ac Repair & Services;FAMILY;4.3;1853;Free;0
All Type DP;PHOTOGRAPHY;4.5;16;Free;0
All Types DP & Status Maker;VIDEO_PLAYERS;3.8;165723;Free;0
All Video Downloader;VIDEO_PLAYERS;4.3;7557;Free;0
All Video Downloader 2018;TRAVEL_AND_LOCAL;3.1;5572;Free;0
Allegiant;HOUSE_AND_HOME;3.8;874;Free;0
allhomes.com.au;FAMILY;4.4;38;Paid;0,99
All-in-One Mahjong 3;FAMILY;4.5;566;Free;0
All-in-One Mahjong 3 FREE;PRODUCTIVITY;4.7;167406;Free;0
ALL-IN-ONE PACKAGE TRACKING;PRODUCTIVITY;4.7;536926;Free;0
All-In-One Toolbox: Cleaner;HEALTH_AND_FITNESS;NaN;0;Paid;0,99
All-night drugstore CI & Price;FOOD_AND_DRINK;4.5;61881;Free;0
Allrecipes Dinner Spinner;BUSINESS;4.1;15;Free;0
Allsetra B.V.;HEALTH_AND_FITNESS;4.3;16943;Free;0
AllTrails: Hiking;LIFESTYLE;4.6;284670;Free;0
Al-Moazin Lite (Prayer Times);BOOKS_AND_REFERENCE;4.7;2319;Free;0
Al-Muhaffiz;MAPS_AND_NAVIGATION;4.3;1240;Free;0
Alopec - Online Shipping System;FAMILY;4;51;Free;0
ALPHA - Artificial Intelligence;FINANCE;4.7;39;Free;0
Alpha Bank CY;PERSONALIZATION;4.5;2;Free;0
"Alphabet ""H"" Passcode Lock Screen";FAMILY;3.9;306;Free;0
Alphabet A-Z;BOOKS_AND_REFERENCE;4.6;218451;Free;0
Al-Quran (Free);BOOKS_AND_REFERENCE;4.5;12322;Free;0
Al-Quran 30 Juz free copies;FAMILY;4.7;7116;Free;0
Al-Quran Ahmad Saud Offline;FAMILY;4.5;199;Free;0
Al-Quran Al-Muallim;BOOKS_AND_REFERENCE;4.6;361780;Free;0
Al'Quran Bahasa Indonesia;BOOKS_AND_REFERENCE;4.7;1340;Paid;4,49
Al'Quran Bahasa Indonesia PRO;BOOKS_AND_REFERENCE;4.6;90468;Free;0
AlReader -any text book reader;PRODUCTIVITY;4;499;Free;0
Alt-C;GAME;4.6;515657;Free;0
Alto's Adventure;GAME;4.6;515240;Free;0
Alto's Adventure;SOCIAL;NaN;2;Free;0
Alumni BJ;SHOPPING;4.5;32014;Free;0
Alzashop.com;COMMUNICATION;NaN;4;Free;0
Amadeus GR & CY;VIDEO_PLAYERS;4.3;1215;Free;0
amazer - Global Kpop Video Community;FAMILY;4.2;34;Free;0
Amazing CG Backgrounds;FAMILY;4;28136;Free;0
Amazing Fart Sounds;PRODUCTIVITY;4.4;18669;Free;0
Amazon Drive;SHOPPING;4;141613;Free;0
Amazon for Tablets;SHOPPING;4;141584;Free;0
Amazon for Tablets;PARENTING;4.2;2715;Free;0
Amazon FreeTime – Kids’ Videos;BOOKS_AND_REFERENCE;4.2;814080;Free;0
Amazon Kindle;BOOKS_AND_REFERENCE;4.2;814151;Free;0
Amazon Kindle;ENTERTAINMENT;4.2;411683;Free;0
Amazon Prime Video;SHOPPING;4.3;909226;Free;0
Amazon Shopping;SHOPPING;4.3;909204;Free;0
Amazon Shopping;SHOPPING;4.3;908525;Free;0
Amazon Shopping;WEATHER;4.4;260137;Free;0
Amber Weather;BUSINESS;NaN;0;Free;0
Ambient CX;FAMILY;4.3;6669;Free;0
Ambulance Rescue Simulator 17;FAMILY;3.9;29415;Free;0
Ambulance Simulator 3D;DATING;3.5;2;Paid;7,99
AMBW Dating App: Asian Men Black Women Interracial;FAMILY;3.2;20843;Free;0
AMC;ENTERTAINMENT;4.3;44550;Free;0
AMC Theatres;TRAVEL_AND_LOCAL;3.7;16980;Free;0
American Airlines;TRAVEL_AND_LOCAL;3.7;16980;Free;0
American Airlines;TRAVEL_AND_LOCAL;3.7;16973;Free;0
American Airlines;DATING;5;5;Free;0
American Girls Mobile Numbers;AUTO_AND_VEHICLES;3.9;129;Free;0
American Muscle Car Race;GAME;4.1;395;Free;0
American Sniper City Fight Shooting Assassin;FINANCE;4.3;24729;Free;0
Amex Mobile;SOCIAL;4.8;1259075;Free;0
Amino: Communities and Chats;SOCIAL;4.8;1264084;Free;0
Amino: Communities and Chats;SOCIAL;NaN;0;Free;0
Amleen Ey;FINANCE;NaN;0;Paid;5,99
amm dz;EVENTS;NaN;5;Free;0
AMM Events & CPD;TRAVEL_AND_LOCAL;3.7;16815;Free;0
Amtrak;GAME;4.7;15;Paid;0,99
An Elite Warrior Ex;TOOLS;4;202;Free;0
Analog and Digital Clock AW-7;TOOLS;NaN;4;Paid;1,99
Analog and Digital Clock AW-7PRO;PHOTOGRAPHY;NaN;2;Free;0
Analog BW - Camera filter effect foto film retouch;TOOLS;4.2;725;Free;0
Analog Clock AW Plus-7;TOOLS;4.3;2158;Free;0
Analog Clock AW-7;TOOLS;3.3;40;Paid;1,99
Analog Clock AW-7 PRO;MEDICAL;5;1;Free;0
Anatomy & Physiology Vocabulary Exam Review App;MEDICAL;4.5;72167;Free;0
Anatomy Learning - 3D Atlas;MEDICAL;4.1;80;Paid;14,99
AnatomyMapp;MEDICAL;4.1;80;Paid;14,99
AnatomyMapp;BOOKS_AND_REFERENCE;4.3;64513;Free;0
Ancestry;FINANCE;4.5;175;Free;0
AND CO;AUTO_AND_VEHICLES;4.2;271920;Free;0
Android Auto - Maps;COMMUNICATION;4.2;781810;Free;0
Android Messages;COMMUNICATION;4.2;781810;Free;0
Android Messages;PERSONALIZATION;4.6;29;Paid;1,99
Android P | Xperia™ Theme 4800+ icons;PERSONALIZATION;3;12;Free;0
Android P 9.0;PERSONALIZATION;NaN;0;Paid;1,49
Android P Home KLWP;TOOLS;4;164;Free;0
Android P Launcher 9.0 launcher;TOOLS;4.5;502;Free;0
Android P Rotation;PERSONALIZATION;4.5;16;Free;0
Android P Stock Wallpapers;PERSONALIZATION;5;1;Paid;0,99
Android P Style Icon Pack;PERSONALIZATION;3.6;53;Free;0
Android P Wallpapers;TOOLS;NaN;1;Free;0
Android TV Remote Service;PERSONALIZATION;4.5;61;Free;0
Android-P Mono Grey EMUI 8/5 Theme;PRODUCTIVITY;4.2;277794;Free;0
AndroZip™ FREE File Manager;VIDEO_PLAYERS;4.3;38607;Free;0
AndStream - Streaming Download;MEDICAL;NaN;0;Free;0
Angelcare AH;GAME;3.9;108336;Free;0
Angelo Rules - Crazy day;GAME;4.5;549039;Free;0
Anger of stick 5 : zombie;GAME;4.5;547644;Free;0
Anger of stick 5 : zombie;FAMILY;4.6;3881752;Free;0
Angry Birds 2;GAME;4.6;3883589;Free;0
Angry Birds 2;FAMILY;4.6;253115;Free;0
Angry Birds Blast;GAME;4.4;5566669;Free;0
Angry Birds Classic;GAME;4.4;5566805;Free;0
Angry Birds Classic;GAME;4.4;5566889;Free;0
Angry Birds Classic;GAME;4.4;5566908;Free;0
Angry Birds Classic;GAME;4.4;5565856;Free;0
Angry Birds Classic;FAMILY;4.5;2634605;Free;0
Angry Birds Epic RPG;FAMILY;4.5;384602;Free;0
Angry Birds Evolution;GAME;4.2;829753;Free;0
Angry Birds Friends;GAME;4.2;3846378;Free;0
Angry Birds Go!;FAMILY;4.7;227401;Free;0
Angry Birds Match;FAMILY;4.5;596628;Free;0
Angry Birds POP Bubble Shooter;GAME;4.4;2610526;Free;0
Angry Birds Rio;GAME;4.4;2610622;Free;0
Angry Birds Rio;GAME;4.4;2610680;Free;0
Angry Birds Rio;GAME;4.4;2610328;Free;0
Angry Birds Rio;GAME;4.5;43645;Free;0
Angry Birds Space HD;GAME;4.3;1218055;Free;0
Angry Birds Star Wars;FAMILY;4;73185;Free;0
Angry Shark 2016;GAME;NaN;0;Free;0
Animal Hunting: Sniper Shooting;FAMILY;4.6;361970;Free;0
Animal Jam - Play Wild!;FAMILY;4.6;361734;Free;0
Animal Jam - Play Wild!;ENTERTAINMENT;4.2;2442;Free;0
Animal Planet GO;ART_AND_DESIGN;4.1;203;Free;0
Animated Photo Editor;LIFESTYLE;4.2;10944;Free;0
Anime Avatar Creator: Make Your Own Avatar;SOCIAL;4.8;3782;Free;0
Anime et Manga Amino en Français;FAMILY;4.7;54;Free;0
Anime Expo 2018;FAMILY;4.7;198480;Free;0
Anime Love Story Games: ✨Shadowtime✨;ART_AND_DESIGN;4.5;5035;Free;0
Anime Manga Coloring Book;BOOKS_AND_REFERENCE;NaN;0;Free;0
Anime Mod for BM;PERSONALIZATION;4.7;32613;Free;0
Anime X Wallpaper;FAMILY;3.3;10449;Free;0
Ankle Surgery ER Emergency;FAMILY;4.8;17;Paid;3,99
Anna.K Tarot;FAMILY;3.5;33944;Free;0
Anno: Build an Empire;SHOPPING;NaN;14;Free;0
Annonces.ci;BOOKS_AND_REFERENCE;NaN;161;Free;0
Anonymous caller detection;GAME;4.2;1185148;Free;0
Ant Smasher by Best Cool & Fun Games;TOOLS;4.2;522;Free;0
Antenna Tool;TOOLS;4.5;14;Paid;0,99
Antenna Tool Premium;COMMUNICATION;4.3;15439;Free;0
AntennaPict β;MEDICAL;2.7;2657;Free;0
Anthem Anywhere;MEDICAL;2.7;2657;Free;0
Anthem Anywhere;MEDICAL;2.6;496;Free;0
Anthem BC Anywhere;MEDICAL;2.6;496;Free;0
Anthem BC Anywhere;TOOLS;3.9;18751;Free;0
Anti Adware;MEDICAL;4.2;74;Paid;1,5
Anti Mosquito simulation;COMMUNICATION;4.4;2939;Free;0
Antillean Gold Telegram (original version);TOOLS;4.6;351267;Free;0
Antivirus & Mobile Security;TOOLS;4.5;1094094;Free;0
Anti-virus Dr.Web Light;PRODUCTIVITY;4.5;298843;Free;0
Any.do: To-do list;PRODUCTIVITY;4.5;298854;Free;0
Any.do: To-do list;PRODUCTIVITY;4.5;298854;Free;0
Any.do: To-do list;FAMILY;3.5;14145;Free;0
ao;GAME;4.3;1305050;Free;0
► MultiCraft ― Free Miner! 👍;GAME;4.1;21223;Free;0
Ao Oni2;EVENTS;4;9;Free;0
AO Player;MEDICAL;4.7;2570;Free;0
AO Surgery Reference;MEDICAL;4.9;25;Free;0
AO/OTA Fracture Classification;BUSINESS;NaN;0;Free;0
AO-EVENT;NEWS_AND_MAGAZINES;4.1;62465;Free;0
AOL - News;NEWS_AND_MAGAZINES;3.6;188;Free;0
AP App for Android™;FAMILY;5;1;Paid;29,99
AP Art History Flashcards;FAMILY;4.6;87;Free;0
AP Biology Prep: Practice Tests;FAMILY;4.4;105;Free;0
AP Biology Study Guide + Quiz;FAMILY;4.2;4;Free;0
AP Calculus BC Practice Test;FAMILY;3.6;5;Free;0
AP Calculus BC: Practice Tests and Flashcards;FAMILY;4.7;55;Free;0
AP Chemistry Prep: Practice Tests and Flashcards;FAMILY;4.5;19;Free;0
AP English Language: Practice Tests and Flashcards;PRODUCTIVITY;4.1;22;Free;0
AP ENPS Mobile;FAMILY;4.7;7;Free;0
AP European History: Practice Tests and Flashcards;FAMILY;3.7;88;Free;0
AP Flashcards;FAMILY;4.7;3;Paid;2,99
AP Government Review;TOOLS;4.5;23;Free;0
AP Installer;TOOLS;4;177;Free;0
AP Manager;FAMILY;3.7;37;Free;0
AP Math & Computer Science;FAMILY;4.6;117;Free;0
AP Mobile;NEWS_AND_MAGAZINES;4.5;76677;Free;0
AP Mobile - Breaking News;NEWS_AND_MAGAZINES;4.5;76616;Free;0
AP Mobile - Breaking News;BUSINESS;NaN;0;Free;0
AP Mobile 104;FAMILY;4.4;29;Free;0
AP Physics 1 Prep: Practice Tests and Flashcards;FAMILY;2.9;45;Free;0
AP Planner;FAMILY;4.5;242;Free;0
AP Psychology Prep: Practice Tests and Flashcards;FAMILY;NaN;0;Paid;1,99
AP Series Solution Pro;BOOKS_AND_REFERENCE;3.4;82;Free;0
AP Stamps and Registration;FAMILY;4.2;19;Free;0
AP Statistics Prep: Practice Tests and Flashcards;PERSONALIZATION;3.6;5;Paid;1,49
AP Themes for Kustom/KLWP;TOOLS;4.2;676;Free;0
Ap Video Downloader for fb New 2018;TOOLS;4.7;3;Paid;2,99
ap wifi testing iperf;FAMILY;4.8;21;Free;0
AP World History: Practice Tests and Flashcards;FAMILY;5;3;Free;0
AP® Guide;PRODUCTIVITY;NaN;5;Free;0
APagri CD;HOUSE_AND_HOME;3.9;10117;Free;0
Apartment;HOUSE_AND_HOME;3.9;1478;Free;0
Apartment Decorating Ideas;HOUSE_AND_HOME;4.5;8481;Free;0
Apartment List: Housing;HOUSE_AND_HOME;4.5;8481;Free;0
Apartment List: Housing;HOUSE_AND_HOME;4.2;27386;Free;0
Apartments & Rentals - Zillow;HOUSE_AND_HOME;4.2;27387;Free;0
Apartments & Rentals - Zillow;HOUSE_AND_HOME;4.3;22584;Free;0
Apartments.com Rental Search;HOUSE_AND_HOME;4.3;22584;Free;0
Apartments.com Rental Search;WEATHER;4.3;20008;Free;0
APE Weather ( Live Forecast);PERSONALIZATION;4.3;266401;Free;0
Apex Launcher;PERSONALIZATION;4.3;266402;Free;0
Apex Launcher;PERSONALIZATION;4.3;266434;Free;0
Apex Launcher;LIBRARIES_AND_DEMO;3.8;7750;Free;0
Apk Installer;TOOLS;3.7;3743;Free;0
APN Settings;SPORTS;4.6;688;Free;0
APOEL FC;LIFESTYLE;4.3;707;Free;0
App for Craigslist Pro - Buy & Sell Postings;TOOLS;4.5;37607;Free;0
App Lock: Locker w/ fingerprint;FINANCE;2.3;251;Free;0
App Seguridad AV Villas;TOOLS;3.4;25094;Free;0
App vault;TOOLS;3.7;9221;Free;0
AppBrain Ad Detector;PARENTING;3.5;159;Free;0
AppClose - The #1 FREE Co-Parenting App;TOOLS;2;2221;Free;0
AppFinder by AppTap;NEWS_AND_MAGAZINES;3.4;41490;Free;0
Apple Daily Apple News;TOOLS;4.4;4934130;Free;0
Applock;TOOLS;4.4;4931562;Free;0
AppLock;TOOLS;4.4;745245;Free;0
AppLock - Fingerprint;TOOLS;4.5;112482;Free;0
AppLock - Fingerprint Unlock;TOOLS;3.5;315;Free;0
Apps Ads Detector;SPORTS;NaN;0;Free;0
Apps for SportsBєtting.ag - Bitcoin Welcome here!;LIFESTYLE;NaN;0;Free;0
Aproveita DF;PRODUCTIVITY;4.6;1048766;Free;0
APUS Booster - Space Cleaner & Booster;TOOLS;4.1;498894;Free;0
APUS File Manager (Explorer);PERSONALIZATION;4.5;5783441;Free;0
APUS Launcher - Theme;MEDICAL;3.9;265;Free;0
AQ Aspergers Test;SPORTS;NaN;0;Free;0
AQ Coach;HEALTH_AND_FITNESS;NaN;0;Free;0
AQ Dentals;PRODUCTIVITY;NaN;0;Free;0
AQ Guards;FAMILY;NaN;1;Paid;2,99
AQ Math Facts;FAMILY;5;4;Free;0
AQ Ria Retail;BUSINESS;NaN;4;Free;0
AQ Service;TOOLS;NaN;0;Free;0
AQ SMS Notify;TOOLS;NaN;0;Free;0
AQ wisdom +;FAMILY;NaN;0;Free;0
AQ: First Contact;LIFESTYLE;4.9;206;Free;0
Aquarium Co-Op Podcast;FAMILY;4.5;11;Free;0
Aqw&3d Design Notes Manager;FAMILY;NaN;0;Free;0
AR Dragon Pet;PHOTOGRAPHY;4.2;79792;Free;0
AR effect;FAMILY;3.2;1354;Free;0
AR Remote Car;FAMILY;3.6;284;Free;0
AR Sport Cars;GAME;3.6;153;Free;0
AR Tank Battle;FAMILY;3.8;20;Free;0
AR Toybox - Augmented Reality Demos;FAMILY;4.5;153;Free;0
AR Toys: Playground Sandbox | Remote Car;EVENTS;4.8;28;Free;0
Arab Halls - For Wedding & Events;FAMILY;4.5;226;Free;0
Arabic Alif Ba Ta For Kids;FAMILY;4.6;66;Free;0
Arabic Alphabet Alif Ba Ta Wooden Blocks;PARENTING;NaN;34;Free;0
Arabic Alphabets;PARENTING;4.4;162;Free;0
Arabic Chat - Chat;FOOD_AND_DRINK;3.1;194;Free;0
Arby's;GAME;4.5;6026;Free;0
Archery Physics Objects Destruction Apple shooter;COMICS;3.8;5084;Free;0
Archie Comics;PRODUCTIVITY;4;2131;Free;0
Archos File Manager;GAME;3.8;469;Free;0
Arcraft - AR Sandbox;GAME;4.4;438911;Free;0
Arena of Valor: 5v5 Arena Game;NEWS_AND_MAGAZINES;4.1;20;Free;0
Ariana News AF;FAMILY;4.2;109;Free;0
Arizona DMV Permit Test - AZ;FAMILY;4.3;285;Free;0
Arizona Mobile;BOOKS_AND_REFERENCE;3.9;9;Free;0
Arizona Statutes;TRAVEL_AND_LOCAL;4.7;65;Free;0
Arizona Trail;GAME;3.8;51523;Free;0
ARK: Survival Evolved;LIFESTYLE;4.1;305;Free;0
Armani Exchange Connected;GAME;4.2;1012;Free;0
Armed Cam Gun Pack;GAME;4;7718;Free;0
Armored Warfare: Assault;FAMILY;4.5;85015;Free;0
Army of Heroes;MEDICAL;3.6;18;Free;0
Arogyam EH;LIFESTYLE;NaN;2;Free;0
Arrayanes EC;MEDICAL;NaN;3;Paid;1
Arrhythmias and Dysrhythmias;GAME;4.5;343263;Free;0
Arrow.io;MEDICAL;5;3;Free;0
Arrowhead AH App;ART_AND_DESIGN;4.1;227;Free;0
Art Drawing Ideas;VIDEO_PLAYERS;NaN;2;Free;0
Art of F J Taylor;FAMILY;4.5;992;Free;0
Art Pixel Coloring. Color by Number.;FAMILY;3.9;339;Free;0
Artificial Intelligence;FAMILY;NaN;3;Free;0
Artificial intelligence;PHOTOGRAPHY;4.1;41;Paid;1,49
Arto: f.infrared photo;TOOLS;4.3;1602;Free;0
ARuler - AR Ruler app;NEWS_AND_MAGAZINES;4.4;2959;Free;0
ARY NEWS;NEWS_AND_MAGAZINES;4.4;1071;Free;0
ARY NEWS URDU;NEWS_AND_MAGAZINES;NaN;0;Free;0
AS - Diario online deportivo. Fútbol;SPORTS;3.7;20879;Free;0
AS - News and sports results.;SPORTS;4.1;4374;Free;0
AS Guía de las Ligas 2017-2018;NEWS_AND_MAGAZINES;3.1;735;Free;0
Asahi Shimbun Digital;BUSINESS;4.3;20815;Free;0
Asana: organize team projects;BUSINESS;4.3;20815;Free;0
Asana: organize team projects;TRAVEL_AND_LOCAL;4.1;890;Free;0
Ascape VR: 360° Virtual Travel;MEDICAL;4.5;63;Paid;9,99
ASCCP Mobile;MEDICAL;4.5;63;Paid;9,99
ASCCP Mobile;FAMILY;NaN;0;Free;0
ASCP® CG Exam Flashcards 2018;MEDICAL;5;2;Free;0
Asha Ek Hope - ALS/ MND;PERSONALIZATION;4.6;26;Paid;2,49
Asiimov Skin - CS GO Icon Pack;SHOPPING;4.7;181798;Free;0
ASOS;SHOPPING;4.7;181823;Free;0
ASOS;GAME;4.5;8389714;Free;0
Asphalt 8: Airborne;GAME;4.5;567984;Free;0
Asphalt Xtreme: Rally Racing;MEDICAL;4.4;15;Paid;3,99
ASRA Coags;GAME;3.7;42529;Paid;1,99
Assassin's Creed Identity;GAME;4.1;52163;Free;0
Assault Line CS Online Fps Go;FAMILY;3.8;1745;Free;0
Assemblr - Create 3D Models (Sandbox AR);FINANCE;4.7;3290;Free;0
Associated Credit Union Mobile;MEDICAL;2.4;32;Free;0
Aster DM Healthcare;PERSONALIZATION;4.1;157495;Free;0
Asteroids 3D live wallpaper;PRODUCTIVITY;4.2;102451;Free;0
ASUS Calling Screen;PERSONALIZATION;4.4;43960;Free;0
ASUS Cover for ZenFone 2;PHOTOGRAPHY;4.3;125259;Free;0
ASUS Gallery;PHOTOGRAPHY;4.4;626366;Free;0
ASUS PixelMaster Camera;PRODUCTIVITY;4.5;23089;Free;0
ASUS Quick Memo;TOOLS;4.5;34126;Free;0
ASUS Sound Recorder;PRODUCTIVITY;4.5;26559;Free;0
ASUS SuperNote;GAME;4;59223;Free;0
Asylum Night Shift - Five Nights Survival;HOUSE_AND_HOME;3.8;2496;Free;0
At home - rental · real estate · room finding application such as apartment · apartment;COMMUNICATION;4.2;6454;Free;0
AT&T Call Protect;LIFESTYLE;4.1;10067;Free;0
AT&T Digital Life;MAPS_AND_NAVIGATION;3.3;8465;Free;0
AT&T DriveMode;TOOLS;3.5;21592;Free;0
AT&T FamilyMap®;COMMUNICATION;3.3;3044;Free;0
AT&T Messages for Tablet;PRODUCTIVITY;4.6;22775;Free;0
AT&T Mobile Transfer;TRAVEL_AND_LOCAL;3.6;32862;Free;0
AT&T Navigator: Maps;LIFESTYLE;3.8;2300;Free;0
AT&T Smart Limits℠;TOOLS;3.9;18513;Free;0
AT&T Smart Wi-Fi;FAMILY;3.4;2445;Free;0
AT&T THANKS®;FAMILY;3.7;38606;Free;0
AT&T U-verse;COMMUNICATION;3.7;13761;Free;0
AT&T Visual Voicemail;COMMUNICATION;NaN;10;Free;0
ATC Unico BS;BUSINESS;4.7;4162;Free;0
ATI Cargoes and Transportation;MAPS_AND_NAVIGATION;4.2;22063;Free;0
Atlan3D Navigation: Korea navigator;SPORTS;3.7;215;Free;0
Atlanta United FC;FAMILY;4.7;19209;Paid;2,99
Attack the Light;FAMILY;3.2;9126;Free;0
au;FOOD_AND_DRINK;3.7;70;Free;0
Au Bon Pain;COMMUNICATION;4.2;16;Free;0
AU Call Blocker - Block Unwanted Calls Texts 2018;GAME;3.6;16521;Free;0
AU Mobile Indonesia;GAME;3.9;85278;Free;0
Au Mobile: Audition Chính Hiệu;SOCIAL;3.6;58;Free;0
Au Pair;LIFESTYLE;4.4;28;Free;0
Au Pair Legend;FAMILY;4;664;Free;0
AU Results - AU COE Corner;FAMILY;3.8;762;Free;0
AU Results 2017 Auzone;LIFESTYLE;NaN;0;Free;0
Au Rubis les bijoutiers;FAMILY;3.7;681;Free;0
AU Spark;FAMILY;4;97;Free;0
AU Students Zone (Result 2016);WEATHER;4;1185;Free;0
Au Weather Free;GAME;3.6;2433;Free;0
Au-allstar for KR;GAME;4.1;29062;Free;0
Auction Wars : Storage King;FAMILY;4.7;39;Free;0
Audio Murli Glossary For BK;BOOKS_AND_REFERENCE;4.5;568922;Free;0
Audiobooks from Audible;COMMUNICATION;3.4;198;Free;0
AudioBT: BT audio GPS/SMS/Text;TRAVEL_AND_LOCAL;NaN;0;Free;0
Audiowalk EB;BUSINESS;4.1;25195;Free;0
Augment - 3D Augmented Reality;HEALTH_AND_FITNESS;4.2;1140;Free;0
Aunjai i lert u;BEAUTY;NaN;0;Free;0
Aura Hair Group BC;FAMILY;4.3;28151;Free;0
Aurum Blade EX;NEWS_AND_MAGAZINES;4.7;48;Free;0
Australia Newspapers - AU News Apps;SPORTS;NaN;2;Free;0
Austria Wien FK - Fussball - Inoffizielle App;TOOLS;4.3;15070;Free;0
Authy 2-Factor Authentication;PHOTOGRAPHY;4;35188;Free;0
Auto Background Changer;LIBRARIES_AND_DEMO;4.5;929;Free;0
auto Call Recorder 2018;SOCIAL;3.4;44;Free;0
Auto DM for Twitter 🔥;PHOTOGRAPHY;3.8;6;Free;0
Auto Dslr Photo Effect : Auto Focus Effect;AUTO_AND_VEHICLES;4.6;31433;Free;0
auto fines;PRODUCTIVITY;4.2;145088;Free;0
AutoCAD - DWG Viewer & Editor;AUTO_AND_VEHICLES;4.2;25;Free;0
autolina.ch has over 120'000 cars on offer.;TOOLS;4.7;1947;Paid;3,9
Automagic * Automation;TOOLS;4.3;1648515;Free;0
Automatic Call Recorder;TOOLS;3.5;4;Free;0
Autool BT-BOX;LIFESTYLE;3.3;1045;Free;0
autoricardo.ch – vehicles;BUSINESS;NaN;10;Free;0
Autoroute.EU;AUTO_AND_VEHICLES;4.4;186648;Free;0
AutoScout24 - used car finder;AUTO_AND_VEHICLES;4.6;13372;Free;0
AutoScout24 Switzerland – Find your new car;FOOD_AND_DRINK;NaN;0;Free;0
AV Anthony's;FAMILY;4.1;25;Free;0
AV Buddy Free;FAMILY;3.8;6;Free;0
AV HD Video Player;FAMILY;3.5;91;Free;0
AV High School District;LIFESTYLE;4.1;9;Free;0
AV MAX;COMMUNICATION;NaN;4;Free;0
AV Phone;FAMILY;4.3;259;Free;0
AV Phonetics;FAMILY;3.5;174;Free;0
AV Pro Voice Changer;TOOLS;4.4;631;Free;0
AV Tools;TOOLS;4.3;35;Paid;2,49
AV Tools Pro;FAMILY;4.4;1275373;Free;0
Avakin Life - 3D virtual world;TOOLS;4.5;648380;Free;0
Avast Cleanup & Boost;TOOLS;4.5;5180480;Free;0
Avast Mobile Security 2018 - Antivirus & App Lock;PRODUCTIVITY;4.3;37277;Free;0
Avast Wi-Fi Finder;GAME;3.8;159063;Free;0
Avatar Musik;BUSINESS;4.4;21;Free;0
Avaya CX;FAMILY;4;3715;Free;0
Avenger Legends;TOOLS;4.5;6207063;Free;0
AVG AntiVirus 2018 for Android Security;PRODUCTIVITY;4.4;1188154;Free;0
AVG Cleaner – Speed;LIBRARIES_AND_DEMO;3.8;67007;Free;0
Aviary Effects: Classic;LIBRARIES_AND_DEMO;3.5;126862;Free;0
Aviary Stickers: Free Pack;TRAVEL_AND_LOCAL;2.5;862;Free;0
Avios for Android;VIDEO_PLAYERS;4.4;43;Free;0
AV-IPTV;FAMILY;4.6;73;Paid;2,99
Avokiddo Emotions;FAMILY;4.6;73;Paid;2,99
Avokiddo Emotions;FAMILY;NaN;0;Free;0
AW;COMMUNICATION;4;7317;Free;0
AW - free video calls and chat;NEWS_AND_MAGAZINES;4.1;2808;Free;0
AW - Le News di AndroidWorld;TOOLS;4;9;Free;0
AW Browser with Chrome Custom Tabs;TOOLS;NaN;2;Free;0
AW CAMERA;FAMILY;NaN;0;Free;0
AW Connect;FAMILY;NaN;1;Free;0
AW Radio;NEWS_AND_MAGAZINES;4.1;1948;Free;0
AW Reader: news & apps [Dutch];FAMILY;4.8;4;Free;0
Aw Restaurant;VIDEO_PLAYERS;4.3;1659;Free;0
AW Screen Recorder No Root;NEWS_AND_MAGAZINES;4.6;9;Free;0
AW TeamUp;BUSINESS;NaN;3;Paid;19,9
AW Toolbox;BOOKS_AND_REFERENCE;4.2;8;Free;0
AW Tozer Devotionals - Daily;FAMILY;4.6;11;Free;0
AW Training;DATING;5;2;Free;0
Awake Dating;SPORTS;4.5;12;Free;0
Ax 3 Domaines;FINANCE;4.6;4546;Free;0
AX Battery Saver;VIDEO_PLAYERS;4.1;15765;Free;0
AX Player -Nougat Video Player;LIFESTYLE;4.6;10;Free;0
AX Selfie;BUSINESS;NaN;0;Free;0
AX Timesheets App for Dynamics;VIDEO_PLAYERS;4.4;569;Free;0
AX Video Player;PERSONALIZATION;NaN;2;Paid;0,99
AX Watch for WatchMaker;TOOLS;NaN;0;Free;0
AX Window;LIFESTYLE;NaN;5;Free;0
AX!OM;FAMILY;NaN;18;Free;0
Axe;GAME;3.8;141;Free;0
Axe Champ;GAME;NaN;1;Free;0
Axe Champ Hit;GAME;4.4;21;Free;0
Axe Champion;GAME;5;8;Free;0
Axe Champs! Wars;FAMILY;4.3;10446;Free;0
Axe Clicker;GAME;4.5;52;Free;0
Axe Knight;GAME;3.7;53;Free;0
Axe Man;FAMILY;3;2;Free;0
Axe Spinner;GAME;NaN;1;Free;0
Axe Throw: Flip Champ Axes Champion Throwing Games;PERSONALIZATION;4.7;9;Free;0
Axe Wallpaper;GAME;4.2;3845;Free;0
AXE.IO - Brutal Survival Battleground;GAME;4.6;29;Free;0
Axetatic - Axe Throwing Game;TOOLS;NaN;1;Free;0
AX-PIC Pedidos;TOOLS;3.5;17;Free;0
Axxess AX-DSP;TOOLS;3.9;56;Free;0
Axxess Updater;VIDEO_PLAYERS;3.8;11;Free;0
Ay;SHOPPING;5;2;Free;0
A-Y Collection;BUSINESS;NaN;8;Free;0
AY EMLAK;BOOKS_AND_REFERENCE;4.3;72;Free;0
Ay Hasnain k Nana Milad Naat;BOOKS_AND_REFERENCE;4.2;27;Free;0
Ay Mohabbat Teri Khatir Novel;HEALTH_AND_FITNESS;NaN;0;Free;0
AY Oakmont;BUSINESS;NaN;0;Free;0
Ay Peruk;TOOLS;4.3;12;Free;0
AY Recorder - Screen Recorder;BUSINESS;NaN;1;Free;0
AY Recruitment;VIDEO_PLAYERS;NaN;4;Free;0
Ay Sabz Gunbad Waly;BOOKS_AND_REFERENCE;4.8;111;Free;0
AY Sing;LIFESTYLE;NaN;6;Free;0
Ay Telekom Oim;FAMILY;4.5;11;Free;0
Ay Up;GAME;NaN;0;Free;0
Ay Vamos - PJ. Balvin - Piano;PERSONALIZATION;NaN;0;Paid;0,99
Ay Yıldız - Xperia Live Theme;PERSONALIZATION;NaN;37;Free;0
Ay Yıldız Analog Saat;PERSONALIZATION;NaN;3;Free;0
Ay Yıldız Duvar Kağıtları;TOOLS;NaN;26;Free;0
Ay Yıldız Keyboard;FAMILY;4.7;173394;Free;0
Ayat - Al Quran;LIBRARIES_AND_DEMO;3.8;912;Free;0
Ayyush wih wih new without Net;PRODUCTIVITY;3.2;2728;Free;0
A-Z App Store;COMMUNICATION;4.4;1520;Free;0
AZ Browser. Private & Download;PHOTOGRAPHY;3.4;2332;Free;0
AZ Camera - Manual Pro Cam;FAMILY;3.5;24;Free;0
Az Content;MEDICAL;3.7;3;Free;0
AZ Immune Related AEManagement;FAMILY;4.2;97;Free;0
AZ Lottery Players Club;BUSINESS;4.4;16;Free;0
AZ Mobile Gizmo;TOOLS;3.2;24;Free;0
AZ PLAYER HD;LIBRARIES_AND_DEMO;4.2;11087;Free;0
AZ Plugin 2 (newest);FAMILY;4.4;13;Free;0
AZ Practice Test & Questions;FAMILY;4.3;367;Free;0
A-Z Punjabi Songs & Music Videos 2018;TOOLS;2.1;149;Free;0
AZ REMOTE CONTROL;GAME;4.2;162;Free;0
AZ Rockets;VIDEO_PLAYERS;NaN;17;Free;0
A-Z Screen Recorder -;VIDEO_PLAYERS;4.6;751911;Free;0
AZ Screen Recorder - No Root;TOOLS;4;60;Free;0
AZ Screen Recorder pro;FAMILY;4.8;13;Free;0
Az Video Status;SHOPPING;NaN;3;Free;0
AzadBazar.af;COMMUNICATION;4.2;1092337;Free;0
Azar;BOOKS_AND_REFERENCE;3.5;156;Free;0
Azpen eReader;SPORTS;NaN;4;Free;0
Azulones Getafe CF Fans;FINANCE;3.7;800;Free;0
B;PERSONALIZATION;4.7;65;Free;0
B & W Filter for Photo Editor Pro;FINANCE;NaN;2;Free;0
B L Enterprises;FAMILY;NaN;1;Free;0
B R COACHINGS;FINANCE;4.7;413;Free;0
B R Telco FCU Mobile Banking;PHOTOGRAPHY;4.1;283;Free;0
B Tiff Viewer;BOOKS_AND_REFERENCE;4.6;53;Free;0
B y H Niños ES;BOOKS_AND_REFERENCE;3.9;286;Free;0
B&H Kids AR;SHOPPING;4.6;17180;Free;0
B&H Photo Video Pro Audio;SHOPPING;3.7;192;Free;0
B&M Stores;PHOTOGRAPHY;3.9;205;Free;0
B&W Photo Filter Editor;PERSONALIZATION;NaN;0;Free;0
B. R. Ambedkar Jayanti SMS;FOOD_AND_DRINK;2.9;155;Free;0
B.GOOD;SPORTS;3.9;9765;Free;0
B.M.Snowboard Free;NEWS_AND_MAGAZINES;2.8;636;Free;0
B.T.;NEWS_AND_MAGAZINES;NaN;114;Free;0
B.Z. Live-Ticker;GAME;3.8;10;Free;0
B@dL!bs Lite;PERSONALIZATION;NaN;7;Paid;1,49
B-17 Flying Fortress WWII LWP;GAME;4.3;12;Paid;0,99
B-52 Spirits of Glory Deluxe;PHOTOGRAPHY;4.4;5282578;Free;0
B612 - Beauty & Filter Camera;PHOTOGRAPHY;4.4;5282558;Free;0
B612 - Beauty & Filter Camera;PHOTOGRAPHY;4.4;5276983;Free;0
B612 - Beauty & Filter Camera;FAMILY;3.1;1734;Free;0
ba;SOCIAL;NaN;2;Free;0
BA 3 Banjarmasin;HEALTH_AND_FITNESS;NaN;31;Free;0
BA Accesible;PARENTING;4.2;20;Free;0
Ba ba black sheep offline Video;PRODUCTIVITY;4.1;22;Free;0
BA Calculator;GAME;3.5;196;Free;0
Ba Cristi;COMICS;4.1;690;Free;0
Ba dum tss - Rimshot widget;FINANCE;4.4;31;Paid;3,99
Ba Financial Calculator plus;FINANCE;2.4;36;Paid;1,99
BA Pro Financial Calculator;COMMUNICATION;NaN;0;Free;0
BA SALES;TRAVEL_AND_LOCAL;NaN;0;Free;0
BA Status;FAMILY;4.1;181;Free;0
BA VPN - Free Unlimited VPN;LIFESTYLE;3.9;592;Free;0
Ba Zi Fortune;LIFESTYLE;4.1;14;Free;0
Büfe BU;BUSINESS;2.1;87;Free;0
BA4You;FAMILY;4.8;160;Free;0
Baba Yaad Hai?(BK's);EDUCATION;4.3;266948;Free;0
Babbel – Learn Languages;EDUCATION;4.3;266935;Free;0
Babbel – Learn Languages;EDUCATION;4.3;266948;Free;0
Babbel – Learn Languages;FAMILY;4.3;267787;Free;0
Babbel – Learn Languages;EDUCATION;4.4;54798;Free;0
Babbel – Learn Spanish;NEWS_AND_MAGAZINES;4.3;355921;Free;0
BaBe - Read News;NEWS_AND_MAGAZINES;4.3;42624;Free;0
BaBe + - Indonesian News;NEWS_AND_MAGAZINES;4.5;9548;Free;0
BaBe Lite - Read Quota Saving News;FAMILY;4.6;9652;Free;0
Baby ABC in box! Kids alphabet games for toddlers!;PARENTING;4.1;319;Free;0
Baby Care & Tracker;PARENTING;4.7;8343;Paid;4,99
Baby Connect (activity log);PARENTING;4.1;44;Free;0
Baby Food - Homemade Recipes;GAME;2.8;9;Free;0
Baby Game Animal Jam Free;PARENTING;4.4;5343;Free;0
Baby Monitor;COMMUNICATION;3.3;1434;Free;0
Baby Monitor AV;PARENTING;4;464;Free;0
Baby Name Together;PARENTING;4.5;86;Free;0
Baby Names;FAMILY;4.2;108795;Free;0
Baby Panda Care;FAMILY;4.2;108795;Free;0
Baby Panda Care;PARENTING;4;3789;Free;0
Baby Panda Learns Shapes;PARENTING;4;3346;Free;0
Baby Panda Musical Genius;FAMILY;4.5;19230;Free;0
Baby Panda’s Juice Shop;FAMILY;4.3;11950;Free;0
Baby puzzles;PARENTING;4.6;62386;Free;0
Baby Sleep: White noise lullabies for newborns;FAMILY;4.5;432;Free;0
Baby Tiger Care - My Cute Virtual Pet Friend;FAMILY;4;38;Free;0
BAC DZ Questionnaire;MAPS_AND_NAVIGATION;4.5;6230;Paid;11,99
BackCountry Navigator TOPO GPS PRO;GAME;4.4;1644;Paid;7,99
Backgammon NJ for Android;PHOTOGRAPHY;4;2076;Free;0
Background Changer & Eraser;PHOTOGRAPHY;4.5;267378;Free;0
Background Eraser;PERSONALIZATION;4.7;202474;Free;0
Backgrounds (HD Wallpapers);PERSONALIZATION;4.6;2390185;Free;0
Backgrounds HD (Wallpapers);PERSONALIZATION;4.6;2390099;Free;0
Backgrounds HD (Wallpapers);NEWS_AND_MAGAZINES;4.5;103074;Free;0
BaconReader for Reddit;HEALTH_AND_FITNESS;4;4015;Free;0
Bacteria Vaginosis;HEALTH_AND_FITNESS;NaN;1;Free;0
Bacterial Vaginosis;MEDICAL;NaN;0;Free;0
bacterial vaginosis;HEALTH_AND_FITNESS;NaN;1;Free;0
Bacterial Vaginosis 🇺🇸;MEDICAL;4.1;698;Free;0
Bacterial Vaginosis Symptoms;MEDICAL;NaN;0;Free;0
Bacterial Vaginosis Symptoms & Treatment;MEDICAL;NaN;0;Free;0
Bacterial Vaginosis Treatment;HEALTH_AND_FITNESS;5;2;Free;0
Bacterial vaginosis Treatment - Sexual disease;FAMILY;4.3;1168959;Free;0
Bad Piggies;FAMILY;4.4;764967;Free;0
Bad Piggies HD;NEWS_AND_MAGAZINES;3.9;262;Free;0
Badische Zeitung;SOCIAL;4.3;3781770;Free;0
Badoo - Free Chat & Dating App;SOCIAL;4.3;3781770;Free;0
Badoo - Free Chat & Dating App;SOCIAL;4.3;3781770;Free;0
Badoo - Free Chat & Dating App;SOCIAL;4.3;3781467;Free;0
Badoo - Free Chat & Dating App;BOOKS_AND_REFERENCE;4.3;8894;Free;0
BakaReader EX;FAMILY;4.3;5442;Paid;9,99
Baldur's Gate II;FAMILY;4.5;20101;Paid;9,99
Baldur's Gate: Enhanced Edition;PRODUCTIVITY;NaN;7;Free;0
BAMMS for BM 1Park;PRODUCTIVITY;4;2;Free;0
BAMMS for BM SQ;GAME;4.4;3452530;Free;0
Banana Kong;FINANCE;3.9;25205;Free;0
Banco Sabadell App. Your mobile bank;LIFESTYLE;3.8;1140;Free;0
Band O'Clock;MEDICAL;4.2;1747;Free;0
Banfield Pet Health Tracker;MEDICAL;4.2;1747;Free;0
Banfield Pet Health Tracker;LIFESTYLE;4.5;31;Free;0
Bangla Calendar 1425: (EN-BN-AR) Holiday;SPORTS;4.1;142;Free;0
BANGLA TV 3G/4G;SOCIAL;4.2;58341;Free;0
Banjo;FINANCE;4.5;166;Free;0
Bank FD Interest Calculator;FINANCE;4.4;341090;Free;0
Bank of America Mobile Banking;FINANCE;4.5;1336246;Free;0
Bank of Brazil;FINANCE;4.1;1514;Free;0
Bank Of Cyprus;FINANCE;4.5;3704;Free;0
Banking Calculator;FINANCE;4.3;14627;Free;0
BankMobile Vibe App;FINANCE;3.9;28;Free;0
BankNordik;FINANCE;4.1;111632;Free;0
Banorte Movil;SHOPPING;NaN;0;Free;0
Bar BQ Night Middlesbrough;LIFESTYLE;NaN;0;Free;0
Bar BQ Tonight Dublin;LIFESTYLE;5;2;Free;0
Barbers.BH;FAMILY;3.9;133117;Free;0
Barbie Life™;FAMILY;4;328619;Free;0
Barbie Magical Fashion;FAMILY;4.1;68286;Free;0
Barbie™ Fashion Closet;GAME;4.1;68057;Free;0
Barbie™ Fashion Closet;FOOD_AND_DRINK;4.8;18;Free;0
Bar-B-Q Recipes;FOOD_AND_DRINK;NaN;0;Free;0
BAR-B-Q Recipes;FOOD_AND_DRINK;5;2;Free;0
Bar-B-Q Rib House;SPORTS;4.5;207;Free;0
Barca News - app for Barcelona FC Fans;SPORTS;4.8;160;Free;0
Barca News - FC Barcelona;SPORTS;4.4;670;Free;0
Barcelona Calendar;NEWS_AND_MAGAZINES;NaN;2;Free;0
Barcelona FC Noticias Live;SPORTS;4.4;38;Free;0
Barcelona Live - Goal Score & News for Barca Fans;SPORTS;4.6;342;Free;0
Barcelona Live 2018—Goals & News for Barca FC Fans;SPORTS;4.4;382;Free;0
Barcelona News - Sportfusion;PERSONALIZATION;4.5;93;Free;0
Barcelona Wallpaper HD;FINANCE;4.1;6998;Free;0
Barclays US for Android;LIBRARIES_AND_DEMO;4.2;3945;Free;0
Barcode Scanner;FAMILY;5;100;Free;0
Barisal University App-BU Face;LIFESTYLE;4.3;127;Free;0
Barista Coffee Dictionary A-Z;MEDICAL;4.7;4318;Free;0
Baritastic - Bariatric Tracker;TOOLS;4.1;14;Free;0
Barry EC;GAME;3.4;148177;Free;0
Baseball Boy!;GAME;NaN;0;Free;0
Basic Strategy Training BJ 21;MEDICAL;5;1;Free;0
Basics of Orthopaedics;SPORTS;4.3;1879;Free;0
Basket Manager 2016 Free;SPORTS;4.5;117;Paid;0,99
Basket Manager 2016 Pro;SPORTS;4.5;2710;Free;0
Basket Manager 2017 Free;SPORTS;4.7;163;Paid;0,99
Basket Manager 2017 Pro;SPORTS;3.4;1520;Free;0
Basket Manager 2018 Free;SPORTS;3.7;84;Paid;2,99
Basket Manager 2018 Pro;SPORTS;4.4;426;Paid;1,99
Basketball Dynasty Manager 16;FAMILY;4.5;4076;Free;0
Basketball FRVR - Shoot the Hoop and Slam Dunk!;SPORTS;4.4;867920;Free;0
Basketball Stars;FOOD_AND_DRINK;3.8;1103;Free;0
Baskin-Robbins;TOOLS;4.9;83;Paid;3,99
BatControl Pro;HOUSE_AND_HOME;4.1;2427;Free;0
Bathroom Decorating Ideas;FAMILY;4;16190;Free;0
Batman: Gotham’s Most Wanted!;FAMILY;3.7;452;Free;0
Batmobile™ R/C Controller;TOOLS;4.4;134412;Free;0
Battery Calibration;TOOLS;4.5;8190074;Free;0
Battery Doctor-Battery Life Saver & Battery Cooler;TOOLS;4.7;17861;Paid;3,99
Battery HD Pro;TOOLS;4.5;21979;Free;0
Battery Notifier BT Free;TOOLS;4.7;1363;Paid;2,59
Battery Notifier Pro BT;FAMILY;4.4;48427;Free;0
Battle Gems (AdventureQuest);FAMILY;4.1;488039;Free;0
Battle of Zombies: Clans War;TOOLS;4.2;7063;Free;0
Battle Result Predictor for CR;GAME;4;263907;Free;0
Battlefield™ Companion;FAMILY;4.6;7420;Paid;4,99
Battleheart Legacy;GAME;4.4;105620;Free;0
Battlelands Royale;FINANCE;4.7;2374;Free;0
BayPort CU Mobile Banking;MEDICAL;NaN;0;Free;0
Bayview Hill AH;SHOPPING;4.7;13;Free;0
Bazar.af;ENTERTAINMENT;3.4;87384;Free;0
BBC Media Player;NEWS_AND_MAGAZINES;4.3;296781;Free;0
BBC News;NEWS_AND_MAGAZINES;4.3;296781;Free;0
BBC News;NEWS_AND_MAGAZINES;4.3;296781;Free;0
BBC News;NEWS_AND_MAGAZINES;4.3;978;Free;0
BBC Persian | BBC Farsi News;SPORTS;4.2;18678;Free;0
BBC Sport;SPORTS;4.2;18679;Free;0
BBC Sport;TOOLS;3.8;159;Free;0
B-BLE(BLE4.0 Scan);COMMUNICATION;4.3;12842860;Free;0
BBM - Free Calls & Messages;COMMUNICATION;4.3;12843436;Free;0
BBM - Free Calls & Messages;COMMUNICATION;4.3;8827;Free;0
BBMoji - Your personalized BBM Stickers;FINANCE;4.3;5905;Free;0
BBVA Compass Banking;FINANCE;4.2;36746;Free;0
BBVA Spain;DATING;4.4;218;Free;0
BBW Dating & Curvy Singles Chat- LargeFriends;DATING;4.4;218;Free;0
BBW Dating & Curvy Singles Chat- LargeFriends;DATING;4.4;12632;Free;0
BBW Dating & Plus Size Chat;DATING;4.4;12632;Free;0
BBW Dating & Plus Size Chat;DATING;4.4;12633;Free;0
BBW Dating & Plus Size Chat;DATING;3.5;241;Free;0
BBWCupid - BBW Dating App;BUSINESS;NaN;1;Free;0
BC browser;PHOTOGRAPHY;4.2;5;Free;0
BC Camera;FAMILY;3.8;11;Free;0
BC Connect;TRAVEL_AND_LOCAL;4.4;382;Free;0
BC Highways - Road Conditions;SPORTS;3.7;20;Free;0
BC Hockey;MEDICAL;4.2;8;Free;0
BC Hospital Wait Times;VIDEO_PLAYERS;4.4;8;Free;0
BC iptv player;LIFESTYLE;3.7;492;Free;0
BC Liquor Stores;FAMILY;3;10;Free;0
BC Lotto Check;LIFESTYLE;NaN;0;Free;0
BC Mobile Intro - Americas;BOOKS_AND_REFERENCE;5;5;Paid;1,75
BC MVA Fines;FAMILY;4.4;21;Free;0
BC Navigator;LIFESTYLE;2.3;3;Free;0
BC Pizza;GAME;4;209;Free;0
BC Slots - The Lost Reels FREE;VIDEO_PLAYERS;NaN;1;Free;0
Bc Vod;TOOLS;3.3;27;Free;0
BC Wildfire;FAMILY;4.4;7;Free;0
BC Wildflowers;LIFESTYLE;4.7;113;Free;0
BC's Pizza;FAMILY;4.1;205;Free;0
BD All Results;BOOKS_AND_REFERENCE;4.5;197;Free;0
BD All Sim Offer;PRODUCTIVITY;4.8;93;Free;0
BD Attendance;FINANCE;4.7;289;Free;0
BD Bank Interest;MEDICAL;4.8;17;Free;0
BD Briight: Your Diabetes Personal Assistant;SPORTS;4.6;1238;Free;0
BD CRICKET LIVE;COMMUNICATION;4.4;10341;Free;0
BD Data Plan (3G & 4G);COMMUNICATION;4.1;29;Free;0
BD Dialer;FAMILY;4.2;540;Free;0
BD Earn Pro;PRODUCTIVITY;4.2;41;Free;0
BD Field Force;BOOKS_AND_REFERENCE;4.8;123;Free;0
BD Fishpedia;FAMILY;4.7;12;Free;0
BD Hospital's;NEWS_AND_MAGAZINES;4.9;13;Free;0
BD Internet Package Activator;COMMUNICATION;4;474;Free;0
BD Internet Packages (Updated);COMMUNICATION;4.4;7;Free;0
BD Live Call;NEWS_AND_MAGAZINES;4.6;30;Free;0
BD Online News;FAMILY;4.6;12;Free;0
BD Online Passport Application;BUSINESS;4.2;63;Free;0
BD Online Shop;HEALTH_AND_FITNESS;1.4;45;Free;0
BD Provider App;FAMILY;4.3;539;Free;0
BD Radio TV Free List;FAMILY;NaN;1;Free;0
BD Simplist Through Their Eyes;FAMILY;4.2;5;Free;0
BD Sports Box & TV;TOOLS;4;21;Free;0
BD tools;FAMILY;3.3;16;Free;0
BD TYCOON;FAMILY;4.4;7461;Free;0
BDCast - Bangla Live TV;LIFESTYLE;4.2;120;Free;0
bd's Mongolian Grill;LIFESTYLE;3.1;3042;Free;0
B-Dubs®;SPORTS;3.8;85763;Free;0
Be A Legend: Soccer;PHOTOGRAPHY;4.1;560;Free;0
Be Fabulous PHOTO BOOTH;FAMILY;4.3;18;Free;0
Be Like Bill - Maker;FAMILY;4.2;67;Free;0
Be like Bill Generator;FAMILY;4.4;146;Free;0
Be Like Bro - Compilation;PERSONALIZATION;4.3;44;Free;0
Be like Me - Hay Nhu Toi;LIFESTYLE;4.9;8418;Free;0
Be My Eyes - Helping the blind;PERSONALIZATION;4.6;838;Free;0
Be My Love Animated Keyboard;FAMILY;4.2;3103;Free;0
Be My Princess;FAMILY;4.3;2806;Free;0
Be My Princess 2;FAMILY;4.4;9443;Free;0
Be My Princess: PARTY;FINANCE;4;967;Free;0
be Produbanco;HEALTH_AND_FITNESS;4.8;787;Paid;1,99
Be Stronger;MEDICAL;NaN;0;Paid;0,99
Be the Expert in Phlebotomy - Professional Nursing;SPORTS;4.2;4330;Free;0
Be the Manager 2016 (football);SPORTS;4.3;7557;Free;0
Be the Manager 2018 - Football Strategy;LIFESTYLE;4;889;Free;0
Be U Salons Hair-Beauty Deals In Delhi & Bangalore;PERSONALIZATION;4.3;1580;Free;0
Be you GO Launcher Theme;GAME;4.2;640974;Free;0
Beach Buggy Blitz;GAME;3.8;555;Free;0
Beach Head Shooting Assault;GAME;4.4;1218;Free;0
Beach Shoot Em Up: Head Hunter;SPORTS;4.2;43191;Free;0
Beach Volleyball 3D;LIFESTYLE;5;14;Free;0
Beacon Baptist Jupiter;HEALTH_AND_FITNESS;NaN;5;Free;0
be'ah;BEAUTY;4.7;900;Free;0
Beard Live Camera Photo Editor;FAMILY;4.1;2683;Free;0
Beast of Lycan Isle CE;LIFESTYLE;4.3;665;Free;0
Beautiful Design Birthday Cake;PERSONALIZATION;3.9;25037;Free;0
Beautiful Widgets Free;PERSONALIZATION;3.9;25035;Free;0
Beautiful Widgets Free;PERSONALIZATION;4.2;97890;Paid;2,49
Beautiful Widgets Pro;PERSONALIZATION;4.2;97890;Paid;2,49
Beautiful Widgets Pro;FAMILY;4.4;70883;Free;0
Beauty and the Beast;BEAUTY;4;113715;Free;0
Beauty Camera - Selfie Camera;GAME;4.3;128367;Free;0
Beauty Idol: Fashion Queen;PHOTOGRAPHY;4.3;21730;Free;0
Beauty Makeup – Photo Makeover;PHOTOGRAPHY;4.5;420973;Free;0
Beauty Makeup Snappy Collage Photo Editor - Lidow;FAMILY;4.6;11480;Free;0
Beauty Rental Shop;BEAUTY;4.2;2225;Free;0
Beauty Selfie Camera;BEAUTY;4.4;75;Free;0
Beauty Tips - Beauty Tips in Sinhala;PHOTOGRAPHY;4.4;3158047;Free;0
BeautyPlus - Easy Photo Editor & Selfie Camera;PHOTOGRAPHY;4.4;3157936;Free;0
BeautyPlus - Easy Photo Editor & Selfie Camera;PHOTOGRAPHY;4.4;3158151;Free;0
BeautyPlus - Easy Photo Editor & Selfie Camera;PHOTOGRAPHY;4.4;3158151;Free;0
BeautyPlus - Easy Photo Editor & Selfie Camera;PHOTOGRAPHY;4.4;3156484;Free;0
BeautyPlus - Easy Photo Editor & Selfie Camera;GAME;3.9;404;Free;0
BEBONCOOL GAMEPAD V1.0;FAMILY;4.3;41;Paid;2,99
Beck & Bo: Toddler First Words;BUSINESS;4.1;6903;Free;0
Become a Job - Find a job or advertise;LIFESTYLE;4.5;10097;Free;0
Bed Time Fan - White Noise Sleep Sounds;FAMILY;4.2;79826;Free;0
Bedouin Rivals;HOUSE_AND_HOME;4;2382;Free;0
Bedroom Decorating Ideas;FINANCE;4.2;883;Free;0
Bee Mobile EG;LIFESTYLE;NaN;11;Free;0
Bee.Bo;COMMUNICATION;4;4;Free;0
Bee'ah Employee App;LIFESTYLE;4.4;95736;Free;0
Been Together (Ad) - D-day;PHOTOGRAPHY;4.5;4724;Paid;1,99
BeFunky Photo Editor Pro;SPORTS;4;135763;Free;0
beIN SPORTS TR;FAMILY;4.2;222664;Free;0
Bejeweled Blitz;FAMILY;4.4;203101;Free;0
Bejeweled Classic;FAMILY;4.5;85484;Free;0
Bejeweled Stars: Free Match 3;LIFESTYLE;2;8;Free;0
Bell and Wyson Camera BW Pix +;TRAVEL_AND_LOCAL;NaN;11;Free;0
Belo Horizonte Map offline;MEDICAL;4.7;623;Free;0
BELONG Beating Cancer Together;FAMILY;4.2;82005;Free;0
Ben 10: Alien Experience;HEALTH_AND_FITNESS;2.3;3;Free;0
Benefit Extras Mobile App;LIBRARIES_AND_DEMO;NaN;25;Free;0
Benefits of olive oil with garlic;NEWS_AND_MAGAZINES;4;11908;Free;0
Bengali Newspaper - The first L.;MAPS_AND_NAVIGATION;4.4;509;Free;0
Berlin Subway – BVG U-Bahn & S-Bahn map and routes;NEWS_AND_MAGAZINES;3.4;736;Free;0
Berner Zeitung;SPORTS;4.5;152780;Free;0
BeSoccer - Soccer Live Score;PRODUCTIVITY;4.7;10672;Free;0
Best Applock - Locker & No Ads;COMMUNICATION;3.7;7;Free;0
Best Auto Call Recorder Free;LIFESTYLE;NaN;3;Free;0
Best Blood Type AB: Food Diet & Personality;COMMUNICATION;4.8;6;Free;0
Best Browser BD social networking;SHOPPING;4.4;186116;Free;0
Best Buy;AUTO_AND_VEHICLES;4.3;348;Free;0
BEST CAR SOUNDS;AUTO_AND_VEHICLES;4.5;994;Free;0
Best Car Wallpapers;FAMILY;3.6;8;Free;0
Best CG Backgrounds;FAMILY;NaN;1;Free;0
Best CG Photography;FAMILY;4.2;4;Free;0
Best CG views;LIFESTYLE;NaN;0;Free;0
Best Design CD Ideas;SOCIAL;4.2;93;Free;0
Best DP and Status;FAMILY;NaN;1;Free;0
Best DP and Status - All Type DP & Status;FAMILY;4.1;3003;Free;0
Best DP and Status (Daily Updates Photos);FAMILY;4.2;91;Free;0
Best DP And Video Status 2018 For Whatsapp;GAME;4.6;1480189;Free;0
Best Fiends - Free Puzzle Game;GAME;4.6;1480182;Free;0
Best Fiends - Free Puzzle Game;FAMILY;3.7;7664;Free;0
Best Friends Dress Up & Makeup;BEAUTY;4.5;45452;Free;0
Best Hairstyles step by step;LIBRARIES_AND_DEMO;4.6;3014;Free;0
Best New Ringtones 2018 Free 🔥 For Android™;HEALTH_AND_FITNESS;4.6;56145;Free;0
Best Ovulation Tracker Fertility Calendar App Glow;GAME;4.3;3904;Paid;2,99
Best Park in the Universe;COMICS;4.7;3596;Free;0
Best Wallpapers Backgrounds(100;PERSONALIZATION;4.4;294701;Free;0
Best Wallpapers QHD;TRAVEL_AND_LOCAL;4;41;Free;0
Best Western e-Concierge Hotel;TRAVEL_AND_LOCAL;3;2719;Free;0
Best Western To Go;BEAUTY;3.9;1739;Free;0
BestCam Selfie-selfie;PHOTOGRAPHY;4.5;512996;Free;0
Bestie - Camera360 Selfie;SPORTS;4.4;328;Free;0
Bet Master Pro Soccer Predictions;ENTERTAINMENT;4.2;14807;Free;0
BET NOW - Watch Shows;ENTERTAINMENT;4.2;14807;Free;0
BET NOW - Watch Shows;ENTERTAINMENT;4.2;14807;Free;0
BET NOW - Watch Shows;HEALTH_AND_FITNESS;4.2;14709;Free;0
BetterMe: Weight Loss Workouts;FINANCE;4.4;3780;Free;0
Betterment;SPORTS;4.1;315;Free;0
Betting Tips / Sports Tips by CG Tipster;GAME;4.2;601;Free;0
Betul Ke Bohong Eh?;DATING;3.4;1999;Free;0
BeWild Free Dating & Chat App;GAME;4.5;216849;Free;0
BEYBLADE BURST app;FOOD_AND_DRINK;4.7;51517;Free;0
BeyondMenu Food Delivery;FOOD_AND_DRINK;4.7;51543;Free;0
BeyondMenu Food Delivery;NEWS_AND_MAGAZINES;3.9;32121;Free;0
BeyondPod Podcast Manager;FAMILY;4.3;19;Free;0
BF 3d Images;FAMILY;NaN;4;Free;0
BF 3d View Wallpapers;FAMILY;4.1;256;Free;0
BF 3d Wallpapers;FAMILY;4;1542;Free;0
BF 4 Guns;FAMILY;4.2;72;Free;0
BF Abstract 3d Pictures;GAME;4.4;1849;Free;0
BF at Sea Refueled;FAMILY;3.6;5;Free;0
BF Beautiful Nature;COMMUNICATION;3;39;Free;0
BF Browser by Betfilter - Stop Gambling Today!;FAMILY;4.7;6;Free;0
BF CG Abstract Pictures;FAMILY;3.6;13;Free;0
BF CG View Wallpapers;GAME;4;3322;Free;0
BF Combat: Genesis;BUSINESS;NaN;8;Free;0
BF Family user;GAME;4.1;29798;Free;0
BF Frontline City;FAMILY;4.1;262;Free;0
BF games;BUSINESS;NaN;6;Free;0
Bf Light;FAMILY;3.8;63;Free;0
BF Movies Fun;HEALTH_AND_FITNESS;2.2;19;Free;0
BF Scale Health Fitness Tool;TOOLS;3.9;428;Free;0
BF-Calc;TOOLS;4.4;7;Free;0
BG Advisor™;FAMILY;NaN;1;Free;0
BG Blurry HD Wallpapers;LIFESTYLE;4.6;17;Free;0
BG BRIDAL GALLERY;FOOD_AND_DRINK;NaN;1;Free;0
BG Burger;FAMILY;NaN;5;Free;0
BG Cable TV;SPORTS;NaN;6;Free;0
BG Cricket;PHOTOGRAPHY;NaN;0;Free;0
BG Editor;FAMILY;4.9;16;Free;0
BG Future School;TRAVEL_AND_LOCAL;5;3;Free;0
BG Guide;SOCIAL;4.7;22;Free;0
BG LINKED (BGLINKED);TRAVEL_AND_LOCAL;4.8;89;Free;0
BG Metro - Red voznje;AUTO_AND_VEHICLES;NaN;1;Free;0
BG Middle East;MEDICAL;4.4;643;Free;0
BG Monitor Diabetes;MEDICAL;4.6;87;Paid;5,99
BG Monitor Diabetes Pro;VIDEO_PLAYERS;NaN;0;Free;0
BG MUSIC PLAYER - MUSIC PLAYER;AUTO_AND_VEHICLES;4.8;4;Free;0
BG Products;FAMILY;NaN;8;Free;0
Bg Radios - Bulgarian radio stations online;TOOLS;2.2;4;Free;0
BG Remover & Eraser Pro;SPORTS;2.6;64;Free;0
BG Score;NEWS_AND_MAGAZINES;NaN;41;Free;0
BG Sports News;FAMILY;NaN;3;Free;0
BG Television;SPORTS;NaN;7;Free;0
BG Torneos;FAMILY;1.7;6;Free;0
BG TV App;FAMILY;2.3;50;Free;0
Bg TV Online;FAMILY;NaN;1;Free;0
BG TV Program;FAMILY;NaN;0;Free;0
BG TV Stations;VIDEO_PLAYERS;4.1;64;Free;0
BG video - floating video - background video;TOOLS;4.3;80;Free;0
Bg+ Call Blocker;PRODUCTIVITY;4.8;16;Free;0
BG+Phone Backup;VIDEO_PLAYERS;3.4;4334;Free;0
BGCN TV;TOOLS;NaN;0;Free;0
BG-FLEET;SOCIAL;NaN;32;Free;0
BGKontakti Bayern BG Kontakti;SOCIAL;NaN;4;Free;0
BGKontakti London BG Kontakti;SOCIAL;4.8;111;Free;0
BGKontakti Vienna BG Kontakti;GAME;3.9;24;Paid;1,99
B-Grade Renegade;VIDEO_PLAYERS;3.4;694;Free;0
bgtime.tv;HEALTH_AND_FITNESS;NaN;0;Free;0
BH - Fitness & Nutrition;FOOD_AND_DRINK;NaN;3;Free;0
BH Açaí;SPORTS;NaN;0;Free;0
BH Bikes GPS Locator;SPORTS;3;26;Free;0
BH Bikes Premium;LIFESTYLE;NaN;0;Free;0
B'H BURGER HEIM;HEALTH_AND_FITNESS;2.9;141;Free;0
BH by Kinomap;FAMILY;4.8;12;Free;0
BH Challenge - Museum of the Jewish People;SOCIAL;NaN;0;Free;0
BH Connect;BEAUTY;4;2;Free;0
BH Cosmetics;FINANCE;NaN;7;Free;0
BH INVEST;COMMUNICATION;3.4;7;Free;0
BH Mail;TRAVEL_AND_LOCAL;NaN;0;Free;0
BH Mission Playbook;FINANCE;NaN;0;Free;0
BH Online;AUTO_AND_VEHICLES;4.8;27;Free;0
BH Patrole;FAMILY;5;2;Free;0
Bh Public School;FOOD_AND_DRINK;NaN;3;Free;0
BH Recepti;TRAVEL_AND_LOCAL;NaN;13;Free;0
BH Rocking;BUSINESS;3.9;91;Free;0
BH Táxi;NEWS_AND_MAGAZINES;4.5;12;Free;0
Bhuiyan Land Records Chhattisgarh (CG);TOOLS;4.1;67;Free;0
Bhunaksha CG;FINANCE;5;2;Free;0
BI APP;PRODUCTIVITY;NaN;0;Paid;0,99
BI Barcode Scanner;FINANCE;4;5055;Free;0
Bi en Línea;FINANCE;4.4;337;Free;0
BI Mobile;FINANCE;4;180;Free;0
BI Mobile Banking;NEWS_AND_MAGAZINES;5;22;Free;0
BI News;BUSINESS;4;76;Free;0
BI Office;BUSINESS;3.6;16;Free;0
BI SmartLINK;FAMILY;NaN;16;Free;0
BibApp TU BS;BOOKS_AND_REFERENCE;4.7;2440695;Free;0
Bible;BOOKS_AND_REFERENCE;4.5;313;Free;0
Bible du Semeur-BDS (French);BOOKS_AND_REFERENCE;4.5;42729;Free;0
Bible KJV;FAMILY;NaN;0;Free;0
Bible Quizzer - The App for Bible Quizzers;BOOKS_AND_REFERENCE;4.7;3776;Free;0
Bible with EGW Comments;BOOKS_AND_REFERENCE;NaN;0;Free;0
BibleRead En Cy Zh Yue;TOOLS;NaN;5;Free;0
bi-Cube Mobile Token;LIFESTYLE;4.6;39724;Free;0
Big Days - Events Countdown;GAME;4.4;382100;Free;0
Big Fish Casino – Play Slots & Vegas Games;GAME;4.3;245455;Free;0
Big Hunter;PERSONALIZATION;4.3;881;Paid;9,99
BIG Launcher;MAPS_AND_NAVIGATION;4.4;75;Free;0
Big Q Car Service;SHOPPING;4.3;216741;Free;0
bigbasket - online grocery;DATING;4.1;923;Free;0
BiggerCity: Chat for gay bears;SOCIAL;4.4;2349421;Free;0
BIGO LIVE - Live Stream;FOOD_AND_DRINK;4.3;31986;Free;0
BigOven Recipes;TOOLS;4;8;Free;0
Bihar Land Records - RoR and EB Quick Pay;SPORTS;4.3;34062;Free;0
Bike 3D Configurator;HEALTH_AND_FITNESS;4.4;12029;Free;0
Bike Computer - GPS Cycling Tracker;GAME;4.3;331692;Free;0
Bike Mayhem Free;GAME;4.4;83891;Free;0
Bike Race - Bike Blast Rush;GAME;4.5;2586261;Free;0
Bike Race Free - Top Motorcycle Racing Games;GAME;4.2;951435;Free;0
Bike Racing 3D;GAME;4.2;212067;Free;0
Bike Rivals;SPORTS;4.3;83545;Free;0
Bike Unchained;BOOKS_AND_REFERENCE;2.7;68;Free;0
Bilingual Dictionary Audio App;BUSINESS;NaN;0;Free;0
Bill Miller Bar-B-Q Store Ops;LIFESTYLE;3.5;43;Free;0
BI-LO;LIFESTYLE;3.9;77;Free;0
BI-LO Rx;LIBRARIES_AND_DEMO;4.3;411;Free;0
Binaural Beats Meditation;HEALTH_AND_FITNESS;4.3;13724;Free;0
Binaural Beats Therapy;BUSINESS;4.1;1828;Free;0
Bing Ads;GAME;4.7;183343;Free;0
Bingo by IGG: Top Bingo+Slots!;GAME;4.7;155694;Free;0
Bingo Party - Free Bingo Games;MEDICAL;3.5;250;Free;0
BioLife Plasma Services;TRAVEL_AND_LOCAL;4.3;2649;Free;0
Bird - Enjoy The Ride;LIBRARIES_AND_DEMO;4.6;130;Free;0
Bird Sounds & Bird Ringtones for Free 2018;EVENTS;4.5;2153;Free;0
Birdays - Birthday reminder;PERSONALIZATION;4.6;5073;Free;0
Birds Sounds Ringtones & Wallpapers;SPORTS;4.5;191;Free;0
Birmingham City FC;EVENTS;4.3;456;Free;0
Birthdays & Other Events;FAMILY;4.4;1160;Free;0
Bita and the Animals - Pelos Ares;FAMILY;4.4;1160;Free;0
Bita and the Animals - Pelos Ares;GAME;4.6;12;Free;0
Bi-Tank;GAME;NaN;0;Paid;0,99
Bi-Tank Ads Free;FINANCE;4.8;11;Free;0
Bitcoin & Cryptocurrency - Bx;FINANCE;4.5;101;Free;0
Bitcoin Bx (Thailand);FINANCE;3.7;120;Free;0
Bitcoin BX Thailand;FINANCE;1.7;21;Paid;4,99
Bitcoin BX Thailand PRO;FINANCE;2.9;19;Free;0
bitcoin exchange bx thailand;FINANCE;4.6;25744;Free;0
Bitcoin Ticker Widget;TOOLS;4.5;78629;Free;0
Bitdefender Antivirus Free;FAMILY;4.6;2312084;Free;0
Bitmoji – Your Personal Emoji;PRODUCTIVITY;4;6205;Free;0
Bits Watch Face;VIDEO_PLAYERS;4.5;641219;Free;0
BitTorrent®- Torrent Downloads;TOOLS;4.3;13064;Free;0
Bixby Button Remapper - bxActions;TOOLS;3.9;319;Paid;2,99
Bixby Button Remapper - bxActions Pro / Coffee;COMMUNICATION;NaN;0;Free;0
BJ - Confidential;FAMILY;3.9;13;Free;0
BJ & Jamie;BUSINESS;NaN;1;Free;0
BJ Adams;GAME;3.7;11;Free;0
BJ Bridge Acol Beginner 2018;GAME;3.9;20;Free;0
BJ Bridge Free (2018);GAME;4.4;17;Paid;4,49
BJ Bridge Pro 2018;GAME;1;1;Free;0
BJ Bridge Standard American 2018;GAME;NaN;3;Free;0
BJ card game blackjack;BUSINESS;5;3;Free;0
BJ Foods;BEAUTY;NaN;1;Free;0
BJ Grand Salon Mobile App;PRODUCTIVITY;4;616;Free;0
BJ Memo Widget;GAME;NaN;1;Free;0
BJ Strategy Tester;BUSINESS;NaN;3;Free;0
BJ TIKET;SHOPPING;4.7;55;Free;0
BJ Toys;SHOPPING;4;4722;Free;0
BJ’s Mobile App;FAMILY;NaN;1;Free;0
BJ-DRONE;FAMILY;4.2;16;Free;0
BJ-FPV;SPORTS;4.6;969;Free;0
BJJ Roadmap by Stephan Kesting;GAME;4.5;501;Free;0
BJ's Bingo & Gaming Casino;FAMILY;NaN;0;Free;0
BJ's Community SoundBoard;SHOPPING;2.3;69;Free;0
BJ's Express Scan;SHOPPING;4.2;4099;Free;0
BJ's Wholesale Club;FAMILY;3.6;226;Free;0
BJ-UFO;BUSINESS;5;8;Free;0
BK Arogyam Task Track;BUSINESS;NaN;0;Paid;0,99
Bk Bee Sales Manager;COMMUNICATION;NaN;6;Free;0
BK Chat;FAMILY;4.4;30;Free;0
BK Dinos;TOOLS;5;6;Free;0
BK Formula Calculator;TOOLS;NaN;4;Free;0
BK Formula Calculator 2;FINANCE;5;4;Free;0
BK Gold App;BUSINESS;NaN;1;Free;0
bk Group Mobile;NEWS_AND_MAGAZINES;NaN;19;Free;0
BK Manager;FAMILY;4.6;106;Free;0
BK Murli Dictionary (H to E);LIFESTYLE;4.8;33;Free;0
BK Murli Offline April 2017;FAMILY;4.8;100;Free;0
BK murli today (Mobile Murli) - Gyan;VIDEO_PLAYERS;4.6;277;Free;0
BK News Channel;PHOTOGRAPHY;4.3;20;Free;0
BK Photography;LIFESTYLE;4.7;29;Free;0
BK Shivani Videos;LIFESTYLE;4.6;9;Free;0
BK Suraj bhai;SOCIAL;4.7;549;Free;0
BK Traffic Control cum Chart;EVENTS;NaN;1;Free;0
BK Travel Solutions;LIFESTYLE;5;10;Free;0
Bk Usha behn;FAMILY;5;13;Free;0
BK Video Status;FAMILY;4.6;222;Free;0
BkEmu - BK-0010/11M emulator;PHOTOGRAPHY;NaN;4;Paid;3,99
BL 1-Click Camera;PHOTOGRAPHY;3.5;52;Free;0
BL 1-Click Camera - Free;FAMILY;4.2;3379;Free;0
BL 女性向け恋愛ゲーム◆俺プリクロス;FAMILY;4.2;1901;Free;0
BL 女性向け恋愛ゲーム◆ごくメン;MEDICAL;NaN;1;Free;0
B-L Animal Hospital;FINANCE;NaN;3;Free;0
BL Banking DES;BUSINESS;NaN;0;Free;0
BL Carrier;PERSONALIZATION;4;289;Free;0
BL Community Icon Pack;MAPS_AND_NAVIGATION;3.9;230;Free;0
BL Driver;PERSONALIZATION;4.2;17;Free;0
BL Essentials BW Icon Pack;TOOLS;NaN;1;Paid;1,99
BL File Explorer;SHOPPING;5;21;Free;0
BL Flowers Digital;PERSONALIZATION;4.4;18;Paid;2
BL Holo Theme;TRAVEL_AND_LOCAL;4.1;98;Free;0
BL info;TOOLS;4.3;15;Paid;3,99
BL IP-Camera;PERSONALIZATION;4.2;279;Free;0
BL Kennedy Theme;FINANCE;4.3;23;Free;0
BL Mobile Banking;HEALTH_AND_FITNESS;NaN;0;Free;0
BL ONLINE PERSONAL TRAINING;PHOTOGRAPHY;NaN;4;Free;0
BL Portfolio;TOOLS;4.3;33;Paid;3,99
BL PowerPoint Remote;MAPS_AND_NAVIGATION;4.9;124;Free;0
BL Taxi;GAME;4.7;21;Free;0
BL!TZ - Endless;PHOTOGRAPHY;4.2;329;Free;0
Black & White Camera - Lovely BW;PERSONALIZATION;NaN;1;Free;0
Black Classic DW Watch Theme;GAME;4.1;1167;Free;0
Black Commando | Special Ops | FPS Shooting;DATING;3.9;10212;Free;0
Black People Meet Singles Date;DATING;3.9;10212;Free;0
Black People Meet Singles Date;SOCIAL;4.6;22;Free;0
Black Social;FAMILY;4.4;48451;Free;0
Black Survival;PERSONALIZATION;4.1;285;Free;0
Black Theme Go Launcher EX;LIFESTYLE;4.6;51357;Free;0
Black Wallpaper;DATING;4.1;535;Free;0
Black White Interracial Dating - Interracial Match;DATING;4.1;537;Free;0
Black White Interracial Dating - Interracial Match;PHOTOGRAPHY;4.5;1376;Paid;1,49
BlackCam Pro - B&W Camera;GAME;4.3;52199;Free;0
Blackjack;GAME;4.7;2066;Free;0
BlackJack -21 Casino Card Game;GAME;4.5;26744;Free;0
BlackJack 21 Pro;GAME;3.8;8;Free;0
Blackjack aj Poker;GAME;4.6;17;Paid;14
Blackjack Verite Drills;GAME;4.4;524467;Free;0
BLACKJACK!;LIBRARIES_AND_DEMO;4.7;831;Free;0
Blackpink as if it's your last;FAMILY;3.9;859;Free;0
Blagues et Histoires Drôles;FAMILY;4.1;30444;Free;0
Blamburger - Clarence;SPORTS;4;232;Free;0
Bleacher Report Live;SPORTS;4.4;122282;Free;0
Bleacher Report: sports news;SPORTS;4.4;122282;Free;0
Bleacher Report: sports news;SPORTS;4.4;122283;Free;0
Bleacher Report: sports news;SPORTS;4.4;122283;Free;0
Bleacher Report: sports news;SPORTS;4.4;122283;Free;0
Bleacher Report: sports news;SPORTS;4.4;122280;Free;0
Bleacher Report: sports news;GAME;NaN;3;Free;0
BL-ED: From BLUE to RED;PHOTOGRAPHY;NaN;0;Free;0
Blender BG - Photo Blend With Background;DATING;4;28671;Free;0
Blendr - Chat;DATING;4;28671;Free;0
Blendr - Chat;SHOPPING;4.2;171584;Free;0
Blibli.com Online Shopping;SHOPPING;4.4;1659;Free;0
Blidz - Hunt Free Deals On Trending Items!;EDUCATION;4.1;16103;Free;0
Blinkist - Nonfiction Books;MAPS_AND_NAVIGATION;4.5;65590;Free;0
Blitzer.de;PHOTOGRAPHY;2.9;333;Free;0
BlitzWolf Shutter - BW Shutter;DATING;4.1;2067;Free;0
BLK - Swipe. Match. Chat.;GAME;4.3;6698;Free;0
Block Battles: Heroes at War - Multiplayer PVP;MEDICAL;4;15;Paid;14,99
Block Buddy;MEDICAL;4;15;Paid;14,99
Block Buddy;FAMILY;4.5;762706;Free;0
Block City Wars + skins export;FAMILY;4.5;944661;Free;0
Block Craft 3D: Building Simulator Games For Free;GAME;4.5;946926;Free;0
Block Craft 3D: Building Simulator Games For Free;GAME;4.5;946926;Free;0
Block Craft 3D: Building Simulator Games For Free;GAME;3.7;31883;Free;0
Block Gun 3D: Call of Destiny;GAME;3.9;142693;Free;0
Block Gun 3D: Ghost Ops;GAME;3.8;16282;Free;0
Block Gun 3D: Haunted Hollow;GAME;4.6;59800;Free;0
Block Puzzle;GAME;4.6;59854;Free;0
Block Puzzle;GAME;4.6;59907;Free;0
Block Puzzle;GAME;4.6;59907;Free;0
Block Puzzle;FAMILY;4.4;318867;Free;0
Block Puzzle - Wood Legend;FAMILY;4.4;276;Free;0
Block Puzzle : Night in Egypt;GAME;4.2;17039;Free;0
Block Puzzle Classic Legend !;GAME;4.2;17044;Free;0
Block Puzzle Classic Legend !;GAME;4.5;947515;Free;0
Block Strike;FAMILY;4.1;7046;Free;0
Block Survival Craft:The Story;FAMILY;4.5;472247;Free;0
Block! Hexa Puzzle™;SOCIAL;3.7;4253;Free;0
Blogaway for Android (Blogger);SOCIAL;3.7;138026;Free;0
Blogger;SOCIAL;3.9;8936;Free;0
Bloglovin';GAME;4.3;101762;Free;0
BLOOD & GLORY: IMMORTALS;GAME;4.5;415;Free;0
Blood Domination - BL Game;MEDICAL;4.2;4476;Free;0
Blood Donor;HEALTH_AND_FITNESS;4.6;9612;Free;0
Blood Glucose Tracker;FAMILY;3.5;246;Free;0
Blood Injection : ER Emergency Doctor ER injection;HEALTH_AND_FITNESS;3.4;2256;Free;0
Blood pressure;MEDICAL;4.2;33033;Free;0
Blood Pressure;MEDICAL;NaN;10;Free;0
Blood Pressure;MEDICAL;4.2;33033;Free;0
Blood Pressure;MEDICAL;4.2;70;Free;0
Blood Pressure - Heartcare;MEDICAL;4.6;7;Free;0
Blood Pressure - Stay Healthy;MEDICAL;4.2;178;Paid;0,99
Blood Pressure Companion;MEDICAL;4.2;178;Paid;0,99
Blood Pressure Companion;FAMILY;4.6;47;Free;0
Blood Pressure Diary;FAMILY;3.9;174423;Free;0
Blood Pressure Info;MEDICAL;4.2;5661;Free;0
Blood Pressure Log - bpresso.com;MEDICAL;4.7;8348;Free;0
Blood Pressure Log - MyDiary;MEDICAL;4.7;8347;Free;0
Blood Pressure Log - MyDiary;MEDICAL;4.3;17;Free;0
Blood Pressure Monitor;MEDICAL;4.3;17;Free;0
Blood Pressure Monitor;MEDICAL;4;11;Free;0
Blood Pressure Tracker;MEDICAL;3.7;3596;Free;0
Blood Pressure(BP) Diary;MEDICAL;3.7;3596;Free;0
Blood Pressure(BP) Diary;MEDICAL;4;91;Free;0
Blood Pressure(BP) Report Lite;FINANCE;4.1;3334;Free;0
Bloomberg Professional;NEWS_AND_MAGAZINES;4.2;61692;Free;0
Bloomberg: Market & Financial News;FAMILY;4.6;190086;Paid;2,99
Bloons TD 5;GAME;4.5;1125438;Free;0
Blossom Blast Saga;MEDICAL;4.4;163;Free;0
Blue CareOnDemand;FINANCE;4.2;15703;Free;0
Bluebird by American Express;COMMUNICATION;NaN;0;Free;0
BlueDV AMBE;BUSINESS;3.9;1058;Free;0
BlueJeans for Android;COMMUNICATION;3.9;20829;Free;0
Bluetooth Auto Connect;TOOLS;3.8;67;Free;0
Bluetooth Control BT->uC FREE;TOOLS;3.5;1960;Free;0
Bluetooth Pair;PHOTOGRAPHY;4;9013;Free;0
Blur;PHOTOGRAPHY;3.9;38055;Free;0
Blur Image - DSLR focus effect;PHOTOGRAPHY;3.9;129272;Free;0
Blur Image Background;PHOTOGRAPHY;3.9;129268;Free;0
Blur Image Background;PHOTOGRAPHY;4.4;62421;Free;0
Blur Image Background Editor (Blur Photo Editor);PHOTOGRAPHY;4.3;2215;Free;0
Blurfoto : Auto blur photo background & DSLR focus;VIDEO_PLAYERS;3.9;28835;Free;0
BluTV;FAMILY;NaN;1;Free;0
Bm;FINANCE;NaN;6;Free;0
BM Assets;BOOKS_AND_REFERENCE;4.3;28;Free;0
BM Box;SHOPPING;NaN;0;Free;0
BM CRM;AUTO_AND_VEHICLES;3.5;2;Free;0
BM FlexCheck;PRODUCTIVITY;NaN;2;Free;0
BM Interventi;LIFESTYLE;3.2;320;Free;0
bm offers;TOOLS;4.1;783;Free;0
BM Online OEC Verification;HEALTH_AND_FITNESS;4.9;42;Free;0
BM Pharmacy;HEALTH_AND_FITNESS;5;3;Free;0
BM Physiotherapy Clinic;TOOLS;5;1;Free;0
BM speed test;FAMILY;5;6;Free;0
BM SPM Practice;SPORTS;NaN;7;Free;0
BM Tahmin: Ücretsiz İddaa Tahminleri;FINANCE;4.2;798;Free;0
BM Wallet;FINANCE;3.5;196;Free;0
bm Wallet;SOCIAL;4.1;12495;Free;0
B-Messenger Video Chat;SOCIAL;NaN;0;Free;0
bm-Events;LIFESTYLE;NaN;0;Free;0
BMH-BJ Congregation;GAME;4.2;839206;Free;0
BMX Boy;GAME;3.8;299;Free;0
BMX Boy Bike Stunt Rider Game;FINANCE;3.1;72;Free;0
BN Bank Mobilbank;PRODUCTIVITY;NaN;2;Free;0
BN DB1 App;BUSINESS;NaN;0;Free;0
BN Habitat - Property Experts - Buy | Sell | Rent;PRODUCTIVITY;NaN;0;Free;0
BN Inscript Improved Input keyboard;PRODUCTIVITY;NaN;0;Free;0
BN Inscript Improved Keyboard;FINANCE;3.9;8185;Free;0
BN Más Cerca de Usted;COMMUNICATION;NaN;23;Free;0
BN MALLORCA Radio;BUSINESS;3;597;Free;0
BN Mi Banco;LIFESTYLE;NaN;0;Free;0
BN PERKS™;LIBRARIES_AND_DEMO;3.7;83;Free;0
BN Pro Arial Legacy Text;LIBRARIES_AND_DEMO;4.1;142;Free;0
BN Pro ArialXL Legacy Text;LIBRARIES_AND_DEMO;4;24;Free;0
BN Pro ArialXL-b HD Text;LIBRARIES_AND_DEMO;4.1;66;Free;0
BN Pro ArialXL-b Neon HD Text;LIBRARIES_AND_DEMO;NaN;21;Free;0
BN Pro Battery Level-White;LIBRARIES_AND_DEMO;3.8;18;Free;0
BN Pro Black Text;LIBRARIES_AND_DEMO;3.9;53;Free;0
BN Pro Black Text on White;LIBRARIES_AND_DEMO;4.1;174;Free;0
BN Pro BlueICS HD Text;LIBRARIES_AND_DEMO;4.2;78;Free;0
BN Pro BlueICS-b HD Text;LIBRARIES_AND_DEMO;4;50;Free;0
BN Pro LcdD HD Text;LIBRARIES_AND_DEMO;3.9;71;Free;0
BN Pro LcdD Legacy Text;LIBRARIES_AND_DEMO;3.9;131;Free;0
BN Pro LcdD-b HD Text;LIBRARIES_AND_DEMO;4;45;Free;0
BN Pro Percent White HD Text;LIBRARIES_AND_DEMO;4;45;Free;0
BN Pro PercentXL-b Neon HD Txt;LIBRARIES_AND_DEMO;4.4;63;Free;0
BN Pro Play HD Text;LIBRARIES_AND_DEMO;4.4;34;Free;0
BN Pro Play-b HD Text;LIBRARIES_AND_DEMO;4.4;30;Free;0
BN Pro Roboto-b Neon HD Text;LIBRARIES_AND_DEMO;4.3;15;Free;0
BN Pro RobotoXL HD Text;LIBRARIES_AND_DEMO;4.2;86;Free;0
BN Pro RobotoXL-b HD Text;LIBRARIES_AND_DEMO;3.6;7;Free;0
BN Pro Solid Battery-White;LIBRARIES_AND_DEMO;4.1;120;Free;0
BN Pro White HD Text;LIBRARIES_AND_DEMO;4.4;50;Free;0
BN Pro White Text;BEAUTY;4;2;Free;0
BN Whitening Shoppe Ph;FINANCE;3.7;913;Free;0
BNCR Token Celular;EVENTS;4.1;110;Free;0
Bo Aung Din;LIFESTYLE;4.6;275;Paid;2,99
Board Game Stats: Play tracking for tabletop games;FAMILY;4.7;54;Paid;19,4
boattheory.ch Full 2018;FAMILY;3.3;16063;Free;0
Body scanner (prank);FAMILY;2.6;17;Free;0
Body Scanner xray Real Camera Prank Entertaintment;HEALTH_AND_FITNESS;NaN;0;Free;0
Bodyworks DW;PHOTOGRAPHY;4;50109;Free;0
Bokeh (Background defocus);AUTO_AND_VEHICLES;3;9;Free;0
Bolt - EV Charging Service;PRODUCTIVITY;2.6;85;Free;0
Bomb and Nade Timer for CS:GO;GAME;4.5;776730;Free;0
Bomber Friends;GAME;4.1;13304;Free;0
BombSquad Remote;FAMILY;NaN;235;Free;0
Bonjour 2017 Abidjan CI ❤❤❤❤❤;FAMILY;2.3;3;Free;0
Bono’s Pit Bar-B-Q;FAMILY;4.1;22;Free;0
Bonza Poly Art - Tenkyu Animal Jam for Kids;SOCIAL;3.5;20675;Free;0
BOO! - Next Generation Messenger;LIFESTYLE;3.8;6;Free;0
Book of AK-47;BOOKS_AND_REFERENCE;4.4;22486;Free;0
Book store;PARENTING;4.6;1002;Free;0
BookBaby - Baby Development;SPORTS;4.2;140883;Free;0
Booking Revolution;TRAVEL_AND_LOCAL;4.7;1830388;Free;0
Booking.com Travel Deals;TRAVEL_AND_LOCAL;4.7;1830387;Free;0
Booking.com Travel Deals;TRAVEL_AND_LOCAL;4.7;1830388;Free;0
Booking.com Travel Deals;FAMILY;4.5;5591653;Free;0
Boom Beach;FAMILY;4.2;13519;Free;0
Boomerang;PHOTOGRAPHY;4.4;928720;Free;0
Boomerang from Instagram;FAMILY;4.4;281448;Free;0
Boomerang Make and Race;BOOKS_AND_REFERENCE;3.4;37;Free;0
Bootable Methods(USB-CD-DVD);BUSINESS;NaN;0;Free;0
Border Ag & Energy;BOOKS_AND_REFERENCE;4.9;659;Free;0
Borneo Bible;FAMILY;4.2;13;Paid;2,49
Bo's Bedtime Story;FAMILY;4.3;6;Paid;2,49
Bo's Dinnertime Story;FAMILY;NaN;3;Paid;0,99
Bo's Matching Game;FAMILY;4.7;10;Paid;2,99
Bo's School Day;MEDICAL;NaN;1;Free;0
Boston AH;FAMILY;1.8;5;Free;0
Boston University Alumni;GAME;4.5;38297;Free;0
Bounce Classic;TOOLS;3.9;21;Free;0
Bowers & Wilkins DB Subwoofers;GAME;4.7;1534466;Free;0
Bowmasters;GAME;4.7;1535084;Free;0
Bowmasters;GAME;4.7;1535973;Free;0
Bowmasters;GAME;4.7;1535973;Free;0
Bowmasters;GAME;4.7;1536349;Free;0
Bowmasters;GAME;4.7;1535581;Free;0
Bowmasters;BUSINESS;4.2;159872;Free;0
Box;BUSINESS;4.2;159872;Free;0
Box;BUSINESS;4.2;159872;Free;0
Box;SHOPPING;3.8;6380;Free;0
Boxed Wholesale;GAME;4.3;71468;Free;0
Boyaa Poker (En) – Social Texas Hold’em;ART_AND_DESIGN;4.1;654;Free;0
Boys Photo Editor - Six Pack & Men's Suit;LIFESTYLE;4;7808;Free;0
BP and Sugar Test Prank;TOOLS;NaN;0;Free;0
BP Assist;BOOKS_AND_REFERENCE;4.4;52;Free;0
bp e-store;EVENTS;NaN;0;Paid;109,99
BP Fitness Lead Scanner;MEDICAL;5;6;Free;0
BP Journal - Blood Pressure Diary;MEDICAL;5;6;Free;0
BP Journal - Blood Pressure Diary;LIFESTYLE;5;3;Free;0
BP Log lite;LIFESTYLE;1.8;5;Free;0
bp Magazine for Bipolar;FAMILY;4.1;157;Free;0
BP Scanner Prank;BUSINESS;NaN;0;Free;0
BP Service;HEALTH_AND_FITNESS;2.1;32;Free;0
BP Toolbox;HEALTH_AND_FITNESS;4.3;12;Free;0
BP Tracker;MEDICAL;4.2;34;Free;0
BP Tracker-Symptoms & Solution;BUSINESS;3.4;25;Free;0
BP World Energy;TRAVEL_AND_LOCAL;3;69;Free;0
BPme - Mobile Fuel Payment & BP Driver Rewards app;MEDICAL;4.4;515;Paid;5,49
bpresso PRO;FAMILY;3.2;12;Free;0
BP-Tech;PHOTOGRAPHY;3.6;2526;Free;0
BQ Camera;SPORTS;NaN;18;Free;0
BQ Llicència;NEWS_AND_MAGAZINES;NaN;2;Free;0
bq magazine;COMMUNICATION;NaN;0;Free;0
BQ Partners;TOOLS;4.6;18;Free;0
BQ Scan;TOOLS;3;2;Free;0
BQ Scanner;TOOLS;3.7;5004;Free;0
BQ Services;FOOD_AND_DRINK;NaN;1;Free;0
BQ Wings;GAME;4.7;191;Free;0
BQ-መጽሐፍ ቅዱሳዊ ጥያቄዎች;LIFESTYLE;3;859;Free;0
BR;BOOKS_AND_REFERENCE;4.6;156;Free;0
BR Ambedkar Biography & Quotes;SOCIAL;4.9;29;Free;0
Br Browser;SOCIAL;1.9;16;Free;0
BR Chat Bot;BUSINESS;NaN;0;Free;0
BR Classified;VIDEO_PLAYERS;3.9;1016;Free;0
BR Series;FAMILY;4.9;1288;Free;0
Br Shafi;FAMILY;NaN;1;Free;0
Br video editing;VIDEO_PLAYERS;4;46;Free;0
BR Video Player;FAMILY;4.5;41;Free;0
Br. Parking - Busy road Parking 3D 2018;HEALTH_AND_FITNESS;4.4;5038;Free;0
Brain Waves - Binaural Beats;FAMILY;4;24;Free;0
Brainf*ck Interpreter;FINANCE;4.6;69973;Free;0
Branch;MEDICAL;2.6;5;Free;0
Brandon Lakes AH;COMMUNICATION;4.3;40241;Free;0
Brave Browser: Fast AdBlocker;FAMILY;2.6;366;Free;0
Break the Egg;NEWS_AND_MAGAZINES;4.7;2543;Free;0
Breaking News;MEDICAL;NaN;6;Free;0
Breastfeeding Tracker Baby Log;MEDICAL;NaN;6;Free;0
Breastfeeding Tracker Baby Log;MEDICAL;4.6;319;Paid;3,99
Breathing Zone;LIFESTYLE;4.4;1740;Free;0
Breweries (CZ/SK);FAMILY;4.4;7;Free;0
Brexit EU;PHOTOGRAPHY;3.9;4726;Free;0
Brica BPRO5 AE;GAME;5;7;Free;0
Brick Breaker BR;GAME;4.4;30253;Free;0
Bricks n Balls;FAMILY;3.9;137377;Free;0
Bridge Constructor Playground FREE;FAMILY;4.1;36151;Free;0
Bridge Constructor Stunts FREE;TOOLS;2;24;Free;0
Bridge-C - Get More Storage;TOOLS;4.5;876866;Free;0
Brightest Flashlight - LED Light;TOOLS;4.7;1335799;Free;0
Brightest Flashlight Free ®;TOOLS;4.5;60571;Free;0
Brightest LED Flashlight;EDUCATION;4.5;41185;Free;0
Brilliant;EDUCATION;4.5;41185;Free;0
Brilliant;MEDICAL;2.8;78;Free;0
Brilliant Distinctions®;BOOKS_AND_REFERENCE;4.5;67186;Free;0
Brilliant Quotes: Life;MAPS_AND_NAVIGATION;2.8;440;Paid;0,99
BringGo AU & NZ;LIFESTYLE;3.9;987;Free;0
Brit + Co;LIFESTYLE;3.9;987;Free;0
Brit + Co;TRAVEL_AND_LOCAL;4.2;25740;Free;0
British Airways;TRAVEL_AND_LOCAL;4.2;25726;Free;0
British Airways;FAMILY;3.3;14;Free;0
British Columbia License;TRAVEL_AND_LOCAL;4;1;Free;0
British Columbia Tourist Places (Guide);MAPS_AND_NAVIGATION;NaN;0;Free;0
British Columbia Transit Info;TOOLS;NaN;0;Free;0
BRL AG;FAMILY;3.3;23682;Free;0
Broken Screen Prank;GAME;4.3;8649;Free;0
BROTHER IN WARS: GUNNER CITY WARLORDS;COMMUNICATION;4.3;192948;Free;0
Browser 4G;BOOKS_AND_REFERENCE;4.7;146;Free;0
Browsery by Barnes & Noble;TOOLS;4.3;269;Free;0
BS Battery+;PRODUCTIVITY;4.2;218;Free;0
BS Calendar / Patro / पात्रो;GAME;NaN;0;Free;0
BS Chopper;FAMILY;4.6;9;Free;0
BS CS IT & SE;FAMILY;NaN;0;Paid;1,49
BS Detector - Diss 'n' Gauges;FAMILY;NaN;1;Free;0
BS Films;FAMILY;4.2;5;Free;0
BS Generator;MAPS_AND_NAVIGATION;4.5;6;Free;0
BS MAPS;TOOLS;NaN;3;Paid;0,99
BS Match Maker Premium;FAMILY;3.9;14;Free;0
BS Meter (Ad Supported);FAMILY;3.7;56;Free;0
BS Play;VIDEO_PLAYERS;3.5;54;Free;0
BS player remote;TOOLS;NaN;0;Free;0
BS TRACK CLIENT;GAME;NaN;3;Free;0
BS Tractor;TOOLS;NaN;9;Free;0
BS Where Am I;FAMILY;4.4;138;Free;0
BSc Ag Entrance Preparation;FAMILY;4.5;301;Free;0
Bsc Agri Notes;FAMILY;4.4;847;Free;0
BSC IT;COMMUNICATION;5;1;Free;0
BS-Mobile;VIDEO_PLAYERS;4.2;4585;Paid;5,99
BSPlayer;VIDEO_PLAYERS;4.3;9966;Free;0
BSPlayer ARMv7 VFP CPU support;VIDEO_PLAYERS;4.3;138337;Free;0
BSPlayer FREE;LIBRARIES_AND_DEMO;NaN;3;Free;0
BT (Usage Interne);NEWS_AND_MAGAZINES;NaN;24;Free;0
BT App;PHOTOGRAPHY;3.3;1307;Free;0
BT Camera;LIFESTYLE;4.9;26;Free;0
BT Church;SOCIAL;3.8;32;Free;0
BT Communicator;TOOLS;3.9;4374;Free;0
BT Controller;SOCIAL;4.1;158;Free;0
BT Dating -Find your match;BUSINESS;4.8;8;Free;0
BT Find Address for Bluetooth;FAMILY;NaN;0;Free;0
BT Master;COMMUNICATION;3.6;437;Free;0
BT MeetMe with Dolby Voice;COMMUNICATION;3.9;97;Free;0
BT Messenger;MAPS_AND_NAVIGATION;3.9;22;Free;0
BT Mobile;TOOLS;2.5;2794;Free;0
BT Notifier;TOOLS;2.8;632;Free;0
Bt Notifier -Smartwatch notice;BUSINESS;3.4;54;Free;0
BT One Mobile secure access;COMMUNICATION;3.5;33;Free;0
BT One Phone Mobile App;BUSINESS;4.5;80;Free;0
BT One Voice anywhere;COMMUNICATION;4;32;Free;0
BT One Voice mobile access;FINANCE;4.3;34;Free;0
BT Panorama;TOOLS;NaN;0;Free;0
BT Position Sender - Bluetooth Position Sender;TOOLS;4.1;36;Free;0
BT Remote (SPP) for Bluetooth;TOOLS;NaN;0;Free;0
BT Satmeter;BUSINESS;4.7;12;Free;0
BT Share It;SPORTS;NaN;3;Paid;4,8
BT Speed;FAMILY;NaN;1;Free;0
BTK-FH Online Campus;TOOLS;3.9;15665;Free;0
BTNotification;PERSONALIZATION;4.9;934;Free;0
BTS j-hope LINE Launcher theme;PERSONALIZATION;NaN;4;Free;0
BTS J-Hope Wallpaper HD for KPOP Fans;PERSONALIZATION;4.7;98;Free;0
BTS J-Hope Wallpaper KPOP Fans HD;PERSONALIZATION;4.8;51;Free;0
BTS V Kim Taehyung Wallpapers Kpop HD New;PERSONALIZATION;4.8;3283;Free;0
BTS V LINE Launcher theme;BOOKS_AND_REFERENCE;NaN;3;Free;0
BU Alsace;BEAUTY;NaN;1;Free;0
BU Beauty Rooms;SPORTS;3.5;4;Free;0
BU Bison Nation;SHOPPING;NaN;2;Free;0
BU Bookstore;MAPS_AND_NAVIGATION;4.2;57;Free;0
BU Bus Tracker;FAMILY;4.6;69;Free;0
BU Calculator;TRAVEL_AND_LOCAL;NaN;0;Free;0
BU Dental GoGoldman;GAME;NaN;4;Free;0
BU HANGİ ŞARKI ? - 2018;GAME;NaN;1;Free;0
Bu Hangi Ünlü?;GAME;NaN;14;Free;0
Bu Hangi Dizi ?;FAMILY;NaN;3;Free;0
Bu Hangi Film ?;FAMILY;NaN;8;Free;0
Bu Hangi Firma?;GAME;NaN;2;Free;0
Bu Hangi Oyun ?;FAMILY;NaN;1;Free;0
Bu Hangi Uygulama ?;GAME;NaN;31;Free;0
Bu Hangi Youtuber ?;FAMILY;3.5;4;Free;0
BU Library;FAMILY;4.5;472;Free;0
BU Mobile;GAME;NaN;0;Free;0
Bu Nedir ?;TRAVEL_AND_LOCAL;NaN;3;Free;0
BU Questrom Launch;TRAVEL_AND_LOCAL;NaN;0;Free;0
BU School of Public Health;FAMILY;4.7;38;Free;0
BU Students' Rep. Council;FAMILY;5;7;Free;0
BU Study;FAMILY;4.5;38;Free;0
BU Syllabus;FAMILY;4.4;37122;Free;0
Bu the Baby Bunny - Cute pet care game;FINANCE;4;48445;Free;0
Bualuang mBanking;TOOLS;4.5;31621;Free;0
Bubble;FAMILY;4.2;70753;Free;0
Bubble Bird Rescue;FAMILY;4.5;65;Free;0
Bubble Bo-Bo;FAMILY;4.4;59843;Free;0
Bubble Shooter;GAME;4.5;148897;Free;0
Bubble Shooter;GAME;4.5;148895;Free;0
Bubble Shooter;GAME;4.5;148945;Free;0
Bubble Shooter;GAME;4.5;148990;Free;0
Bubble Shooter;GAME;4.5;43576;Free;0
Bubble Shooter;GAME;4.3;23005;Free;0
Bubble Shooter 2;GAME;4.3;23043;Free;0
Bubble Shooter 2;FAMILY;4.2;636;Free;0
Bubble Shooter DX;FAMILY;NaN;1;Paid;2,99
Bubble Shooter DX AdFree;GAME;4.5;26985;Free;0
Bubble Shooter Genies;GAME;4.2;4355;Free;0
Bubble Shooter Space;FAMILY;4.3;2838064;Free;0
Bubble Witch 2 Saga;GAME;4.7;1732263;Free;0
Bubble Witch 3 Saga;FAMILY;4.7;394842;Free;0
Bubbu – My Virtual Pet;COMICS;4.5;9952;Free;0
Buff Thun - Daily Free Webtoon / Comics / Web Fiction / Mini Game;FAMILY;4.6;263454;Free;0
Build a Bridge!;HOUSE_AND_HOME;4.5;118;Free;0
Build.com - Shop Home Improvement & Expert Advice;PRODUCTIVITY;3.6;8;Free;0
Builder (by Engineer.ai);FAMILY;4.2;20807;Free;0
Builder Craft: House Building & Exploration;SHOPPING;4.4;662287;Free;0
Bukalapak - Buy and Sell Online;BOOKS_AND_REFERENCE;4.6;603;Free;0
Bulgarian French Dictionary Fr;PERSONALIZATION;3.8;143;Free;0
Bullet - FN Theme;GAME;4.5;634159;Free;0
Bullet Force;GAME;2.4;45;Free;0
Bullshit! (Free);GAME;2.8;48;Free;0
Bullshite!;GAME;4.2;139432;Free;0
Bunny Skater;FAMILY;4.4;150;Free;0
Burger King Foot Lettuce;LIFESTYLE;4;4160;Free;0
Burger King Italia;LIFESTYLE;4;41747;Free;0
BURGER KING® App;LIFESTYLE;3.8;19221;Free;0
BURGER KING® MOBILE APP;FOOD_AND_DRINK;4.5;2448;Free;0
BURGER KING® Puerto Rico;HEALTH_AND_FITNESS;4.5;38487;Free;0
Burn Your Fat With Me! FG;COMMUNICATION;4.3;14873;Free;0
Burner - Free Phone Number;SPORTS;4.9;195;Free;0
Burnley FC;FAMILY;4.3;10776;Free;0
Burrito Bash – We Bare Bears;MEDICAL;4.5;11;Free;0
BURST Professionals;FAMILY;4.3;31705;Free;0
Bus Driver 3D: Hill Station;GAME;4.1;753043;Free;0
Bus Rush: Subway Edition;SHOPPING;4.4;108592;Free;0
Buscapé - Offers and discounts;PRODUCTIVITY;4.6;102594;Free;0
Business Calendar 2;PRODUCTIVITY;4.6;27135;Paid;4,99
Business Calendar Pro;BUSINESS;4.2;5988;Free;0
Business Dictionary;FAMILY;4.9;7;Free;0
Business Intelligence & Data;BUSINESS;4.9;13;Free;0
Business Mitra (BM);FAMILY;4.3;207294;Free;0
busuu: Learn Languages - Spanish;EDUCATION;4.3;206527;Free;0
busuu: Learn Languages - Spanish;EDUCATION;4.3;206532;Free;0
busuu: Learn Languages - Spanish;EDUCATION;4.3;206532;Free;0
busuu: Learn Languages - Spanish;TOOLS;4.7;8114;Paid;2,49
BusyBox Pro;PERSONALIZATION;4.1;35771;Free;0
Butterfly Live Wallpaper;FAMILY;4.6;769;Free;0
Butterfly Pixel Art - coloring by number;HEALTH_AND_FITNESS;4.4;465;Free;0
Buttocks and Abdomen;PERSONALIZATION;4.4;251616;Free;0
Buzz Launcher-Smart&Free Theme;NEWS_AND_MAGAZINES;4.3;131028;Free;0
BuzzFeed: News;NEWS_AND_MAGAZINES;4.3;131028;Free;0
BuzzFeed: News;COMMUNICATION;5;3;Free;0
BV;TRAVEL_AND_LOCAL;NaN;0;Free;0
BV Aventure;SPORTS;NaN;0;Free;0
BV Bombers;BUSINESS;NaN;0;Free;0
BV Forest;SPORTS;NaN;3;Free;0
BV Frankfurt inside;BUSINESS;NaN;10;Free;0
BV Link;BUSINESS;NaN;9;Free;0
BV MAAp;PRODUCTIVITY;5;3;Free;0
BV Mobile Apps;BUSINESS;NaN;0;Free;0
BV Productions;TRAVEL_AND_LOCAL;NaN;0;Free;0
BV Rando;BUSINESS;4.3;28;Free;0
BV Smart;FAMILY;5;8;Free;0
BV Sridhara Maharaj;MAPS_AND_NAVIGATION;NaN;1;Free;0
BV Taxi - Driver;MAPS_AND_NAVIGATION;3.5;8;Free;0
BV Taxi Sudan;BUSINESS;NaN;0;Free;0
BV Teknisk App;LIFESTYLE;2.8;48;Free;0
BW App;BUSINESS;4.6;48;Free;0
BW COMPANY FINDER;BUSINESS;NaN;1;Free;0
BW eServices;EVENTS;4.4;16;Free;0
Bw Events;SPORTS;NaN;4;Free;0
BW Fuhlenbrock;TRAVEL_AND_LOCAL;3.6;57;Free;0
BW Map mobile;FINANCE;4.1;2048;Free;0
BW Mobilbanking für Smartphone und Tablet;TOOLS;3.7;50;Free;0
BW Smart;TOOLS;NaN;0;Free;0
BW SmartLife;GAME;NaN;1;Free;0
BW Switch;PRODUCTIVITY;NaN;2;Free;0
BW t&t;MAPS_AND_NAVIGATION;3;67;Free;0
BW Taxi;PRODUCTIVITY;NaN;0;Free;0
BW Ultra;PERSONALIZATION;4.5;4;Free;0
BW Wallpaper;GAME;4.5;70;Free;0
BW-DGS plugin;GAME;4.1;64;Free;0
BW-GnuGo;GAME;4.8;265;Paid;3,49
BW-Go;GAME;4.6;547;Free;0
BW-Go Free;PRODUCTIVITY;NaN;0;Free;0
BW-IVMS;GAME;4.7;705;Free;0
BW-Joseki;TOOLS;NaN;1;Free;0
Bx Access 4d;FINANCE;4.6;83;Free;0
BX Diff - Crypto Coins Checker;FAMILY;4.3;42;Free;0
bX Hot Articles by Ex Libris;FAMILY;4.3;131;Free;0
BX Memo;BUSINESS;4.7;3;Free;0
BX Mobile TMC for SAP B1;FINANCE;NaN;2;Free;0
BX Thailand - Crypto Tracking & Analyse Bitcoin;FINANCE;4.7;3;Free;0
Bx Thailand Alert (Bitcoin);FINANCE;NaN;8;Free;0
bX Thailand Simple Market Price and Alert;FINANCE;5;4;Free;0
BxPort - Bitcoin Bx (Thailand);VIDEO_PLAYERS;NaN;0;Free;0
Bx-WiFi-GI;WEATHER;4.2;19666;Free;0
ByssWeather for Wear OS;NEWS_AND_MAGAZINES;NaN;72;Free;0
bz Basel E-Paper;NEWS_AND_MAGAZINES;2.2;23;Free;0
bz Basel News;NEWS_AND_MAGAZINES;4.2;69;Free;0
bz Baselland E-Paper;NEWS_AND_MAGAZINES;2.8;33;Free;0
bz Basellandschaftliche News;NEWS_AND_MAGAZINES;NaN;64;Free;0
BZ Berner Oberländer;NEWS_AND_MAGAZINES;NaN;4;Free;0
BZ Berner Zeitung E-Paper;FAMILY;NaN;1;Free;0
BZ Bingo;TOOLS;4.7;7;Free;0
BZ Conferencing;PRODUCTIVITY;NaN;5;Free;0
BZ Dealer;SHOPPING;NaN;1;Free;0
BZ Delivery;GAME;4.6;15;Free;0
BZ Fingers;VIDEO_PLAYERS;NaN;22;Free;0
BZ Langenthaler Tagblatt;NEWS_AND_MAGAZINES;NaN;0;Free;0
BZ Langenthaler Tagblatt E-Paper;BUSINESS;4.7;41625;Free;0
BZ Reminder;BUSINESS;4.8;726;Paid;3,99
BZ Reminder PRO;TRAVEL_AND_LOCAL;4.3;291;Free;0
BZ Straußenführer;TRAVEL_AND_LOCAL;4.1;60;Free;0
BZ Vesper-App;GAME;4.4;12;Free;0
BZ Zombie VR;NEWS_AND_MAGAZINES;NaN;4;Free;0
BZ-Digital;NEWS_AND_MAGAZINES;4.3;828;Free;0
BZ-Smart;FINANCE;4.5;64959;Free;0
BZWBK24 mobile;FINANCE;4.5;64983;Free;0
BZWBK24 mobile;HEALTH_AND_FITNESS;5;5;Free;0
C B Patel Health Club;FAMILY;4.8;138;Free;0
C BOOK-C PROGRAMS;LIFESTYLE;1.7;686;Free;0
C by GE;FAMILY;4.2;1002;Free;0
C Examples;FAMILY;4.8;55;Free;0
C Functions;FAMILY;4.1;101;Free;0
C I Patel School;FAMILY;NaN;0;Free;0
C J Academy;PERSONALIZATION;4.5;901110;Free;0
C Launcher: Themes;PERSONALIZATION;4.2;1531;Paid;2,99
C Locker Pro;BOOKS_AND_REFERENCE;4.7;88;Free;0
C Offline Tutorial;FAMILY;4.5;4115;Free;0
C Pattern Programs Free;EDUCATION;4.3;22251;Free;0
C Programming;FAMILY;4.3;22248;Free;0
C Programming;FAMILY;4.5;2751;Free;0
C Programming - Learn Code;FAMILY;4.6;1218;Free;0
C Programming Zone;BOOKS_AND_REFERENCE;4.2;873;Free;0
C Programs and Reference;BOOKS_AND_REFERENCE;4;459;Free;0
C Programs Handbook;FAMILY;4.8;306;Free;0
C Prowess;COMMUNICATION;4.4;14;Free;0
C W Browser;SHOPPING;NaN;19;Free;0
C.B. Shop;SOCIAL;NaN;0;Free;0
C.P. CERVANTES (TOBARRA);LIFESTYLE;4.1;75;Free;0
C.S. Lewis Daily Quotes;EDUCATION;4.3;11904;Free;0
C++ Programming;EDUCATION;4.1;358;Free;0
C++ Tutorials;GAME;NaN;12;Free;0
C3-C4-PİCASSO-ELYSEE RACİNG;FAMILY;4.7;2890;Paid;2,99
C4droid - C/C++ compiler & IDE;TOOLS;3.8;39;Free;0
CA Auth ID;BUSINESS;2.4;16;Free;0
CA Case Management;BUSINESS;3.1;104;Free;0
CA Clarity Mobile Time Manager;FAMILY;4.7;160;Free;0
CA CS Network;TOOLS;4.2;5463;Free;0
CA DMV;BUSINESS;NaN;0;Free;0
CA Latam Partners;BOOKS_AND_REFERENCE;3.9;56;Free;0
CA Laws 2018 (California Laws and Codes);FAMILY;4.2;7000;Free;0
CA Lottery Official App;BUSINESS;NaN;9;Free;0
CA Mobile Authenticator;TOOLS;3.3;688;Free;0
CA Mobile OTP;BUSINESS;3.4;91;Free;0
CA Service Management;LIFESTYLE;5;12;Paid;0,99
CA Speakers;LIFESTYLE;4.8;74;Free;0
CA Speakers Free;FAMILY;NaN;1;Free;0
CA Technologies;BUSINESS;3.2;54;Free;0
CA UIM Mobile;PRODUCTIVITY;3.7;7;Free;0
CA World '17;SPORTS;NaN;1;Free;0
Cádiz CB Gades;TOOLS;3.9;333;Free;0
CABLE SIZE CALCULATOR BS 7671;TOOLS;4.5;12759663;Free;0
Cache Cleaner-DU Speed Booster (booster & cleaner);TOOLS;4.5;12759815;Free;0
Cache Cleaner-DU Speed Booster (booster & cleaner);SPORTS;NaN;19;Free;0
Cacique CF;LIFESTYLE;3.9;18961;Free;0
Caf - My Account;NEWS_AND_MAGAZINES;4;677;Free;0
Cafe.ba;FAMILY;4.3;30668;Free;0
Cake Shop - Kids Cooking;PRODUCTIVITY;4.2;86172;Free;0
Cal - Google Calendar + Widget;MEDICAL;3.4;77;Paid;2,99
Calcium Pro;TOOLS;4.7;152692;Free;0
CALCU™ Stylish Calculator Free;FAMILY;NaN;44;Free;0
Calculate My IQ;DATING;2.6;57;Paid;6,99
Calculator;TOOLS;4.3;40770;Free;0
Calculator;TOOLS;4.6;25592;Free;0
Calculator - free calculator;TOOLS;4.4;1236;Free;0
Calculator - free calculator ;PRODUCTIVITY;4.7;287250;Free;0
Calculator - unit converter;TOOLS;4.6;33509;Free;0
Calculator ++;TOOLS;4.4;8;Free;0
Calculator CM;TOOLS;NaN;9;Free;0
Calculator Fn;PRODUCTIVITY;4.5;2965;Free;0
Calculator L;TOOLS;4.6;679912;Free;0
Calculator Plus Free;TOOLS;4.8;48211;Free;0
Calculator with Percent (Free);TOOLS;4.8;36557;Free;0
Calcy IV;PRODUCTIVITY;4.2;60840;Free;0
Calendar Widget Month + Agenda;PRODUCTIVITY;4;8985;Free;0
Calendar+ Schedule Planner App;PRODUCTIVITY;4.6;27;Free;0
Calendars (En;TRAVEL_AND_LOCAL;4;305;Free;0
California Cameras - Traffic;PRODUCTIVITY;3;5;Paid;4,99
California Cop Assist CA Cop;HEALTH_AND_FITNESS;3.9;21;Free;0
CALIOPE EU: Air Quality;BUSINESS;4.6;188841;Free;0
Call Blocker;COMMUNICATION;4.1;17529;Free;0
Call Blocker;COMMUNICATION;4.2;30350;Free;0
Call Blocker - Blacklist;COMMUNICATION;4;6;Free;0
Call Blocker & Blacklist;COMMUNICATION;4.4;93825;Free;0
Call Control - Call Blocker;COMMUNICATION;4.3;30209;Free;0
Call Free – Free Call;GAME;4.2;13004;Paid;6,99
Call of Duty:Black Ops Zombies;GAME;4.4;1604146;Free;0
Call of Duty®: Heroes;GAME;4.2;326042;Free;0
Call of Mini™ Dino Hunter;GAME;4.4;248417;Free;0
Call of Mini™ Zombies 2;LIBRARIES_AND_DEMO;4.7;48;Free;0
Call Recorder;COMMUNICATION;4.4;483565;Free;0
CallApp: Caller ID;COMMUNICATION;4.4;483782;Free;0
CallApp: Caller ID;COMMUNICATION;4.6;93930;Free;0
Caller ID & Call Block - DU Caller;COMMUNICATION;4;9498;Free;0
Caller ID +;COMMUNICATION;4.2;83239;Free;0
Calls & Text by Mo+;COMMUNICATION;4.2;83239;Free;0
Calls & Text by Mo+;COMMUNICATION;4.5;457283;Free;0
Calls Blacklist - Call Blocker;HEALTH_AND_FITNESS;4.6;111450;Free;0
Calm - Meditate;HEALTH_AND_FITNESS;4.6;111455;Free;0
Calm - Meditate;HEALTH_AND_FITNESS;4.7;50294;Free;0
Calorie Counter - EasyFit free;HEALTH_AND_FITNESS;4;3061;Free;0
Calorie Counter - Macros;HEALTH_AND_FITNESS;4;3061;Free;0
Calorie Counter - Macros;HEALTH_AND_FITNESS;4.6;1873516;Free;0
Calorie Counter - MyFitnessPal;HEALTH_AND_FITNESS;4.6;1873523;Free;0
Calorie Counter - MyFitnessPal;HEALTH_AND_FITNESS;4.6;1873520;Free;0
Calorie Counter - MyFitnessPal;HEALTH_AND_FITNESS;4.6;1873520;Free;0
Calorie Counter - MyFitnessPal;HEALTH_AND_FITNESS;4.6;1873523;Free;0
Calorie Counter - MyFitnessPal;HEALTH_AND_FITNESS;4.5;27439;Free;0
Calorie Counter - MyNetDiary;HEALTH_AND_FITNESS;4.5;27439;Free;0
Calorie Counter - MyNetDiary;HEALTH_AND_FITNESS;4.5;32606;Free;0
Calorie Counter & Diet Tracker;HEALTH_AND_FITNESS;4.5;32606;Free;0
Calorie Counter & Diet Tracker;HEALTH_AND_FITNESS;4.4;229210;Free;0
Calorie Counter by FatSecret;HEALTH_AND_FITNESS;4.4;229214;Free;0
Calorie Counter by FatSecret;LIFESTYLE;4.4;10;Free;0
Calvary.ch App;SHOPPING;4.7;221;Free;0
Calvin Klein – US Store;BEAUTY;NaN;0;Free;0
Calvin Klein Petite Dresses;DATING;NaN;0;Free;0
CAM5678 Video Chat;FAMILY;4.4;761;Free;0
Cambridge English FC;PHOTOGRAPHY;4.2;240475;Free;0
Camera for Android;PHOTOGRAPHY;4.2;240475;Free;0
Camera for Android;PHOTOGRAPHY;4.2;240475;Free;0
Camera for Android;PHOTOGRAPHY;3.8;16320;Paid;3,95
Camera FV-5;PHOTOGRAPHY;3.8;16317;Paid;3,95
Camera FV-5;PHOTOGRAPHY;4;130081;Free;0
Camera FV-5 Lite;PHOTOGRAPHY;4;130063;Free;0
Camera FV-5 Lite;PHOTOGRAPHY;4.3;244371;Free;0
Camera MX - Free Photo & Video Camera;PHOTOGRAPHY;4.3;244302;Free;0
Camera MX - Free Photo & Video Camera;PHOTOGRAPHY;4.1;7479;Free;0
Camera Pro;PHOTOGRAPHY;4;2480;Free;0
Camera V7 24 Megapixel;PHOTOGRAPHY;4;88860;Free;0
Camera ZOOM FX - FREE;PHOTOGRAPHY;3.7;1213;Free;0
camera zoom moon;PHOTOGRAPHY;4.4;221858;Free;0
Camera360 Lite - Selfie Camera;PHOTOGRAPHY;4.4;221878;Free;0
Camera360 Lite - Selfie Camera;PHOTOGRAPHY;4.3;4865093;Free;0
Camera360: Selfie Photo Editor with Funny Sticker;PHOTOGRAPHY;4.3;4865107;Free;0
Camera360: Selfie Photo Editor with Funny Sticker;PHOTOGRAPHY;4.3;4865132;Free;0
Camera360: Selfie Photo Editor with Funny Sticker;PHOTOGRAPHY;4;29707;Free;0
Camera51 - a smarter camera;PHOTOGRAPHY;4.2;140917;Free;0
Cameringo Lite. Filters Camera;PHOTOGRAPHY;4.6;28107;Paid;2,99
Cameringo+ Filters Camera;TRAVEL_AND_LOCAL;4.2;238;Paid;5,99
Campervan.Guide Pro;HEALTH_AND_FITNESS;3.5;293;Free;0
CampGladiator;TRAVEL_AND_LOCAL;3.7;19;Free;0
Camping and Co - Camping in Europe;GAME;3.3;5290;Free;0
Camping RV Caravan Parking 3D;PRODUCTIVITY;4.6;1502622;Free;0
CamScanner - Phone PDF Creator;PRODUCTIVITY;4.4;26358;Paid;1,99
CamScanner (License);TRAVEL_AND_LOCAL;3.9;58;Free;0
Can I pack that? - DG App;FAMILY;4.1;155649;Free;0
Can Knockdown;GAME;4.1;349503;Free;0
Can Knockdown 3;FAMILY;4.3;45370;Free;0
Can Your Pet? : Returns - Teen;FAMILY;4.4;42145;Free;0
Candy Bomb;GAME;4.4;42145;Free;0
Candy Bomb;PHOTOGRAPHY;4.4;3368649;Free;0
Candy Camera - selfie;PHOTOGRAPHY;4.4;3368646;Free;0
Candy Camera - selfie;PHOTOGRAPHY;4.4;3368705;Free;0
Candy Camera - selfie;GAME;4.3;1300490;Free;0
Candy Crush Jelly Saga;GAME;4.3;1300619;Free;0
Candy Crush Jelly Saga;FAMILY;4.4;22419455;Free;0
Candy Crush Saga;GAME;4.4;22426677;Free;0
Candy Crush Saga;GAME;4.4;22428456;Free;0
Candy Crush Saga;GAME;4.4;22428456;Free;0
Candy Crush Saga;GAME;4.4;22429716;Free;0
Candy Crush Saga;GAME;4.4;22430188;Free;0
Candy Crush Saga;GAME;4.4;22430188;Free;0
Candy Crush Saga;GAME;4.4;6198563;Free;0
Candy Crush Soda Saga;GAME;4.4;6198880;Free;0
Candy Crush Soda Saga;GAME;4.4;6199095;Free;0
Candy Crush Soda Saga;FAMILY;4.5;11716;Free;0
Candy Day;FAMILY;4.7;12948;Free;0
Candy Pop Story;PHOTOGRAPHY;4.4;53421;Free;0
Candy selfie - photo editor;LIFESTYLE;2.1;2390;Free;0
Candy simply-Fi;FAMILY;4.5;11436;Free;0
Candy Smash;PHOTOGRAPHY;3.5;12204;Free;0
Canon CameraWindow;ART_AND_DESIGN;4.7;174531;Free;0
Canva: Poster;FAMILY;4.9;36;Free;0
Canvas FL;EDUCATION;4.5;42828;Free;0
Canvas Student;FINANCE;NaN;1;Free;0
Capital Bk Mobile Business Dep;FINANCE;4.6;510392;Free;0
Capital One® Mobile;FINANCE;4.6;510401;Free;0
Capital One® Mobile;NEWS_AND_MAGAZINES;NaN;0;Free;0
Capitalnews.com.cy;FINANCE;4.3;20672;Free;0
Capitec Remote Banking;FINANCE;NaN;0;Free;0
Caprock Santa Fe Credit Union;LIFESTYLE;4;448;Free;0
CAPTCHA Pack for Sleep as Android;GAME;3.6;151;Free;0
Car Crash III Beam DH Real Damage Simulator 2018;FAMILY;3.8;174;Free;0
Car Driving Simulator Citroen;GAME;4.4;19816;Free;0
Car Driving Simulator Drift;FAMILY;NaN;0;Paid;1,49
Car Driving Theory Test BC;TOOLS;4.2;184;Free;0
Car G-Force Meter;FAMILY;4.2;106;Free;0
Car Parking Crane N Drifting;FAMILY;4.4;187892;Free;0
Car Parking Game 3D - Real City Driving Challenge;FAMILY;3.2;513;Free;0
Car Parking Nissan GT-R R35 Simulator;GAME;4.3;54221;Free;0
Car Race by Fun Games For Free;FAMILY;4.4;131;Free;0
Car Racing game for Kids - Beepzz Dogs 🐕;AUTO_AND_VEHICLES;2.6;5;Free;0
Car Search For Craigslist CL Free;TOOLS;4.4;117850;Free;0
Card Creator for CR;FAMILY;4.3;129603;Paid;2,99
Card Wars - Adventure Time;FAMILY;4.3;920571;Free;0
Card Wars Kingdom;LIBRARIES_AND_DEMO;4.2;130272;Free;0
Cardboard;LIBRARIES_AND_DEMO;4.2;130287;Free;0
Cardboard;PERSONALIZATION;4.5;2;Free;0
Cardi B HD Wallpapers Lock Screen;DATING;4.4;28;Free;0
Cardi B Live Stream Video Chat - Prank;DATING;4.4;28;Free;0
Cardi B Live Stream Video Chat - Prank;GAME;3.1;50;Free;0
Cardi B Piano Game;ART_AND_DESIGN;4.8;253;Free;0
Cardi B Wallpaper;PERSONALIZATION;4.1;8;Free;0
CARDI B WALLPAPERS;MEDICAL;5;6;Free;0
CARDIAC CT TECHNIQUE;MEDICAL;4.4;8;Paid;12,99
Cardiac diagnosis (heart rate;MEDICAL;4.4;8;Paid;12,99
Cardiac diagnosis (heart rate;MEDICAL;4.2;4559;Free;0
Cardiac diagnosis (heart rate;MEDICAL;4.2;19;Free;0
Cardinal Glennon ER Reference;FAMILY;4.4;19207;Free;0
Cardinal Quest 2;MEDICAL;4.5;3320;Free;0
Cardio Journal — Blood Pressure Log;MEDICAL;NaN;24;Paid;5,99
Cardio Z;MEDICAL;NaN;67;Free;0
Cardio-FR;GAME;4.7;325;Free;0
Cards Casino:Video Poker & BJ;MEDICAL;4.4;27524;Free;0
CareZone;PRODUCTIVITY;NaN;0;Paid;2,99
Cargo de Praça PM DF;AUTO_AND_VEHICLES;4.4;21777;Free;0
CarMax – Cars for Sale: Search Used Car Inventory;GAME;4.2;62636;Free;0
Carnivores: Dinosaur Hunter;SHOPPING;4.3;125783;Free;0
Carousell: Snap-Sell;SHOPPING;4.3;125783;Free;0
Carousell: Snap-Sell;COMMUNICATION;NaN;0;Free;0
Carpooling FH Hagenberg;TOOLS;2.5;362;Free;0
Carrier Air Conditioner;FAMILY;4.6;5969;Paid;12,99
Carrier Landings Pro;GAME;4.3;20691;Free;0
Carros Rebaixados BR;EDUCATION;4.4;1090;Free;0
Cars Coloring Pages;AUTO_AND_VEHICLES;4.5;276;Free;0
CARS.bg;FAMILY;4.5;58795;Free;0
Cars: Lightning League;FAMILY;4;119173;Free;0
Cartoon Network App;VIDEO_PLAYERS;4;119202;Free;0
Cartoon Network App;FAMILY;4.7;21979;Free;0
Cartoon Network Match Land;FAMILY;4.1;137674;Free;0
Cartoon Wars 3;GAME;4.4;165656;Free;0
Cartoon Wars: Blade;HEALTH_AND_FITNESS;4.7;12;Free;0
Casa CF;FINANCE;3.4;5;Free;0
Casa de Bolsa Bx+ Móvil;FAMILY;4.6;60;Free;0
CASE K-12 Math English Science;FAMILY;4.3;14604;Free;0
Case Simulator Hero for CS:GO;GAME;4.8;549720;Free;0
Cash;FINANCE;4;34428;Free;0
Cash App;FINANCE;3.3;335738;Free;0
CASHIER;TRAVEL_AND_LOCAL;4.3;201;Free;0
Casino AZ/Talking Stick Resort;GAME;4.5;30515;Free;0
Casino X - Free Online Slots;VIDEO_PLAYERS;3.3;1261;Free;0
Casper Ssinema;FAMILY;4.6;584070;Free;0
Castle Clash: Epic Empire ES;FAMILY;4.6;4578890;Free;0
Castle Clash: Heroes of the Empire US;GAME;4.6;4578476;Free;0
Castle Clash: Heroes of the Empire US;FAMILY;4.7;376223;Free;0
Castle Clash: RPG War and Strategy FR;FAMILY;4.2;1484;Free;0
Castle Defense : Invasion;FAMILY;4.2;35172;Free;0
Castle Defense 2;MEDICAL;3.7;529;Free;0
Castlight Mobile;DATING;4.5;61637;Free;0
Casual Dating & Adult Singles - Joyride;DATING;4.5;61637;Free;0
Casual Dating & Adult Singles - Joyride;FAMILY;4;3;Free;0
Casual Sic Bo (骰寶);FAMILY;4.6;137198;Free;0
Cat Sim Online: Play with Cats;FAMILY;4.8;12;Free;0
Catalyst AZ;TRAVEL_AND_LOCAL;3.3;4069;Free;0
Cathay Pacific;BOOKS_AND_REFERENCE;5;23;Free;0
Catholic La Bu Zo Kam;TOOLS;NaN;0;Free;0
Cathy AH;GAME;4.7;1559650;Free;0
CATS: Crash Arena Turbo Stars;FOOD_AND_DRINK;4.2;3755;Free;0
Caviar - Food Delivery;PERSONALIZATION;4.1;4538;Free;0
CB Background - Free HD Wallpaper Images;FINANCE;4.5;1308;Free;0
CB Bank Mobile Banking;COMMUNICATION;5;5;Free;0
Cb browser;PHOTOGRAPHY;4.2;17;Free;0
CB Edits PNG & CB Backgrounds;HEALTH_AND_FITNESS;5;1;Free;0
CB Fit;TOOLS;4;5;Paid;0,99
CB Frequencies;TOOLS;3.1;364;Free;0
CB Frequencies FREE!;PHOTOGRAPHY;4.6;26;Free;0
CB Hair Png - New Hair Png For CB Editing;SOCIAL;5;5;Free;0
CB Heroes;BUSINESS;NaN;0;Free;0
CB Land;HEALTH_AND_FITNESS;NaN;0;Free;0
CB Martial Arts;BUSINESS;NaN;3;Free;0
CB Mobile;FINANCE;1.5;57;Free;0
CB Mobile Access;FINANCE;1;3;Free;0
CB Mobile Biz;FINANCE;NaN;1;Free;0
CB Mobile GA;FAMILY;5;7;Free;0
CB News;HEALTH_AND_FITNESS;NaN;0;Free;0
CB NFC Pendant;COMMUNICATION;4.1;901;Free;0
CB On Mobile;FAMILY;3.8;5;Free;0
CB Outdoors;FINANCE;4.5;198;Free;0
CB Pay;COMMUNICATION;4;17998;Free;0
CB Radio Chat - for friends!;FAMILY;5;1;Free;0
CB Register;TOOLS;NaN;30;Free;0
CB SMART LIFE;TOOLS;NaN;1;Free;0
CB SmartCAR Monitor;FAMILY;NaN;1;Free;0
CB STARS;FINANCE;4.7;11;Free;0
CB Trader;FAMILY;NaN;2;Free;0
CB TV;LIFESTYLE;3.3;3;Free;0
CB Underground;PHOTOGRAPHY;5;13;Free;0
CB VIDEO VISION;FINANCE;4.5;96;Free;0
CB-Mobile Banking;TOOLS;3.9;127;Free;0
CBRadioTab;ENTERTAINMENT;3.8;92058;Free;0
CBS - Full Episodes & Live TV;ENTERTAINMENT;3.8;92058;Free;0
CBS - Full Episodes & Live TV;NEWS_AND_MAGAZINES;4.3;23641;Free;0
CBS News;SPORTS;4.3;91031;Free;0
CBS Sports App - Scores;SPORTS;4.3;91031;Free;0
CBS Sports App - Scores;SPORTS;4.3;91031;Free;0
CBS Sports App - Scores;SPORTS;4.3;91031;Free;0
CBS Sports App - Scores;SPORTS;4.3;91033;Free;0
CBS Sports App - Scores;SPORTS;4.3;91033;Free;0
CBS Sports App - Scores;SPORTS;4.3;91033;Free;0
CBS Sports App - Scores;SPORTS;4.3;91035;Free;0
CBS Sports App - Scores;SPORTS;4;43611;Free;0
CBS Sports Fantasy;SPORTS;4;43611;Free;0
CBS Sports Fantasy;MEDICAL;3.6;25;Paid;10,99
CCHT PREP;TOOLS;4.4;885187;Free;0
CCleaner;FINANCE;4.7;642;Free;0
CCP DZ : Fill out a check | Number in letters DZD;FAMILY;NaN;2;Free;0
CD - Teach me ABC English L1;FAMILY;NaN;17;Free;0
CD Carpe Diem App;FAMILY;5;10;Free;0
CD CHOICE TUBE;MAPS_AND_NAVIGATION;4.3;12;Free;0
CD COMET;BUSINESS;NaN;1;Free;0
CD Events;SPORTS;NaN;6;Free;0
CD JUANITO;PRODUCTIVITY;3.9;44;Free;0
CD Library;LIFESTYLE;NaN;8;Free;0
CD Live - Club del Deportista;LIBRARIES_AND_DEMO;NaN;1;Free;0
CD Music;SPORTS;NaN;1;Free;0
CD Padel Mora;BUSINESS;4.6;52;Free;0
CD Ready;BUSINESS;NaN;2;Free;0
CD Roma's;BUSINESS;NaN;0;Free;0
CD Supply;TOOLS;NaN;0;Free;0
CD View;TOOLS;NaN;2;Free;0
CD View Lite;AUTO_AND_VEHICLES;4.9;7774;Free;0
CDL Practice Test 2018 Edition;BUSINESS;3.8;70;Free;0
CD-Zing;TRAVEL_AND_LOCAL;NaN;1;Free;0
CE AH VLJ;LIFESTYLE;NaN;0;Free;0
CE Airbus;LIFESTYLE;NaN;0;Free;0
CE AR LOG;LIFESTYLE;NaN;0;Free;0
CE BF;FAMILY;3.7;190;Free;0
CE Broker;FINANCE;NaN;1;Free;0
C-E Federal Credit Union;MEDICAL;NaN;0;Paid;3,99
CE Genius Nurses Edition;NEWS_AND_MAGAZINES;NaN;2;Free;0
CE HPJM 69;BUSINESS;NaN;0;Free;0
CE Intelligence;LIFESTYLE;NaN;1;Free;0
CE KISIO;MAPS_AND_NAVIGATION;4.5;62;Paid;0,99
CE Map - Interactive Conan Exiles Map;TOOLS;4.4;79;Free;0
CE on the go;TOOLS;5;3;Free;0
CE Smart;BUSINESS;NaN;0;Free;0
CE SmartApp.com;PRODUCTIVITY;NaN;0;Free;0
CE SODEXO PASS FRANCE;TOOLS;NaN;0;Free;0
Ceasa CE;FAMILY;4.5;12;Free;0
CEHQ - CE Credits for Nurses;TOOLS;3.3;16;Free;0
Centimeter Ruler;FINANCE;4.7;65;Free;0
Central Bank and Trust Co.;MEDICAL;4.4;38;Free;0
Cerebral Palsy;FAMILY;4.6;2683;Free;0
Cerulean Heart;LIBRARIES_AND_DEMO;NaN;0;Free;0
CE-SETRAM l’Appli;MAPS_AND_NAVIGATION;4.6;2681;Free;0
Cestovné poriadky CP;FAMILY;NaN;0;Free;0
CE-STRONG;FINANCE;5;2;Free;0
CF;LIFESTYLE;2;11;Free;0
CF Appreciation;TOOLS;4.3;123;Free;0
CF cal;LIFESTYLE;3.3;25;Free;0
CF Calculator;COMMUNICATION;3.4;5;Free;0
CF Chat: Connecting Friends;FAMILY;NaN;1;Free;0
CF Church;LIFESTYLE;1.5;2;Free;0
CF Climb;HEALTH_AND_FITNESS;NaN;0;Free;0
CF Etowah;MEDICAL;4.3;16;Free;0
CF GeneE;FINANCE;4.4;11;Free;0
CF Invest;FAMILY;5;4;Free;0
CF Life;FINANCE;NaN;4;Free;0
CF PD;HEALTH_AND_FITNESS;NaN;12;Free;0
CF Riga;LIFESTYLE;2.8;88;Free;0
CF SHOP!;HEALTH_AND_FITNESS;NaN;0;Free;0
CF SPOT;HEALTH_AND_FITNESS;NaN;4;Free;0
CF Talenti;HEALTH_AND_FITNESS;NaN;0;Free;0
CF Themis;HEALTH_AND_FITNESS;5;4;Free;0
CF Townsville;TOOLS;4.4;4901;Free;0
CF.lumen;TOOLS;4.4;2132;Free;0
CF-Bench;TOOLS;4.6;159;Paid;1,49
CF-Bench Pro;PRODUCTIVITY;3.6;49;Free;0
CG - Calendars Add-On;FAMILY;5;7;Free;0
CG - Chemistry free;PRODUCTIVITY;NaN;6;Free;0
CG - Conference Call Add-On;TOOLS;NaN;0;Free;0
CG 3D Model Viewer: view 3D models interactively;FAMILY;4;8;Free;0
CG Backgrounds;EVENTS;3.8;59;Free;0
CG BILASPUR CARNIVAL;NEWS_AND_MAGAZINES;4.3;117;Free;0
CG Creative Sets: 2D/3D Artist;NEWS_AND_MAGAZINES;4.3;65;Free;0
CG Daily News;SOCIAL;3.8;14;Free;0
CG Districts;HEALTH_AND_FITNESS;2.6;13;Free;0
CG Fit Scale;FAMILY;5;2;Free;0
CG FM;NEWS_AND_MAGAZINES;4.7;10;Free;0
CG Freelancer;FAMILY;4.5;170;Free;0
cg guruji;FAMILY;4.2;116;Free;0
CG Job Alerts;FAMILY;5;8;Free;0
CG Jobs;FAMILY;4.4;31;Free;0
CG JOKES - Copy & Share;FAMILY;3.8;28;Free;0
CG Patwari Exam;PHOTOGRAPHY;5;1;Free;0
CG Prints;FAMILY;4.2;145;Free;0
CG Samanya Gyan;FAMILY;4.3;14;Free;0
CG Sanyukt Bharti Pariksha 2018;FAMILY;4.4;211;Free;0
CG Shikshak;TOOLS;4.1;295;Free;0
CG Shikshak Mitan;SPORTS;NaN;2;Free;0
CG Smart;NEWS_AND_MAGAZINES;NaN;0;Free;0
CG Vidhansabha Chunav 2018;FAMILY;4.5;11;Free;0
CG Wallpapers;TOOLS;NaN;6;Free;0
CG Wizard;FAMILY;4;54;Free;0
CG Yojna & Jansampark;NEWS_AND_MAGAZINES;3.9;45;Free;0
CH info;BUSINESS;4.4;36;Free;0
CH Kadels;LIBRARIES_AND_DEMO;4.6;539;Free;0
Chakra Cleansing;SPORTS;4.3;36490;Free;0
Championat;FAMILY;4.6;51973;Free;0
Champions and Challengers - Adventure Time;PHOTOGRAPHY;3.8;28660;Free;0
Change photo background;FINANCE;4.4;188;Free;0
ChangeDA - Cours du DZD sur le marché parallèle;COMMUNICATION;3.7;916;Free;0
Channel 19;FAMILY;4.6;34;Free;0
Channel U;GAME;4.5;73539;Free;0
Chapters: Interactive Stories;MAPS_AND_NAVIGATION;4.6;796;Free;0
ChargeHub - Find EV & Tesla Charging Stations;PRODUCTIVITY;4.7;10;Free;0
Charlotte County;LIFESTYLE;4.4;39364;Free;0
Chart - Myanmar Keyboard;FINANCE;4.6;1374549;Free;0
Chase Mobile;DATING;3.5;69;Free;0
Chat Anónimo Gratis Español CG;DATING;NaN;4;Free;0
Chat Click - Dating Search;COMMUNICATION;5;8;Free;0
chat dz;SOCIAL;3.4;622;Free;0
Chat For Strangers - Video Chat;DATING;4.7;6;Free;0
Chat Kids - Chat Room For Kids;DATING;4.7;6;Free;0
Chat Kids - Chat Room For Kids;DATING;NaN;24;Free;0
chat live chat;DATING;NaN;8;Free;0
Chat Mexico: meet people;DATING;4.3;135418;Free;0
Chat Rooms;DATING;4.3;135420;Free;0
Chat Rooms;DATING;4.1;11;Free;0
chat saudi arabia;FAMILY;3.2;32;Free;0
Chat With Artificial Intelligence;FAMILY;3.3;1407;Free;0
ChatBolo - AI Chatbot Online;FAMILY;3.8;3597;Free;0
ChatBot AI Talking Girl;FAMILY;NaN;9;Free;0
Chatime AB Rewards;DATING;4.2;2506;Free;0
Chatting - Free chat;DATING;4.2;63986;Free;0
ChatVideo Meet new people;TRAVEL_AND_LOCAL;4.2;42546;Free;0
Cheap Flights & Hotels momondo;TRAVEL_AND_LOCAL;4.5;7153;Free;0
Cheap hotel deals and discounts — Hotellook;TRAVEL_AND_LOCAL;4.4;47780;Free;0
Cheapflights – Flight Search;TRAVEL_AND_LOCAL;4.4;47777;Free;0
Cheapflights – Flight Search;TRAVEL_AND_LOCAL;4.4;6925;Free;0
CheapTickets – Hotels;FAMILY;4.3;589;Free;0
Cheat Codes for GTA V;GAME;4.3;90415;Free;0
Cheating Tom 3 - Genius School;FAMILY;4.2;450;Free;0
Cheats for GTA V;TOOLS;NaN;0;Free;0
Check DB Benchmark;FAMILY;2;27;Free;0
Check Lottery Tickets - Florida;AUTO_AND_VEHICLES;3.9;295;Free;0
Check Vehicle Tax;SOCIAL;3.6;40;Free;0
Check Your Visitors on FB ?;GAME;4.5;375996;Free;0
Checkers;FAMILY;4.1;3617;Free;0
Checkers ✔️;SHOPPING;4.1;52896;Free;0
Checkout 51: Grocery coupons;SHOPPING;4.1;52896;Free;0
Checkout 51: Grocery coupons;SHOPPING;4.1;52896;Free;0
Checkout 51: Grocery coupons;SHOPPING;4.1;23187;Free;0
CheckPoints 🏆 Rewards App;FOOD_AND_DRINK;4.1;32405;Free;0
Chef - Recipes & Cooking;FOOD_AND_DRINK;4.5;9066;Free;0
ChefTap Recipes & Grocery List;EDUCATION;4.3;14700;Free;0
Chegg Study - Homework Help;PRODUCTIVITY;4.5;91397;Free;0
Chelsea FC Official Keyboard;BOOKS_AND_REFERENCE;4.8;44;Free;0
Chemin (fr);MEDICAL;5;1;Free;0
Chenoweth AH;FAMILY;4.5;359;Paid;4,99
Chess and Mate;FAMILY;4.1;3234;Free;0
Chess for Kids - Play & Learn;FAMILY;4.3;23772;Free;0
Chess Free;GAME;4.5;1375988;Free;0
Chess Free;FAMILY;4.8;4;Paid;14,99
Chess of Blades (BL/Yaoi Game) (No VA);FAMILY;4.2;45;Free;0
Chess of Blades (Demo);FAMILY;3.8;1123;Free;0
Chess PRO Free;FAMILY;4.3;879;Free;0
Chess School for Beginners;FAMILY;3.9;14754;Free;0
Chest Calculator for CR;MEDICAL;NaN;2;Paid;9,99
Chest CT Sectional Walker;FAMILY;NaN;68;Free;0
Chest Opener for CR - The Circle Game;FAMILY;4.4;4756;Free;0
Chest Simulator for Clash Royale;TOOLS;4.3;77717;Free;0
Chest Tracker for Clash Royale;NEWS_AND_MAGAZINES;3.6;1380;Free;0
Chicago Tribune;GAME;4.2;52390;Free;0
Chicken Invaders 3;LIBRARIES_AND_DEMO;4.3;434;Free;0
chicken song;FOOD_AND_DRINK;4.3;28008;Free;0
Chick-fil-A;FOOD_AND_DRINK;4.3;28009;Free;0
Chick-fil-A;FOOD_AND_DRINK;4.3;27931;Free;0
Chick-fil-A;LIFESTYLE;4.1;360;Free;0
Chictopia;LIFESTYLE;4.1;360;Free;0
Chictopia;PARENTING;4.4;498;Free;0
Child Growth Tracking;FAMILY;4.7;30;Paid;7,49
Children Educational Game Full;COMICS;4.6;279;Free;0
Children's cartoons (Mithu-Mina-Raju);PARENTING;4.4;39;Free;0
Children's Stories 2018 - The Lion Come Lion;SHOPPING;3.8;18364;Free;0
Chilindo;FINANCE;4.3;5928;Free;0
Chime - Mobile Banking;GAME;4.1;364;Free;0
China Town Auto Theft 2;GAME;4.6;963;Free;0
Chinese Chess ( Xiangqi Free );GAME;4.2;6947;Free;0
Chinese Chess / Co Tuong;GAME;3.5;23;Paid;0,99
Chinese Chess 3D Online (Xiangqi;DATING;4.2;4195;Free;0
Chispa;DATING;4.2;4195;Free;0
Chispa;BOOKS_AND_REFERENCE;NaN;0;Paid;1,96
ch-mm Dict;TRAVEL_AND_LOCAL;4.4;17915;Free;0
Choice Hotels;FAMILY;4.6;807155;Free;0
Choices: Stories You Play;GAME;4.6;807338;Free;0
Choices: Stories You Play;COMMUNICATION;4.3;335646;Free;0
chomp SMS;FAMILY;NaN;3;Free;0
Choose SuperHero Quize Marvel | DC;TOOLS;4.2;455;Free;0
ChopAssistant;AUTO_AND_VEHICLES;NaN;1;Free;0
CHOSEN - EV Smart Charger;MEDICAL;4.1;38;Free;0
Christella VoiceUp;DATING;3.9;8722;Free;0
Christian Dating For Free App;DATING;3.9;8723;Free;0
Christian Dating For Free App;FAMILY;4.6;222;Free;0
Christian Questions Podcast;PRODUCTIVITY;4.4;228794;Free;0
Chrome Beta;PRODUCTIVITY;4.4;228755;Free;0
Chrome Beta;PRODUCTIVITY;4.3;21866;Free;0
Chrome Canary (Unstable);COMMUNICATION;4.4;63543;Free;0
Chrome Dev;COMMUNICATION;4.4;63576;Free;0
Chrome Dev;FAMILY;3.8;11250;Paid;9,99
CHRONO TRIGGER (Upgrade Ver.);FAMILY;5;7;Paid;0,99
Chronolink DX;FAMILY;NaN;2;Free;0
Chronolink DX Lite;FAMILY;3.9;94910;Free;0
Chuck E.'s Skate Universe;FAMILY;3;1691;Free;0
ci;BUSINESS;NaN;1;Free;0
Ci - Logistics Group;PERSONALIZATION;5;1;Paid;0,99
CI 174 Gray Icon Pack;PRODUCTIVITY;NaN;0;Paid;0,99
CI Attendance;PRODUCTIVITY;NaN;0;Free;0
CI CAFETERIAS UBER;FINANCE;4.8;4;Free;0
CI Capital - Dynamic;FAMILY;NaN;1;Free;0
CI Crew;FAMILY;4.6;31;Free;0
CI Dictionary;FAMILY;4.3;108;Free;0
CI MOBI;NEWS_AND_MAGAZINES;3;2;Free;0
CI On The Go;PRODUCTIVITY;4.6;20;Free;0
CI Remote for Go;BUSINESS;NaN;0;Free;0
CI SA;PERSONALIZATION;4.7;19;Free;0
CI Screwed - Icon Pack;LIFESTYLE;NaN;0;Free;0
CI Staff App;VIDEO_PLAYERS;NaN;0;Free;0
CI Stream;PRODUCTIVITY;NaN;4;Free;0
CI Time;BUSINESS;NaN;2;Free;0
CI View;COMMUNICATION;4;60308;Free;0
CIA - Caller ID & Call Blocker;VIDEO_PLAYERS;NaN;23;Free;0
CINE BR;FAMILY;3.9;11;Free;0
CINEMA.BH;ENTERTAINMENT;4.1;21867;Free;0
Cinemark Theatres;ENTERTAINMENT;4.4;37000;Free;0
Cinematic Cinematic;PERSONALIZATION;4.2;6;Paid;0,99
Circle Colors Pack-FN Theme;SHOPPING;4.4;9140;Free;0
CIRCLE K;MAPS_AND_NAVIGATION;3.7;10562;Free;0
Circle ratio;PRODUCTIVITY;4.6;16;Free;0
CircleCI Viewer;BUSINESS;4.4;108741;Free;0
Cisco Webex Meetings;BUSINESS;4.2;1661;Free;0
Cisco Webex Teams;FAMILY;4.1;321;Free;0
Citation du Jour - Motivation;FINANCE;4;78306;Free;0
Citi Mobile®;FINANCE;3.6;52306;Free;0
Citibanamex Movil;FINANCE;4.8;6;Free;0
Citizens Bank - CB Mobile;FINANCE;4.1;15192;Free;0
Citizens Bank Mobile Banking;FAMILY;4.2;41693;Free;0
City Builder 2016: County Mall;FAMILY;4.4;36;Free;0
City Driving Jeep Mania: Parking Passion 2018;PERSONALIZATION;4.4;6271;Free;0
City light CM Locker Theme;FAMILY;4.1;16111;Free;0
City Taxi Driver sim 2016: Cab simulator Game-s;AUTO_AND_VEHICLES;4.6;534;Free;0
CityBus Lviv;MAPS_AND_NAVIGATION;4.5;65448;Free;0
Citymapper - Transit Navigation;TRAVEL_AND_LOCAL;4.3;64713;Free;0
CityMaps2Go Plan Trips Travel Guide Offline Maps;COMICS;4.3;109;Free;0
CJ - BR MEMES;BUSINESS;NaN;0;Free;0
CJ Apps;FAMILY;NaN;0;Free;0
CJ Auto école;COMMUNICATION;4.2;5;Free;0
CJ Browser - Fast & Private;VIDEO_PLAYERS;4.7;3;Free;0
CJ Camcorder;COMMUNICATION;1;5;Free;0
CJ DVD Rentals;FAMILY;1.9;76;Free;0
CJ Fallon eBook Reader;HEALTH_AND_FITNESS;2.4;221;Free;0
CJ Fitness;SOCIAL;5;7;Free;0
CJ Gospel Hour;FOOD_AND_DRINK;NaN;0;Free;0
CJ Infinity;BUSINESS;NaN;0;Free;0
CJ IT ApS;GAME;4.1;207;Free;0
CJ Poker Odds Calculator;FAMILY;4.5;145;Free;0
CJ SO COOL;BUSINESS;5;1;Free;0
CJ the REALTOR;VIDEO_PLAYERS;4.2;4074;Free;0
CJ VLC HD Remote (+ Stream);PRODUCTIVITY;4;4;Free;0
CJ Wilson's ZoomZoomnation;SHOPPING;4.2;2099;Free;0
CJ WOW SHOP;GAME;4.3;29330;Free;0
CJ: Strike Back;SHOPPING;3.6;18252;Free;0
CJmall;SHOPPING;3.7;18253;Free;0
CJmall;TRAVEL_AND_LOCAL;5;6;Free;0
CJ's Coffee Cafe;AUTO_AND_VEHICLES;4;5;Free;0
CJ's Tire & Automotive;PRODUCTIVITY;5;5;Free;0
CJ'S TIRE AND AUTO INC.;LIFESTYLE;4;294;Free;0
CK 初一 十五;HEALTH_AND_FITNESS;NaN;0;Free;0
CK Active;COMMUNICATION;NaN;0;Free;0
CK Call NEW;LIFESTYLE;NaN;0;Free;0
Ck Coif;BUSINESS;5;7;Free;0
CK Employee Portal;PERSONALIZATION;3.2;8;Free;0
CK Eorzea Timepiece;FAMILY;4.3;1364;Free;0
CK FFXIV Companion;HEALTH_AND_FITNESS;NaN;3;Free;0
CK Life;SHOPPING;4.7;10;Free;0
CK Multimedia - Gaming Accessories;HEALTH_AND_FITNESS;2.7;3;Free;0
CK Pharmacies;TOOLS;NaN;13;Free;0
CK Shop;HEALTH_AND_FITNESS;NaN;0;Free;0
CK SKILLZ;FAMILY;4.1;30;Free;0
CK-12 Physics Simulations;FAMILY;4.2;562;Free;0
CK-12: Practice Math & Science;SHOPPING;4.5;118;Free;0
ck-modelcars Shop;SHOPPING;4.6;69;Free;0
ck-modelcars-UK Shop;GAME;4.5;219821;Free;0
CKZ ORIGINS;PERSONALIZATION;NaN;0;Free;0
CL 2ne1 Wallpaper KPOP Fans All;PERSONALIZATION;NaN;7;Free;0
CL 2NE1 Wallpaper KPOP Fans HD;PERSONALIZATION;NaN;3;Free;0
CL 2ne1 Wallpaper KPOP HD Best;PERSONALIZATION;NaN;1;Free;0
CL 2ne1 Wallpaper KPOP UHD Fans;BUSINESS;2.7;7;Free;0
CL Clock;FINANCE;4;210;Free;0
CL e-bank;TOOLS;5;24;Free;0
CL Keyboard - Myanmar Keyboard (No Ads);SHOPPING;4.4;27275;Free;0
CL Mobile - Classifieds for Craigslist;SHOPPING;4.1;1288;Free;0
CL Mobile Pro - Classifieds for Craigslist;TOOLS;5;36;Free;0
CL Notifier;LIFESTYLE;3.6;67;Free;0
CL Pebble Apps;SHOPPING;4;119;Free;0
CL Pro App for Craigslist;SHOPPING;3.6;48;Free;0
CL Pro Client for Craigslist;TOOLS;4.1;61;Free;0
CL Reader for Craigslist(For sale;TOOLS;5;47;Free;0
CL REPL;HEALTH_AND_FITNESS;5;3;Free;0
CL Strength;COMMUNICATION;2.7;560;Free;0
ClanHQ;FAMILY;4.7;55;Free;0
ClanManagerTT2;COMMUNICATION;4.8;34443;Free;0
ClanPlay: Community and Tools for Gamers;MEDICAL;4.7;6;Free;0
CL-App;SPORTS;NaN;41;Free;0
Cl-app!;MEDICAL;1;1;Free;0
Clarksburg AH;GAME;4.3;6;Free;0
Clash of Axe: Flippy Lumberjack Action X;FAMILY;4.6;44881447;Free;0
Clash of Clans;GAME;4.6;44891723;Free;0
Clash of Clans;GAME;4.6;44891723;Free;0
Clash of Clans;GAME;4.6;44893888;Free;0
Clash of Clans;FAMILY;4.2;2233681;Free;0
Clash of Kings : The King Of Fighters version;FAMILY;4.6;23125280;Free;0
Clash Royale;GAME;4.6;23133508;Free;0
Clash Royale;GAME;4.6;23134775;Free;0
Clash Royale;GAME;4.6;23136735;Free;0
Clash Royale;FAMILY;4.3;13;Free;0
Clash Soundboard For CR & COC;EDUCATION;4.4;148550;Free;0
ClassDojo;EDUCATION;4.4;148549;Free;0
ClassDojo;FAMILY;4.4;148536;Free;0
ClassDojo;TOOLS;4;85659;Free;0
Classic Calculator;FAMILY;4.2;1749;Free;0
Classic FC 64 IN 1;GAME;4.4;135739;Free;0
Classic Words Solo;PARENTING;4.8;1940;Free;0
Classical music for baby;MEDICAL;NaN;1;Free;0
Claus Paws AH;HEALTH_AND_FITNESS;NaN;2;Free;0
CL-Customer Care;TOOLS;4.6;2246379;Free;0
Clean Master Lite - For Low-End Phone;TOOLS;4.7;42916526;Free;0
Clean Master- Space Cleaner & Antivirus;PRODUCTIVITY;4.7;101163;Free;0
Clean My Android;PRODUCTIVITY;4.1;661;Free;0
Clean My House – Chore To Do List;TOOLS;3.1;24151;Free;0
Clear;MEDICAL;4.2;1746;Free;0
ClearCareGo Caregiver;WEATHER;NaN;0;Free;0
Clearwater;BUSINESS;3.8;5211;Free;0
ClickMeeting Webinars;WEATHER;4;634;Free;0
Climatempo Lite - 15 day weather forecast;MEDICAL;5;2;Free;0
Clinic Doctor EHr;MEDICAL;NaN;0;Free;0
Clinical Pharmacology;PERSONALIZATION;3.9;2852;Free;0
Clock L;HEALTH_AND_FITNESS;5;6;Free;0
Cloud DX Connected Health;BOOKS_AND_REFERENCE;3.3;1862;Free;0
Cloud of Books;PRODUCTIVITY;4.1;282460;Free;0
Cloud Print;BOOKS_AND_REFERENCE;4;10774;Free;0
cloudLibrary;DATING;4.1;11633;Free;0
Clover Dating App;DATING;4.1;11633;Free;0
Clover Dating App;MEDICAL;4.7;19;Free;0
CL-Phlebotomist;MEDICAL;4.4;3786;Free;0
Club;SHOPPING;4.2;244141;Free;0
Club Factory Everything;FAMILY;2.8;107441;Free;0
Club Penguin Island;GAME;4.6;19922;Paid;1,99
Clue;FAMILY;4.1;214;Free;0
Clumsy Santa ER Surgery;SPORTS;NaN;10;Free;0
Cluster CF;COMMUNICATION;NaN;49;Free;0
cluster.dk;PRODUCTIVITY;4.3;176;Free;0
cm;TOOLS;4.1;843;Free;0
CM AppLock;TOOLS;4.4;1264;Free;0
CM AppLock Fingerprint 2018;TOOLS;3.8;3341;Free;0
CM Apps;COMMUNICATION;4.6;2265084;Free;0
CM Browser - Ad Blocker ;COMMUNICATION;4.6;2264916;Free;0
CM Browser - Ad Blocker ;TOOLS;4.4;953790;Free;0
CM FILE MANAGER;PRODUCTIVITY;4.3;144879;Free;0
CM FILE MANAGER HD;PRODUCTIVITY;4.3;144873;Free;0
CM FILE MANAGER HD;BUSINESS;4.2;2359;Paid;2,99
CM FILE MANAGER Pro;TOOLS;4.4;166367;Free;0
CM Flashlight (Compass;TOOLS;4.4;166363;Free;0
CM Flashlight (Compass;PERSONALIZATION;4.6;6702776;Free;0
CM Launcher 3D - Theme;PERSONALIZATION;4.6;6700847;Free;0
CM Launcher 3D - Theme;PERSONALIZATION;4.7;23802;Paid;4,99
CM Launcher 3D Pro💎;PERSONALIZATION;4.5;3989;Free;0
CM Launcher Default Theme;TOOLS;4.6;3090727;Free;0
CM Locker - Security Lockscreen;TOOLS;4.6;3090680;Free;0
CM Locker - Security Lockscreen;TOOLS;3.6;373;Free;0
CM S Pen Add-on(ROOT);TOOLS;4.2;1147;Free;0
CM Secure Browser (Authorized);TOOLS;4.6;262076;Free;0
CM Security Lite - Antivirus;TOOLS;4.6;85496;Free;0
CM Security Open VPN - Free;TOOLS;4.8;52;Free;0
cm to inches | centimeters to inches conversion;COMMUNICATION;4.6;71740;Free;0
CM Transfer - Share any files with friends nearby;DATING;4;48845;Free;0
CMB Free Dating App;DATING;4;48845;Free;0
CMB Free Dating App;FAMILY;5;1;Free;0
CN Resident;FAMILY;4.5;85;Free;0
CN Sayin' - Cartoon Network;FAMILY;3.7;985;Free;0
CN Summer Challenge;FAMILY;4.1;3863;Paid;2,99
CN Superstar Soccer: Goal!!!;FAMILY;NaN;5;Free;0
CN TV Canal 3 - Cable Netword;PERSONALIZATION;NaN;8;Free;0
Cnady Selfie : You Can Dy Snap Camera;FINANCE;4.2;24647;Free;0
CNBC: Breaking Business News & Live Market Data;FINANCE;4.2;24666;Free;0
CNBC: Breaking Business News & Live Market Data;NEWS_AND_MAGAZINES;4;293080;Free;0
CNN Breaking US & World News;NEWS_AND_MAGAZINES;4;293080;Free;0
CNN Breaking US & World News;NEWS_AND_MAGAZINES;4;293080;Free;0
CNN Breaking US & World News;GAME;3.6;33;Free;0
CNY Slots : Gong Xi Fa Cai 发财机;BOOKS_AND_REFERENCE;NaN;13;Free;0
Cъновник BG;FAMILY;NaN;0;Free;0
CO CASE Events;TOOLS;1.9;12;Free;0
Co Checker;NEWS_AND_MAGAZINES;3.9;4581;Free;0
Coast To Coast AM Insider;MEDICAL;3.7;3;Free;0
Cochrane Library;VIDEO_PLAYERS;4.4;239242;Free;0
Code;TOOLS;3.9;146;Free;0
Code on the egg;FAMILY;4.6;130;Free;0
codeEazy - C/C++/JAVA;LIFESTYLE;NaN;0;Free;0
Co-Dependents Anonymous;FAMILY;3.8;12414;Free;0
Codes for GTA San Andreas;FAMILY;4.1;4522;Free;0
codeSpark Academy & The Foos;FINANCE;4.7;20535;Free;0
CoinMarketApp - CryptoCurrency Portfolio;LIBRARIES_AND_DEMO;NaN;363;Free;0
Cold Spirits;PHOTOGRAPHY;4;32896;Free;0
Collage&Add Stickers papelook;FAMILY;2.7;5706;Free;0
Color by Disney;FAMILY;4.6;10247;Free;0
Color by Number - Draw Sandbox Pixel Art;FAMILY;4.7;24557;Free;0
Color By Number - Sandbox Pixel Coloring Book;GAME;4.7;141529;Free;0
Color by Number – New Coloring Book;GAME;4.7;142308;Free;0
Color by Number – New Coloring Book;FAMILY;4.6;12034;Free;0
Color by Number: Pixel Art;FAMILY;3.1;305;Free;0
Color By Numbers - Art Game for Kids and Adults;PERSONALIZATION;4.7;29485;Free;0
Color Call - Caller Screen;PERSONALIZATION;4.5;69;Paid;0,99
Color Changer Pro [root];LIFESTYLE;5;2;Free;0
Color CL;TOOLS;4.2;472904;Free;0
Color Flashlight;FAMILY;4;42;Free;0
Color Quartets;GAME;4.1;84911;Free;0
Color Road;PHOTOGRAPHY;3.8;167652;Free;0
Color Touch Effects;ART_AND_DESIGN;4.7;20260;Free;0
Colorfit - Drawing & Coloring;ENTERTAINMENT;4.6;50725;Free;0
ColorFul - Adult Coloring Book;PERSONALIZATION;4.3;2056;Free;0
Colorful Glitter Neon Butterfly Keyboard Theme;ENTERTAINMENT;4.5;787177;Free;0
Colorfy: Coloring Book for Adults - Free;FAMILY;4.5;787107;Free;0
Colorfy: Coloring Book for Adults - Free;FAMILY;4.4;12753;Free;0
Coloring & Learn;FAMILY;4;532;Free;0
Coloring Book at Five Nights;FAMILY;4.6;401211;Free;0
Coloring Book for Me & Mandala;ART_AND_DESIGN;3.9;967;Free;0
Coloring book moana;FAMILY;3.9;974;Free;0
Coloring book moana;PRODUCTIVITY;4.6;2401017;Free;0
ColorNote Notepad Notes;PRODUCTIVITY;4.6;2401017;Free;0
ColorNote Notepad Notes;BEAUTY;4.5;36;Free;0
Colors of white in Urdu;HOUSE_AND_HOME;3.4;3280;Free;0
ColorSnap® Visualizer;GAME;4.2;7699;Free;0
Combat BF: Black Ops 3;GAME;4.1;1019;Free;0
Combat Strike CS 🔫 Counter Terrorist Attack FPS💣;MAPS_AND_NAVIGATION;3.4;1147;Free;0
Comboios de Portugal;ENTERTAINMENT;3.9;22378;Free;0
Comedy Central;ENTERTAINMENT;3.9;22378;Free;0
Comedy Central;COMICS;3.9;2181;Free;0
Comic Es - Shojo manga / love comics free of charge ♪ ♪;COMICS;3.2;93965;Free;0
comico Popular Original Cartoon Updated Everyday Comico;COMICS;4.1;45651;Free;0
Comics;COMICS;3.9;4496;Free;0
Comics Reader;FAMILY;NaN;0;NaN;0
Command & Conquer: Rivals;GAME;4;51067;Free;0
Commando Adventure Assassin;PRODUCTIVITY;3.2;12;Free;0
Commission Manager;EDUCATION;4;835;Free;0
Common Core;FINANCE;4.3;231;Free;0
Commonwealth CU Go Mobile;LIFESTYLE;4.7;707;Free;0
Community by C Space;BOOKS_AND_REFERENCE;NaN;0;Free;0
CompactiMa EC pH Calibration;FAMILY;4.6;2736;Free;0
Companion for Fortnite & Fortnite Battle Royale;LIFESTYLE;2.8;81;Free;0
Company Kitchen;BUSINESS;NaN;3;Free;0
Company Kitchen Inventory;SHOPPING;NaN;0;Free;0
Compas BP Store;MAPS_AND_NAVIGATION;4.3;286454;Free;0
Compass;MEDICAL;4.1;90;Free;0
Complete Anatomy for Android;ENTERTAINMENT;4;11656;Free;0
Complete Spanish Movies;FAMILY;4.4;174;Free;0
Comptia A+ 220-901 & 220-902;FAMILY;4.3;1311;Free;0
CompTIA A+ Pocket Prep;FAMILY;4.8;3053;Free;0
CompTIA Exam Training;FAMILY;5;15;Free;0
COMSATS BOOK STORE FOR BS(CS);FAMILY;NaN;23;Free;0
Comunidad BH;LIFESTYLE;5;19;Free;0
Comunidad De Fe Minitries;TRAVEL_AND_LOCAL;3.9;194;Free;0
Connect.ae - Local Search UAE;PRODUCTIVITY;NaN;0;Free;0
CONNECT: The Mobile CX Summit;FAMILY;4.5;49381;Free;0
Connect'Em;FAMILY;4.5;6673;Free;0
Connect'Em Halloween;MEDICAL;3.1;253;Free;0
ConnectLine;TOOLS;NaN;0;Free;0
Consultar Infracciones de Transito DF y Mexico;COMMUNICATION;4.3;66602;Free;0
Contacts;COMMUNICATION;4.2;190613;Free;0
Contacts+;PRODUCTIVITY;4.7;19302;Free;0
Content Transfer;TOOLS;4;1;Free;0
Contents Provider(C.P.)Explorer;GAME;4.4;144545;Free;0
CONTRACT KILLER: ZOMBIES;GAME;4.4;206602;Free;0
CONTRACT KILLER: ZOMBIES (NR);FAMILY;4.2;31;Free;0
Contractor City Construction - Heavy Logistics;TOOLS;4.1;1925;Free;0
Control Center iOS 11 - Phone X Control Panel;TOOLS;4.3;514;Free;0
Control Center iOS 11 - Phone X notifications;MAPS_AND_NAVIGATION;4.3;15;Free;0
Convert Coordinates DM to DMS;TOOLS;4.4;51;Free;0
Convert degree Celsius to Fahrenheit or °F to °C;LIBRARIES_AND_DEMO;4.4;783;Free;0
converter video to mp3;TOOLS;4.4;90831;Free;0
ConvertPad - Unit Converter;FAMILY;4.2;56259;Free;0
Cook Baked Lasagna;FAMILY;3.5;205;Free;0
Cook 'n Learn Smart Kitchen;FOOD_AND_DRINK;4.1;46539;Free;0
Cookbook Recipes;ENTERTAINMENT;4.1;1033;Free;0
Cooking Channel;GAME;4.5;3197865;Free;0
Cooking Fever;GAME;4.5;3198176;Free;0
Cooking Fever;FAMILY;4.1;217736;Free;0
Cooking in the Kitchen;GAME;4.7;358817;Free;0
Cooking Madness - A Chef's Restaurant Games;FAMILY;4.3;528745;Free;0
COOKING MAMA Let's Cook!;FAMILY;4.3;528917;Free;0
COOKING MAMA Let's Cook!;LIFESTYLE;3.4;552;Free;0
Cook'n Recipe App;FOOD_AND_DRINK;4.5;131569;Free;0
Cookpad;FOOD_AND_DRINK;4.1;64784;Free;0
Cookpad - FREE recipe search makes fun cooking · musical making!;LIBRARIES_AND_DEMO;4.5;60170;Free;0
Cool Popular Ringtones 2018 🔥;BOOKS_AND_REFERENCE;4.5;246315;Free;0
Cool Reader;BUSINESS;NaN;94;Free;0
Coomotaxi BH;SHOPPING;1.6;8;Free;0
Co-op Connections;FINANCE;4.4;5;Free;0
Co-op Credit Union on the Go;LIFESTYLE;3.6;581;Free;0
Co-op CRS;MAPS_AND_NAVIGATION;3.4;168;Free;0
Co-op Taxi;FINANCE;4.4;218;Free;0
Co-Optima Mobile;MEDICAL;NaN;5;Free;0
COPD GOLD 2017;GAME;4;37789;Free;0
Cops N Robbers;GAME;4.2;156862;Free;0
Cops N Robbers - FPS Mini Game;GAME;4.1;63680;Free;0
Cops N Robbers 2;MAPS_AND_NAVIGATION;3;4;Free;0
Cordova BG Geolocation;BUSINESS;NaN;0;Free;0
Corporate B.S. Generator;BOOKS_AND_REFERENCE;NaN;7;Paid;2,99
Cossack Dictionary (DN);HEALTH_AND_FITNESS;4.6;10445;Free;0
Couch to 10K Running Trainer;HEALTH_AND_FITNESS;4.7;15674;Free;0
Couch to 5K by RunDouble;TRAVEL_AND_LOCAL;4.4;61776;Free;0
Couchsurfing Travel App;DATING;3.9;1643;Free;0
Cougar Dating Life : Date Older Women Sugar Mummy;DATING;3.9;1645;Free;0
Cougar Dating Life : Date Older Women Sugar Mummy;COMMUNICATION;3.9;33;Free;0
Council Voting Calculator;GAME;4.3;112565;Free;0
Counter Attack - Multiplayer FPS;TOOLS;4.1;3446;Free;0
Counter Deck Calculator for CR;GAME;4.2;41089;Free;0
Counter Online FPS Game;GAME;3.9;145931;Free;0
Counter Terrorist Attack;GAME;4.2;211;Free;0
Counter Terrorist Gun Strike CS: Special Forces;GAME;NaN;11;Free;0
Countries of the European Union (Quiz);SHOPPING;4.6;308234;Free;0
Coupang;SOCIAL;NaN;6;Free;0
Coupe Adhémar EY 2017;SOCIAL;4;33249;Free;0
Couple - Relationship App;SOCIAL;4;33249;Free;0
Couple - Relationship App;SHOPPING;3;2;Free;0
Coupon Mob - Discount Coupons;SHOPPING;4.4;7793;Free;0
Coupon Sherpa;FOOD_AND_DRINK;4.5;41;Free;0
Coupons for Burger King;FOOD_AND_DRINK;4.6;42;Free;0
Coupons for Dairy Queen;SHOPPING;4.2;24953;Free;0
Coupons.com – Grocery Coupons & Cash Back Savings;NEWS_AND_MAGAZINES;3.5;254;Free;0
Courier Journal;EDUCATION;4.4;90481;Free;0
Coursera: Online courses;EDUCATION;4.4;90481;Free;0
Coursera: Online courses;PHOTOGRAPHY;3.8;742;Free;0
Cover Camera for FB;GAME;4.7;725897;Free;0
Cover Fire: offline shooting games for free;PRODUCTIVITY;4.4;56713;Free;0
Cozi Family Organizer;FAMILY;4.4;8;Free;0
CP Brown English-Telugu Dictionary;FAMILY;4.1;187;Free;0
CP Calculator;FAMILY;4.1;7;Free;0
CP Calculator - Poke Go Calc;FAMILY;4.8;124;Free;0
Cp Calculator for Evolution:GO;FAMILY;4.6;7;Free;0
CP Channel;LIFESTYLE;4.2;251;Free;0
CP Clicker;BUSINESS;NaN;3;Free;0
CP Cloud;PRODUCTIVITY;NaN;0;Free;0
CP Connect 2.0;FAMILY;3.8;128;Free;0
CP Creepypasta;SOCIAL;4.3;64;Free;0
CP Dialer;FAMILY;4.1;78;Free;0
CP evolution calculator Pokemo;FINANCE;3.6;180;Free;0
CP Federal Mobile;LIFESTYLE;3.8;85;Free;0
CP HAPPS - Pittsburgh Events;BUSINESS;5;4;Free;0
CP Installer App;LIFESTYLE;NaN;2;Free;0
CP Parquet;BUSINESS;4.3;236;Free;0
CP Plus Showcase;FAMILY;4;4607;Free;0
CP RACING 2 FREE;BUSINESS;4.5;56;Free;0
CP Ready;PERSONALIZATION;NaN;1;Free;0
CP Smart Check List;LIFESTYLE;3.8;2548;Free;0
CP Surprise;BUSINESS;4.6;70;Free;0
CP ToolBox;GAME;5;5;Free;0
CP Trivia;FAMILY;NaN;1;Free;0
CP-Care Mobile;LIFESTYLE;4.5;8096;Free;0
CPlus for Craigslist - Officially Licensed;EDUCATION;4.1;29980;Free;0
CppDroid - C/C++ IDE;FAMILY;4.1;29978;Free;0
CppDroid - C/C++ IDE;SHOPPING;4.4;385764;Free;0
cPro Marketplace: Buy. Sell. Rent. Date. Jobs.;TOOLS;4.5;295430;Free;0
CPU-Z;NEWS_AND_MAGAZINES;3.7;7;Free;0
CQ;PRODUCTIVITY;NaN;0;Free;0
CQ Electrical Group;BUSINESS;5;2;Free;0
CQ ESPM;TRAVEL_AND_LOCAL;4.3;15;Free;0
CQ Hotels;TOOLS;NaN;0;Free;0
CQ Key;FINANCE;2.7;36;Free;0
CQ Mobile;FINANCE;NaN;0;Free;0
CQ SIGNAL PRO 5;PRODUCTIVITY;NaN;0;Free;0
CQ Ukraine;GAME;4.2;4;Free;0
CQ: Lost In Transmission;COMMUNICATION;NaN;3;Free;0
CQ-Alert;COMMUNICATION;NaN;10;Free;0
CQ-Mobile;FAMILY;4.6;167974;Free;0
CR & CoC Private Server - Clash Barbarians PRO;FAMILY;5;7;Free;0
Cr Aviation Academy;FAMILY;3.5;34;Free;0
CR Best Decks;PERSONALIZATION;4.5;323;Free;0
CR Blue Icon Pack;TOOLS;4.3;297;Free;0
CR Calculator;TOOLS;NaN;4;Free;0
CR -Call Recorder;FAMILY;2.3;10;Free;0
CR Family;FAMILY;4.3;219;Free;0
CR Fans: Mazos;BUSINESS;1;1;Free;0
CR Magazine;AUTO_AND_VEHICLES;NaN;1;Free;0
CR Monitor;TOOLS;5;6;Free;0
CR Tracker for Chests;FAMILY;4.3;31970;Free;0
Crack Attack;FAMILY;3.2;85;Free;0
Crack the blue angry birds egg;ENTERTAINMENT;3.7;388089;Free;0
Crackle - Free TV & Movies;ENTERTAINMENT;3.7;388089;Free;0
Crackle - Free TV & Movies;ENTERTAINMENT;3.7;388089;Free;0
Crackle - Free TV & Movies;GAME;3.8;17;Free;0
Crayola Color Blaster;GAME;4.2;20364;Free;0
Crazy Bike attack Racing New: motorcycle racing;FAMILY;4.6;3063;Free;0
Crazy Colors: Bubbles Matching;FAMILY;4;267636;Free;0
Crazy Doctor;FAMILY;4;2936;Free;0
Crazy ER Open Heart Surgery Simulator;SPORTS;3.9;47688;Free;0
Crazy Freekick;GAME;4;121082;Free;0
Crazy Wheels;FAMILY;3.3;8642;Free;0
Create A Superhero HD;BUSINESS;3.7;23729;Free;0
Create apps fast with beautiful design and no code;BUSINESS;NaN;0;Free;0
Create My App;LIFESTYLE;NaN;0;Free;0
Creative CD Letter Holder;GAME;4.4;201426;Free;0
Creative Destruction;LIFESTYLE;4;5208;Free;0
Creative Ideas - DIY & Craft;FINANCE;4.7;706301;Free;0
Credit Karma;FINANCE;4.7;706302;Free;0
Credit Karma;FINANCE;4.7;706618;Free;0
Credit Karma;FINANCE;4.3;25166;Free;0
Credit Sesame;FINANCE;4.6;26587;Free;0
CreditWise from Capital One;BUSINESS;4.6;4159;Free;0
Crew - Free Messaging and Scheduling;BUSINESS;4.6;4159;Free;0
Crew - Free Messaging and Scheduling;SPORTS;4.5;838765;Free;0
Cricbuzz - Live Cricket Scores & News;SPORTS;4.5;838738;Free;0
Cricbuzz - Live Cricket Scores & News;COMMUNICATION;3.9;13698;Free;0
Cricket Visual Voicemail;SPORTS;5;17;Free;0
CricQuick;GAME;4.3;5785;Free;0
Crime Wars S. Andreas;GAME;4.3;807226;Free;0
Crisis Action: 2018 NO.1 FPS;SPORTS;4.6;1733;Free;0
Cristiano Ronaldo Wallpaper;FAMILY;4.7;2910;Free;0
CritDice - Dice Roller;MEDICAL;4.4;17;Paid;9,99
Critical Care Paramedic Review;GAME;4.4;1397944;Free;0
Critical Ops;GAME;4.3;22773;Free;0
Critical Strike CS: Counter Terrorist Online FPS;HEALTH_AND_FITNESS;3.9;1075;Paid;2,99
cronometer (ad free);PRODUCTIVITY;NaN;0;Paid;154,99
cronometra-br;GAME;4.3;144040;Free;0
CrossFire: Legends;GAME;4.5;4230886;Free;0
Crossy Road;GAME;4.5;4229977;Free;0
Crossy Road;PERSONALIZATION;4.5;561;Free;0
CR-Red;ENTERTAINMENT;3.7;310066;Free;0
Crunchyroll - Everything Anime;ENTERTAINMENT;3.7;310095;Free;0
Crunchyroll - Everything Anime;ENTERTAINMENT;3.7;310066;Free;0
Crunchyroll - Everything Anime;FAMILY;4.4;475020;Free;0
Crusaders Quest;AUTO_AND_VEHICLES;4.2;12;Free;0
CR-V Service Manual;FINANCE;4.7;396;Free;0
Crypto Tracker by BitScreener;FINANCE;NaN;1;Free;0
Cryptocurrency Trading - How To Trade Crypto;BUSINESS;NaN;5;Free;0
CS;FAMILY;5;43;Free;0
CS & IT Interview Questions;COMMUNICATION;3.8;52;Free;0
CS Browser | #1 & BEST BROWSER;COMMUNICATION;4.3;125;Free;0
CS Browser Beta;COMMUNICATION;3.7;25;Free;0
CS Customizer;FAMILY;NaN;7;Paid;0,99
CS go bomb simulator;FAMILY;3.7;433;Free;0
CS Guns Shoot;FAMILY;4.3;99;Free;0
CS Interview FAQs;FAMILY;4.8;33;Free;0
CS Interview Questions (TechQ);GAME;4.3;8668;Free;0
CS16Client;FAMILY;2.4;7;Paid;3,99
CSCS BG (в български);FAMILY;NaN;0;Free;0
CSHS BX;FAMILY;3.6;608;Free;0
C-SPAN Radio;FAMILY;3.9;337;Free;0
CS-Touch;TOOLS;4.1;41;Free;0
CT - DTC Lookup;FAMILY;4.3;7;Free;0
CT Abdomen;MEDICAL;4;36;Free;0
CT Abdomen Pelvis;MEDICAL;NaN;3;Paid;0,99
CT and XR Dose Calculator;FAMILY;5;3;Free;0
CT Brain Interpretation;MEDICAL;5;5;Free;0
CT Cervical Spine;FINANCE;5;1;Free;0
CT Checkout;PRODUCTIVITY;NaN;2;Free;0
CT CONNECT;FAMILY;NaN;1;Free;0
CT Head Basic Interpretation;FAMILY;3.8;271;Free;0
CT Lottery;MEDICAL;3.9;40;Free;0
CT MyChiroTown Mobile;MEDICAL;4.4;7;Free;0
CT Neck;MEDICAL;4.5;18;Free;0
CT POSITIONING;NEWS_AND_MAGAZINES;2.6;13;Free;0
CT Prepares;MEDICAL;NaN;0;Free;0
CT Pulmonary Angiography;MEDICAL;4.3;10;Free;0
CT Scan Cross Sectional Anatomy;MEDICAL;4.3;10;Free;0
CT Scan Cross Sectional Anatomy;FAMILY;4.7;6;Free;0
CT Scan Generations;MEDICAL;4.2;6;Free;0
CT Scan Viewer 3D;MEDICAL;4.3;62;Free;0
CT Sessions;GAME;4.8;8191;Free;0
CT-ART 4.0 (Chess Tactics 1200-2400 ELO);FAMILY;3.7;6;Free;0
CT-Guide & Positioning;GAME;3.3;19;Paid;4,49
CT-REMOTE;PRODUCTIVITY;4.4;607;Free;0
CTRL-F - Search the real world;FAMILY;3.9;84;Free;0
CT-Stream Player;FINANCE;4;347;Free;0
CU of Colorado Mobile Banking;FINANCE;4;253;Free;0
CU SoCal Mobile Banking;FINANCE;4.3;693;Free;0
CU: UPI Payments;PERSONALIZATION;NaN;19;Free;0
Cube BR LWP simple;GAME;4.2;41444;Free;0
Cube Z (Pixel Zombies);LIFESTYLE;3.9;1638;Free;0
Culver's;HEALTH_AND_FITNESS;4;265;Free;0
Cures A-Z;FAMILY;4.3;59152;Free;0
Curio Quest;FINANCE;NaN;4;Free;0
Currency Exchange DZ;FINANCE;4.3;685;Free;0
Current debit card and app made for teens;BUSINESS;3.7;3757;Free;0
Curriculum Vitae;PRODUCTIVITY;2.6;80;Free;0
Curriculum Vitae - Resume CV;BUSINESS;4.5;4458;Free;0
Curriculum vitae App CV Builder Free Resume Maker;BUSINESS;4.5;4571;Free;0
Curriculum vitae App CV Builder Free Resume Maker;FAMILY;4;3745;Free;0
Cursive Writing Wizard - Handwriting;FAMILY;NaN;0;Free;0
Curso Básico y Avanzado la Fe de Jesús Audio-Texto;GAME;NaN;30;Paid;0,99
CURSUM B;BUSINESS;NaN;0;Free;0
Custos F.O.;PHOTOGRAPHY;4.1;7118;Free;0
Cut Out : Background Eraser and background changer;FAMILY;4.4;2122705;Free;0
Cut the Rope FULL FREE;GAME;4.4;2123381;Free;0
Cut the Rope FULL FREE;GAME;4.4;2123793;Free;0
Cut the Rope FULL FREE;FAMILY;4.6;61264;Paid;0,99
Cut the Rope GOLD;PERSONALIZATION;4.5;237;Free;0
Cute Dolphin Keyboard;FAMILY;4.4;634;Free;0
Cute Images for Whatsapp;FAMILY;4;10447;Free;0
Cute Pet Puppies;LIFESTYLE;4;3;Free;0
Cute Questions BF;PERSONALIZATION;4.6;4724;Free;0
Cute wallpapers & kawaii backgrounds images;FAMILY;4.4;6356;Free;0
Cutie Cubies;BUSINESS;NaN;4;Free;0
CV (Curriculum Vitae / Resume) Maker;BUSINESS;3.8;203;Free;0
CV Builder;BUSINESS;3.4;22;Free;0
CV Builder for Smart Resumes;FAMILY;4.4;31;Free;0
CV Creator;BUSINESS;4.6;213;Free;0
CV Engineer - Free Resume Maker & CV Templates;BUSINESS;4.1;423;Free;0
CV EXAMPLES;FAMILY;4.5;625;Free;0
CV Examples 2018;FAMILY;4.3;374;Free;0
CV Formats 2018;PERSONALIZATION;3.2;114;Free;0
CV Maker;FAMILY;4.4;14;Free;0
Cv maker / Job cv maker;TOOLS;4.2;75;Free;0
CV maker for Job Applications and Resume Maker;TOOLS;4;114;Free;0
CV Maker for Job Applications:Photo Resume Builder;BUSINESS;3.7;113;Free;0
CV Maker Pro;BUSINESS;4.5;3972;Free;0
CV S ( CV Editor - Resume );BUSINESS;4.3;34;Free;0
CV Samples 2018;FAMILY;4;13;Free;0
CV Templates 2018;BUSINESS;4.4;6997;Free;0
CV-Library Job Search;COMMUNICATION;2.3;42;Paid;0,99
CV-RECORD Pro;BUSINESS;4.7;68;Free;0
CVRIA;MEDICAL;3.5;3707;Free;0
CVS Caremark;COMMUNICATION;4.8;10;Paid;1,49
CW Beacon for Ham Radio;COMMUNICATION;NaN;2;Free;0
CW BLE Peripheral Simulator;COMMUNICATION;NaN;3;Free;0
CW Bluetooth SPP;BUSINESS;3;4;Free;0
CW Deposit;FAMILY;NaN;3;Free;0
CW Mobile;BOOKS_AND_REFERENCE;3.3;15;Free;0
CW Nuclear;COMMUNICATION;NaN;0;Paid;2,49
CW Ringtone (Morse Code generator);ENTERTAINMENT;4.5;16372;Free;0
CW Seed;FAMILY;4.5;16391;Free;0
CW Seed;COMMUNICATION;3.8;9;Paid;0,99
CW Studio ®;NEWS_AND_MAGAZINES;1.7;367;Free;0
CW TV;TRAVEL_AND_LOCAL;4.4;20313;Free;0
CWT To Go;PERSONALIZATION;5;3;Free;0
cx advance call blocker;BUSINESS;NaN;1;Free;0
CX Capture;BUSINESS;NaN;0;Free;0
CX Carrier Lite;BUSINESS;NaN;0;Free;0
CX Elevated;TOOLS;4.7;175;Free;0
Cx File Explorer;VIDEO_PLAYERS;NaN;2;Free;0
CX Monthly Tech News;BUSINESS;NaN;0;Free;0
CX Network;BUSINESS;3.9;10;Free;0
CX North America;TOOLS;3.9;12;Free;0
CX Ram Booster;PRODUCTIVITY;NaN;1;Free;0
CX Summit;FAMILY;4.5;4;Free;0
CX watcher;PRODUCTIVITY;NaN;3;Free;0
Cx Wize;SPORTS;3.7;818;Free;0
CX_WiFiUFO;FAMILY;3.4;12;Free;0
CX-10DS;FAMILY;4;1419;Free;0
CX-10WiFi;FAMILY;4.3;49;Free;0
CX-17WIFI;FAMILY;4.1;62;Free;0
cx-32wifi;FAMILY;4.4;63;Free;0
cx-33wifi;FAMILY;3.9;13;Free;0
CX-37;FAMILY;3;2;Free;0
CX-40;LIFESTYLE;NaN;1;Free;0
CX-41;FAMILY;NaN;0;Free;0
CX-42;FAMILY;3.1;19;Free;0
CX-60;LIFESTYLE;NaN;6;Free;0
CX-95WIFI;FAMILY;3.8;19;Free;0
CXmodel-ufo;FAMILY;4.2;18;Free;0
CX-OF;FAMILY;3.1;47;Free;0
CX-WiFi720P;SHOPPING;4.7;3;Free;0
CY Digital Net;PERSONALIZATION;NaN;1;Free;0
CY Konum;COMMUNICATION;4.5;4;Free;0
Cy Messenger;PRODUCTIVITY;4.5;75140;Free;0
CY Security Antivirus Cleaner;BOOKS_AND_REFERENCE;NaN;0;Free;0
CY Spray nozzle;FINANCE;3.2;191;Free;0
CY.SEND Online Top Up;MAPS_AND_NAVIGATION;NaN;8;Free;0
CY:ME - real time gps tracker;PERSONALIZATION;4.3;60298;Free;0
CYANOGEN GO Launcher EX Theme;HOUSE_AND_HOME;4.3;37711;Free;0
CYANOGEN. Rent;GAME;NaN;0;Free;0
Cyborg AX-001;HEALTH_AND_FITNESS;4.5;9116;Free;0
Cycling - Bike Tracker;LIFESTYLE;5;2;Free;0
Cy-Fair Christian Church;FINANCE;4.7;439;Free;0
Cy-Fair FCU Mobile Banking;BUSINESS;NaN;0;Free;0
Cy-Fair Houston Chamber;MEDICAL;5;2;Free;0
Cy-Fair VFD EMS Protocols;FAMILY;4.5;10159;Free;0
Cymath - Math Problem Solver;PHOTOGRAPHY;4.4;2418135;Free;0
Cymera Camera- Photo Editor;PHOTOGRAPHY;4.4;2418135;Free;0
Cymera Camera- Photo Editor;PHOTOGRAPHY;4.4;2418158;Free;0
Cymera Camera- Photo Editor;PHOTOGRAPHY;4.4;2418165;Free;0
Cymera Camera- Photo Editor;BOOKS_AND_REFERENCE;NaN;0;Free;0
Cypress College Library;MAPS_AND_NAVIGATION;3.9;112;Free;0
Cyprus Bus Companion;FINANCE;3.4;295;Free;0
Cyprus CU Mobile Banking;SOCIAL;4.2;226;Free;0
Cyprus Police;NEWS_AND_MAGAZINES;4.5;27;Free;0
Cy-Ranch;FAMILY;4.8;17;Free;0
Cy-Reader;HEALTH_AND_FITNESS;NaN;0;Free;0
Cy's Elma Pharmacy;HEALTH_AND_FITNESS;4.7;6;Free;0
Cystic Fibrosis Symptoms;GAME;4.7;541732;Free;0
Cytus;GAME;4.7;16851;Paid;1,99
Cytus II;TOOLS;2.2;876;Free;0
CZ File Manager;TOOLS;5;2;Free;0
CZ Kompas;BOOKS_AND_REFERENCE;NaN;1;Paid;5,99
CZ-27 pistol explained;BOOKS_AND_REFERENCE;NaN;0;Paid;5,99
CZ-38 (vz 38) pistol explained;BOOKS_AND_REFERENCE;NaN;1;Paid;5,49
CZ-45 pistol explained;BOOKS_AND_REFERENCE;NaN;0;Paid;5,99
CZ-52 pistol explained;BOOKS_AND_REFERENCE;NaN;2;Paid;5,99
CZ-70 (CZ-50) pistol explained;TOOLS;3.8;131;Paid;5,99
CZ-Cyberon Voice Commander;MAPS_AND_NAVIGATION;4.3;26014;Free;0
Czech Public Transport IDOS;BOOKS_AND_REFERENCE;5;2;Free;0
CZ-Help;LIFESTYLE;4.5;11;Free;0
CZ-USA;GAME;4.2;951;Free;0
D Day World War II Commando Survival Shooting;NEWS_AND_MAGAZINES;4.5;44274;Free;0
РИА Новости;TOOLS;3.2;27;Free;0
РееI Smart Remote MP3 CD Player;BOOKS_AND_REFERENCE;NaN;13;Free;0
D. H. Lawrence Poems FREE;TRAVEL_AND_LOCAL;NaN;0;Paid;4,99
D.C. Driving/Walking Tours;FINANCE;4.3;85;Free;0
D.L. Evans Bank Mobile Banking;FAMILY;NaN;0;Free;0
D.N. College Meerut;HEALTH_AND_FITNESS;NaN;0;Free;0
D.W Bien Être;AUTO_AND_VEHICLES;NaN;21;Paid;1,49
Билеты ПДД CD 2019 PRO;GAME;NaN;0;Paid;0,99
D+H Reaction Wall;GAME;3.6;2328;Free;0
Аim Training for CS;SPORTS;3.5;1151;Free;0
Da Fit;HOUSE_AND_HOME;4.4;23013;Free;0
DaBang - Rental Homes in Korea;SOCIAL;3.9;6450;Free;0
Daddyhunt: Gay Dating;NEWS_AND_MAGAZINES;2.5;2055;Free;0
Dagens Nyheter;HEALTH_AND_FITNESS;4.6;2901;Paid;1,99
Daily Ab Workout;HEALTH_AND_FITNESS;4.4;44939;Free;0
Daily Ab Workout - Core & Abs Fitness Exercises;PERSONALIZATION;4.7;51;Free;0
Daily DM;LIFESTYLE;4.7;407589;Free;0
Daily Horoscope;FAMILY;4.3;264;Free;0
Daily K-Talk;NEWS_AND_MAGAZINES;4.1;56807;Free;0
Daily Mail Online;COMICS;3.2;1446;Free;0
Daily Manga - Comic & Webtoon;COMICS;3.2;1462;Free;0
Daily Manga - Comic & Webtoon;SOCIAL;4.6;308;Free;0
Daily Murli Saar Widget;NEWS_AND_MAGAZINES;4.5;26411;Free;0
daily News;HEALTH_AND_FITNESS;4.4;134195;Free;0
Daily Workouts - Exercise Fitness Routine Trainer;HEALTH_AND_FITNESS;4.4;70769;Free;0
Daily Yoga - Yoga Fitness Plans;HEALTH_AND_FITNESS;4.4;70769;Free;0
Daily Yoga - Yoga Fitness Plans;HEALTH_AND_FITNESS;4.4;70769;Free;0
Daily Yoga - Yoga Fitness Plans;LIFESTYLE;4.1;5025;Free;0
DAILY: Free Classifieds App for Android;NEWS_AND_MAGAZINES;4.3;948198;Free;0
Dailyhunt (Newshunt) - Latest News;FOOD_AND_DRINK;3.7;731;Free;0
Dairy Queen;FOOD_AND_DRINK;3.6;742;Free;0
Dairy Queen;GAME;4.8;528550;Free;0
Dan the Man: Action Platformer;FAMILY;4.6;2533;Free;0
Dance Magic Fashion Style Games;FAMILY;4.1;23609;Free;0
Dance On Mobile;FAMILY;4.4;91171;Free;0
Dance School Stories - Dance Dreams Come True;PARENTING;4.7;247;Free;0
Daniel Tiger for Parents;MEDICAL;NaN;0;Free;0
Dare EMS Protocols;PERSONALIZATION;4.8;133;Paid;2,49
Dark Infusion Substratum Theme for Android N & O;FAMILY;4.7;456474;Free;0
Darkness Rises;GAME;4.3;8432;Free;0
Dash Quest Heroes;FAMILY;4.5;6750;Free;0
Dash Tag - Fun Endless Runner!;AUTO_AND_VEHICLES;NaN;0;Free;0
Dashboard AE;PERSONALIZATION;4.1;62301;Free;0
DashClock Widget;PRODUCTIVITY;4.6;73695;Free;0
Dashlane Free Password Manager;FAMILY;5;5;Free;0
daskal.eu;FAMILY;4.4;944;Free;0
DataCamp - Learn R;SOCIAL;4.3;175722;Free;0
Dating App;SOCIAL;4.3;175523;Free;0
Dating App;DATING;4.6;13046;Free;0
Dating for 50 plus Mature Singles – FINALLY;DATING;4.6;13049;Free;0
Dating for 50 plus Mature Singles – FINALLY;DATING;4;187;Free;0
Dating Network;DATING;NaN;0;Free;0
Dating Tips For Men;DATING;NaN;0;Free;0
Dating White Girls;SOCIAL;3.7;2111;Free;0
Dating.dk;COMMUNICATION;4.3;41420;Free;0
Daum Mail - Next Mail;MEDICAL;3.9;272;Free;0
Davis's Drug Guide;MEDICAL;4.5;572;Free;0
Davis's Drug Guide for Nurses;PERSONALIZATION;4.7;4856;Paid;2,49
Day Night Live Wallpaper (All);FAMILY;4.8;51068;Paid;4,99
Day R Premium;TRAVEL_AND_LOCAL;NaN;4;Free;0
DB BAHN;TOOLS;3.3;236;Free;0
DB Browser;MAPS_AND_NAVIGATION;3.7;78;Free;0
DB Busradar NRW;BUSINESS;4.2;100;Free;0
DB Customer Connect;SOCIAL;2.4;37;Free;0
DB Event App;TRAVEL_AND_LOCAL;NaN;1;Free;0
DB FahrtProfi;FAMILY;4;3323;Free;0
DB for Fallout Shelter;FAMILY;4.8;21;Free;0
DB for Hustle Castle;LIFESTYLE;5;5;Free;0
DB HOME;TOOLS;2.7;7;Free;0
DB LINK RGB;PRODUCTIVITY;NaN;3;Free;0
DB Manager;TOOLS;4.6;154;Free;0
dB Meter - measure sound & noise level in Decibel;TOOLS;NaN;0;Paid;1,49
db Meter - sound level meter with data logging;MAPS_AND_NAVIGATION;4;119685;Free;0
DB Navigator;BUSINESS;5;5;Free;0
DB Pickles;TOOLS;3.9;203;Free;0
dB Sound Level Meter;TOOLS;4.1;29;Free;0
dB Sound Meter;TOOLS;4.3;824;Free;0
DB Sound Meter: Measure Noise Level- Decibel Meter;BUSINESS;4.6;17;Free;0
DB Stay Connected;MAPS_AND_NAVIGATION;3.9;4569;Free;0
DB Streckenagent;FAMILY;4.6;37;Free;0
DB Tools;TOOLS;4.2;265;Free;0
DB TOS - Pocket Helper;FAMILY;3.7;6514;Free;0
DB Train Simulator;MAPS_AND_NAVIGATION;1.9;179;Free;0
DB Transport;GAME;4.5;33;Free;0
DB Ultra Saiyan Battle;NEWS_AND_MAGAZINES;NaN;145;Free;0
DB Welt - Die Zeitung der DB;LIBRARIES_AND_DEMO;4.5;23;Free;0
db.Mobil App;TOOLS;4.3;31;Free;0
dB: Sound Meter Pro;FAMILY;4.4;12639;Free;0
DC All Access;COMICS;4.2;25671;Free;0
DC Comics;COMICS;4.2;25673;Free;0
DC Comics;SOCIAL;4.9;117;Free;0
DC Comics Amino;BOOKS_AND_REFERENCE;3.8;38;Free;0
DC HSEMA;FAMILY;4.5;355613;Free;0
DC Legends: Battle for Justice;MAPS_AND_NAVIGATION;3.4;59;Free;0
DC Metro;TRAVEL_AND_LOCAL;4.5;339;Paid;2,99
DC Metro Transit;TRAVEL_AND_LOCAL;4.4;6895;Free;0
DC Metro Transit - Free;FAMILY;5;22;Free;0
DC N COMPANY ENTERTAINMENT RADIO!;BOOKS_AND_REFERENCE;4.2;20;Free;0
DC Public Library;MAPS_AND_NAVIGATION;3.6;258;Free;0
DC Rider;FAMILY;4.3;43060;Free;0
DC Super Hero Girls™;FAMILY;4.3;43060;Free;0
DC Super Hero Girls™;FAMILY;4.3;43090;Free;0
DC Super Hero Girls™;GAME;4.3;43055;Free;0
DC Super Hero Girls™;TRAVEL_AND_LOCAL;3.1;16;Free;0
DC Trails-Hop On Hop Off Tours;TOOLS;4.1;1186;Free;0
DC Universe Online Map;GAME;4.3;11;Free;0
DC Universe Quiz;PHOTOGRAPHY;5;3;Free;0
DC-014;TOOLS;4;182;Free;0
DCUO|CR Calculator Lite;TOOLS;4.6;82;Paid;0,99
DCUO|CR Calculator Pro;GAME;4.3;240;Free;0
Dead Target Zombie Shooting US Sniper Killer Squad;GAME;4.5;1468591;Free;0
DEAD TARGET: FPS Zombie Apocalypse Survival Games;GAME;4.5;1468638;Free;0
DEAD TARGET: FPS Zombie Apocalypse Survival Games;GAME;3.9;71;Free;0
Dead Zombie Evil Killer:Axe;COMMUNICATION;4.4;9;Paid;3,99
Deaf - Hearing chat device H;MEDICAL;3.8;24;Free;0
Deaf Interpreter;COMMUNICATION;4.3;298;Free;0
Deaf World DW;FAMILY;4.1;11179;Free;0
Death Dragon Knights RPG;FOOD_AND_DRINK;3.8;3320;Free;0
Debonairs Pizza;BUSINESS;NaN;0;Free;0
Debra Care Conference;GAME;3.6;5291;Free;0
Decay: The Mare - Ep.1 (Trial);TOOLS;4.3;60;Paid;3,99
Decibel X PRO - Sound Meter dBA;TOOLS;4.1;37975;Free;0
Deck Advisor for CR;TOOLS;4.2;2630;Free;0
Deck Analyzer for CR;FAMILY;3.1;52;Free;0
Deck Builder & Analyzer for CR;GAME;4.7;466495;Free;0
Deck Heroes: Legacy;FAMILY;4.6;2167;Free;0
Deck Shop for Clash Royale;TOOLS;3.4;202;Free;0
Deck Simulator for CR;HEALTH_AND_FITNESS;3.9;26;Free;0
Deep Breathe BP;MEDICAL;4.2;4852;Free;0
Deep Sleep and Relax Hypnosis;TOOLS;4.1;22032;Free;0
Deep Sleep Battery Saver;TOOLS;3.9;1417;Paid;3,28
Deep Sleep Battery Saver Pro;GAME;4.3;955656;Free;0
DEER HUNTER 2018;GAME;4.3;955614;Free;0
DEER HUNTER 2018;GAME;3.7;38767;Free;0
DEER HUNTER CHALLENGE;GAME;4.4;3941129;Free;0
DEER HUNTER CLASSIC;GAME;4.3;314774;Free;0
DEER HUNTER RELOADED;GAME;4.6;152395;Free;0
Defender;SHOPPING;NaN;16;Free;0
dekoreko-dz;FOOD_AND_DRINK;4.7;129737;Free;0
Delicious Recipes;FOOD_AND_DRINK;4.6;32997;Free;0
DELISH KITCHEN - FREE recipe movies make food fun and easy!;FOOD_AND_DRINK;4.3;151080;Free;0
Delivery Club-food delivery: pizza;FOOD_AND_DRINK;4.3;58316;Free;0
Delivery trough - delivery trough delivery trough;FOOD_AND_DRINK;4.4;90042;Free;0
Delivery yogi.;FOOD_AND_DRINK;4.1;1920;Free;0
delivery.com: Order Food;MEDICAL;3;914;Free;0
Delta Dental;HEALTH_AND_FITNESS;NaN;2;Free;0
DEM DZ;FAMILY;4.5;2931;Free;0
Denis Brogniart - AH !;FAMILY;NaN;4;Free;0
Denis Brogniart - AH 2 !;FAMILY;3.5;2580;Free;0
Dentist Surgery ER Emergency Doctor Hospital Games;PHOTOGRAPHY;2.9;66;Free;0
DENVER ACTION CAM 3;SPORTS;4.7;2317;Free;0
Deportivo Toluca FC;FINANCE;4.4;18;Free;0
Deposit Calculator FD & RD;FAMILY;4.3;363;Paid;2,99
Depths of Betrayal CE (Full);MEDICAL;5;3;Free;0
Dermatology Atlas (Colored & Illustrative);FAMILY;4.4;539931;Free;0
Design Home;LIFESTYLE;NaN;5;Free;0
Design innovation CD Cassette;TRAVEL_AND_LOCAL;4.4;150932;Free;0
Despegar.com Hotels and Flights;FAMILY;4.2;10440;Free;0
Desperate Housewives: The Game;GAME;4.4;13079;Free;0
Destiny Ninja Shall we date otome games love story;GAME;4.4;10786;Free;0
Destroy Gunners Σ;NEWS_AND_MAGAZINES;NaN;0;Free;0
Dete.bg;FAMILY;3.8;45;Paid;2,49
Detect-O-Gromit (D.O.G 2);NEWS_AND_MAGAZINES;4.1;190888;Free;0
detikcom - Latest & Most Complete News;FAMILY;4.5;9699;Paid;0,99
Deus Ex GO;PARENTING;4.6;1413;Free;0
Development of the child up to a year;TOOLS;4.2;28860;Free;0
Device Help;PERSONALIZATION;4.1;2645;Paid;0,99
Device Info Ex Live Wallpaper;FINANCE;4;26;Free;0
Devise Dz;MEDICAL;3;45;Free;0
Dexcom G6;NEWS_AND_MAGAZINES;4.3;350;Free;0
Dezeen Magazine RSS Reader;TOOLS;NaN;4;Free;0
df;MAPS_AND_NAVIGATION;NaN;9;Free;0
DF 司機;SOCIAL;NaN;7;Free;0
DF BugMeNot;SPORTS;4;1;Free;0
DF Coaching;PARENTING;5;1;Free;0
DF Glue Board;PHOTOGRAPHY;4.3;194;Free;0
DF Night Selfies;TOOLS;NaN;0;Free;0
DF SmartPlus;GAME;NaN;1;Free;0
DF Squid;BUSINESS;NaN;2;Free;0
DF Tracker;TOOLS;NaN;9;Free;0
DF Wall Plus – Droid Firewall;BUSINESS;4.3;24;Free;0
DF@realtime;TOOLS;NaN;2;Free;0
DF-CAM;PRODUCTIVITY;4.9;17;Free;0
DF-Server Mobile;BUSINESS;NaN;0;Free;0
df-Vegetable;BUSINESS;NaN;0;Free;0
DF-View;SHOPPING;3.6;38;Free;0
DG - Digital Coupons - Free Coupon and Discount;NEWS_AND_MAGAZINES;4.5;53;Free;0
DG ग्राम / Digital Gram Panchayat;COMMUNICATION;NaN;0;Free;0
DG Card;TRAVEL_AND_LOCAL;2.6;122;Free;0
DG Cars;SHOPPING;3.7;668;Free;0
DG Coupon;HEALTH_AND_FITNESS;4.8;6;Free;0
DG Fitness;LIFESTYLE;NaN;0;Free;0
DG Hair;GAME;4.3;59;Free;0
DG Mobile;BUSINESS;NaN;1;Free;0
DG Monitor;SHOPPING;5;1;Free;0
DG OFF - 100% Free Coupons & Deals;PRODUCTIVITY;4.2;43;Free;0
DG Phone Call Task Switcher;PRODUCTIVITY;4.3;195;Free;0
DG Report Reminder;VIDEO_PLAYERS;3.3;12;Free;0
DG Screen Recorder;TOOLS;2.1;14;Free;0
DG Smart life;BUSINESS;3.6;5;Paid;8,99
DG Surveyor;NEWS_AND_MAGAZINES;5;3;Free;0
DG TV;VIDEO_PLAYERS;3.2;39;Free;0
DG UPnP Player Free;PRODUCTIVITY;4.5;8;Free;0
DG Users;VIDEO_PLAYERS;4;486;Free;0
DG Video Editor;HEALTH_AND_FITNESS;NaN;1;Free;0
DG Xplained;TOOLS;5;1;Free;0
DG-App;FAMILY;NaN;8;Free;0
DH Karaoke;LIFESTYLE;NaN;0;Free;0
DH Mariage;NEWS_AND_MAGAZINES;2.5;81;Free;0
DH News;LIFESTYLE;5;6;Free;0
D-H Pharmacy;GAME;4.2;1878;Free;0
DH Pineapple Poker OFC;GAME;4.4;562345;Free;0
DH Texas Poker - Texas Hold'em;FAMILY;3;4;Free;0
DH UFO;SHOPPING;4.5;104068;Free;0
DHgate-Shop Wholesale Prices;BUSINESS;NaN;3;Free;0
DH-Security Camera;FAMILY;5;1;Free;0
DH-UFO;BUSINESS;NaN;0;Free;0
DHV accountancy BV;FAMILY;NaN;11;Free;0
Diário Escola Mestres EF;MEDICAL;4.5;309;Free;0
Diabetes;MEDICAL;4.6;395;Paid;9,99
Diabetes & Diet Tracker;MEDICAL;4.6;395;Paid;9,99
Diabetes & Diet Tracker;MEDICAL;4.5;4027;Free;0
Diabetes Connect;MEDICAL;4.9;18;Free;0
Diabetes mellitus (DM) from zero to hero;MEDICAL;NaN;1;Free;0
Diabetes Testing;MEDICAL;4.6;15545;Free;0
Diabetes:M;MEDICAL;4.6;15537;Free;0
Diabetes:M;PERSONALIZATION;4.3;1734;Free;0
Dialer theme Droid L;PERSONALIZATION;4.2;33;Paid;1,49
Dialer theme G Black Gold;MEDICAL;2.9;92;Free;0
Dialysis of Drugs;DATING;NaN;0;Free;0
Diamond Engagement Rings;PERSONALIZATION;4.3;71688;Free;0
Diamond Zipper Lock Screen;FINANCE;NaN;30;Free;0
Diario Financiero;LIFESTYLE;4.6;815893;Free;0
Diary with lock;LIFESTYLE;4.6;815280;Free;0
Diary with lock;LIFESTYLE;4.3;179139;Free;0
Diary with lock password;BUSINESS;NaN;20;Free;0
DICT.fr Mobile;BOOKS_AND_REFERENCE;4.5;264260;Free;0
Dictionary;BOOKS_AND_REFERENCE;4.5;454060;Free;0
Dictionary - Merriam-Webster;BOOKS_AND_REFERENCE;4.5;454412;Free;0
Dictionary - Merriam-Webster;BOOKS_AND_REFERENCE;4.6;124970;Free;0
Dictionary - WordWeb;BOOKS_AND_REFERENCE;4.6;899010;Free;0
Dictionary.com: Find Definitions for English Words;GAME;4.1;347883;Free;0
diep.io;MEDICAL;4;8;Paid;3,99
Differential Dx;MEDICAL;4;238;Free;0
Differential Dx Free;FAMILY;3.6;1185;Free;0
Differential Equations Steps;NEWS_AND_MAGAZINES;3.9;6105;Free;0
Digg;TOOLS;4.2;155;Free;0
Digi Dex for DW Next Order @PS4;PRODUCTIVITY;4.4;133573;Free;0
DigiCal Calendar Agenda;FINANCE;4.5;8188;Free;0
Digit Save Money Automatically;FINANCE;4.5;8188;Free;0
Digit Save Money Automatically;TOOLS;4.2;118439;Free;0
Digital Alarm Clock;LIFESTYLE;4.4;317;Free;0
Digital Clock : Simple;TOOLS;4.1;484;Free;0
Digital Clock AW-7;TOOLS;4.7;3408;Free;0
Digital Falak;FAMILY;NaN;5;Free;0
Digital FM Brasília DF;TRAVEL_AND_LOCAL;4.6;19;Free;0
Digital Tourist BH Itinerary;ENTERTAINMENT;3.1;5241;Free;0
Digital TV;SOCIAL;NaN;62;Free;0
Digi-TV.ch;TOOLS;4.1;543;Free;0
Digoo·Cloud;MEDICAL;NaN;1;Free;0
Diligan CD VR;SHOPPING;5;4;Free;0
Dine In CT - Food Delivery;GAME;3.6;182;Free;0
Dino Defends king 3 – Dinosaur T rex Hunter Games;GAME;4.4;1381820;Free;0
DINO HUNTER: DEADLY SHORES;GAME;4.4;1381624;Free;0
DINO HUNTER: DEADLY SHORES;FAMILY;3.7;10035;Free;0
Dino in City-Dinosaur N Police;GAME;4;69115;Free;0
Dino T-Rex;GAME;4.1;18996;Free;0
Dino War: Rise of Beasts;GAME;4;26649;Free;0
Dinosaur Simulator: Dino World;FAMILY;4.3;157997;Free;0
Dinosaur War;EDUCATION;4.4;390;Free;0
Dinosaurs Coloring Pages;FAMILY;NaN;35;Free;0
Dio Fa Cose;FINANCE;4.5;6156;Free;0
Direct Express®;FAMILY;4.1;235486;Free;0
DIRECTV;FAMILY;3.9;24123;Free;0
DIRECTV for Tablets;FAMILY;3;480;Free;0
DIRECTV Remote App;GAME;3.8;499;Paid;3,99
Dirt Trackin Sprint Cars;FAMILY;4.5;14692;Free;0
Disaster Will Strike;TOOLS;3;262;Free;0
Disc Label Print;SOCIAL;NaN;24;Free;0
Discípulos em BH;FAMILY;5;3;Free;0
Disciple Maker’s (DM) Lab;COMMUNICATION;4.5;305347;Free;0
Discord - Chat for Gamers;BEAUTY;4;364;Free;0
Discover Color;FINANCE;4.6;87951;Free;0
Discover Mobile;LIFESTYLE;4.7;40;Free;0
Discovery Church Florida;MAPS_AND_NAVIGATION;2.8;1911;Free;0
Discovery Insure;FAMILY;4.1;19388;Free;0
Discovery K!ds Play!;FAMILY;4.2;11263;Free;0
Discovery K!ds Play! Español;PRODUCTIVITY;NaN;6;Paid;0,99
Diseño de columnas NTC - RSEE 2017;TOOLS;4.2;227798;Free;0
DiskDigger photo recovery;FAMILY;4.5;514088;Free;0
Disney Crossy Road;GAME;4.6;102107;Free;0
Disney Heroes: Battle Mode;FAMILY;4.3;472584;Free;0
Disney Magic Kingdoms: Build Your Own Magical Park;FAMILY;4.3;472584;Free;0
Disney Magic Kingdoms: Build Your Own Magical Park;FAMILY;3.9;31061;Free;0
Disney Magic Timer by Oral-B;FAMILY;3.9;60097;Free;0
Disney Princess Palace Pets;FAMILY;4.3;82471;Free;0
DisneyNOW – TV Shows & Games;FAMILY;4.3;82471;Free;0
DisneyNOW – TV Shows & Games;FAMILY;4.3;82499;Free;0
DisneyNOW – TV Shows & Games;TOOLS;3.6;9895;Free;0
Display Phone Screen On TV;PHOTOGRAPHY;NaN;1;Free;0
Displaying You VR;TOOLS;4.3;34;Free;0
Ditto CP Calculator GO;SPORTS;NaN;0;Paid;1,99
Dive-Store.ch;LIFESTYLE;4.4;5;Free;0
DIY CD Craft Ideas;LIFESTYLE;NaN;5;Free;0
DIY cd rom ideas;LIFESTYLE;4;209;Free;0
DIY Crafts Cds;LIFESTYLE;4.1;3309;Free;0
DIY Garden Ideas;HOUSE_AND_HOME;4.7;114;Free;0
DIY On A Budget;LIFESTYLE;NaN;3;Free;0
DIY Recycled CD Wall Art;FAMILY;3.9;53301;Free;0
DJ Electro Mix Pad;FAMILY;4.1;5997;Free;0
DJ Mix Effects Simulator;FAMILY;3.6;35121;Free;0
DJ Music Pad;GAME;4.3;21107;Free;0
DJMAX TECHNIKA Q - Music Game;FAMILY;4.8;5;Free;0
dk;FAMILY;2.8;21;Free;0
DK 15 Minute Language Course;COMMUNICATION;4;1;Free;0
DK Browser;LIFESTYLE;NaN;0;Free;0
DK Childcare Centers;TRAVEL_AND_LOCAL;2.3;9;Free;0
DK Eyewitness Audio Walks;LIFESTYLE;NaN;0;Free;0
DK Hair Design;SPORTS;3.9;255;Free;0
DK Live - Sports Play by Play;SOCIAL;4.8;65;Free;0
DK Murali;FAMILY;NaN;21;Free;0
DK Online;SPORTS;4.1;556;Free;0
DK Pittsburgh Sports;PERSONALIZATION;NaN;0;Paid;0,99
DK Primrose for KLWP;GAME;4.4;1628;Free;0
DK Quiz;FAMILY;3.9;30;Free;0
DK Readers;BEAUTY;NaN;8;Free;0
DK Studio Barbershop;COMMUNICATION;NaN;0;Free;0
DK TEL Dialer;BUSINESS;4.4;9;Free;0
dk Verk;FAMILY;3.7;42;Free;0
DK Virtual Reality;SPORTS;4.5;177;Free;0
DL Calculator;FAMILY;4.6;12;Free;0
DL Hughley;PRODUCTIVITY;5;2;Paid;0,99
DL Image Manager;COMMUNICATION;NaN;0;Free;0
DM - The Offical Messaging App;PHOTOGRAPHY;NaN;2;Free;0
DM הפקות;TOOLS;3.6;7;Free;0
DM 24/7;FINANCE;NaN;0;Free;0
DM Accounting and Payroll;GAME;NaN;0;Free;0
DM Adventure;TOOLS;2.8;11;Free;0
DM airdisk;TOOLS;NaN;4;Free;0
DM AirDisk HDD;TOOLS;NaN;0;Free;0
DM AirDisk NAS;TOOLS;3.2;11;Free;0
DM airdisk Pro;FAMILY;5;3;Free;0
DM Buddy » Learn Digital Marketing;SHOPPING;NaN;3;Free;0
DM Collection;TOOLS;NaN;0;Paid;0,99
DM Die Roller 9000;GAME;2.5;450;Free;0
DM EVOLUTION;SOCIAL;3.7;55;Free;0
DM for IG 😘 - Image & Video Saver for Instagram;COMMUNICATION;4.4;25;Free;0
DM for WhatsApp;TOOLS;2.8;54;Free;0
DM HiDisk;NEWS_AND_MAGAZINES;NaN;0;Free;0
DM Magazine;SOCIAL;2.9;90;Free;0
DM Me - Chat;BOOKS_AND_REFERENCE;4.4;283;Free;0
DM Screen;TOOLS;3.9;27;Free;0
DM security - Dragon Mobile;SOCIAL;3.2;6;Free;0
DM Storage (for twitter);COMMUNICATION;NaN;3;Free;0
DM Talk New;COMMUNICATION;3.5;11;Free;0
DM Tracker;MAPS_AND_NAVIGATION;NaN;10;Free;0
DM TrackMan;TRAVEL_AND_LOCAL;NaN;51;Free;0
DM Transfers Dalaman Transfers;SPORTS;3.3;64;Free;0
DM Tuning;MEDICAL;4.3;6;Free;0
DMC ER Now;COMMUNICATION;3.3;78;Free;0
DMR BrandMeister Tool;AUTO_AND_VEHICLES;4.9;6090;Free;0
DMV Permit Practice Test 2018 Edition;NEWS_AND_MAGAZINES;3.3;78;Free;0
DN;NEWS_AND_MAGAZINES;3.7;794;Free;0
DN - Diário de Notícias;BUSINESS;NaN;0;Free;0
DN Advanced Service Coder;SOCIAL;5;20;Free;0
DN Blog;FINANCE;5;12;Free;0
DN Calculators;BUSINESS;NaN;4;Free;0
DN Diamonds;FAMILY;NaN;0;Free;0
DN Driver;NEWS_AND_MAGAZINES;2.9;61;Free;0
DN eAvis;FAMILY;5;1;Free;0
DN Employee;PRODUCTIVITY;NaN;4;Free;0
DN Events;BUSINESS;NaN;0;Free;0
DN Managed Mobility App;FINANCE;NaN;0;Free;0
DN Prasad;BUSINESS;NaN;1;Free;0
DN Premium Hookah Lounge;NEWS_AND_MAGAZINES;NaN;0;Free;0
DN Radio FM;NEWS_AND_MAGAZINES;4.6;18;Free;0
DN Reader;BUSINESS;NaN;0;Free;0
DN Snacks;NEWS_AND_MAGAZINES;4.1;56;Free;0
DN Sync;NEWS_AND_MAGAZINES;3;29;Free;0
DN.VR;TOOLS;4.3;123;Free;0
DNS Changer - BEST (Gprs/Edge/3G/H/H+/4G);FAMILY;3.1;1073;Free;0
do;MEDICAL;4.4;2295;Free;0
Do I Snore or Grind;PRODUCTIVITY;4.3;26452;Free;0
Do it (Tomorrow);PRODUCTIVITY;4.5;123412;Free;0
Do It Later: Tasks & To-Dos;PRODUCTIVITY;4.5;123412;Free;0
Do It Later: Tasks & To-Dos;FAMILY;3.7;56664;Free;0
Do Not Crash;PRODUCTIVITY;4.3;6120;Free;0
Do Not Disturb;FAMILY;4;34417;Free;0
Do Not Disturb! 2 - Challenge Your Prank Skills!;FAMILY;4.5;1007;Free;0
DO YOU KNOW THE WAY Soundboard;BUSINESS;4.1;217730;Free;0
Docs To Go™ Free Office Suite;BUSINESS;4.1;217730;Free;0
Docs To Go™ Free Office Suite;MEDICAL;4.9;57;Free;0
Doctor Finder CY;FAMILY;4.5;51;Free;0
Doctor Games For Girls - Hospital ER;FAMILY;4.2;200450;Free;0
Doctor Kids;MEDICAL;4.7;18674;Free;0
Doctor On Demand;FAMILY;4.2;23060;Free;0
Doctor Pets;FAMILY;3.6;12781;Free;0
Doctor X - ER On Wheels;MEDICAL;NaN;0;Free;0
Doctors Care;MEDICAL;4.2;980;Free;0
Doctr – ER wait times in Canada;GAME;4;154108;Free;0
Does not Commute;PERSONALIZATION;4.3;63624;Free;0
Dog Licks Screen Wallpaper;FAMILY;4.7;48615;Free;0
Dog Run - Pet Dog Simulator;FAMILY;4.7;48701;Free;0
Dog Run - Pet Dog Simulator;GAME;4.7;48615;Free;0
Dog Run - Pet Dog Simulator;FAMILY;4.6;94989;Free;0
Dog Sim Online: Raise a Family;FAMILY;3.9;2338;Free;0
Doll House Design & Decoration 2: Girls House Game;SHOPPING;3.9;16678;Free;0
Dollar General - Digital Coupons;LIFESTYLE;4.1;18968;Free;0
Dollhouse Decorating Games;FAMILY;3.9;2249;Free;0
Dolphin and fish coloring book;COMMUNICATION;4.5;2511130;Free;0
Dolphin Browser - Fast;PERSONALIZATION;4.2;25807;Free;0
Dolphins Live Wallpaper;FAMILY;4.1;2903;Free;0
Dominos Game ✔️;FOOD_AND_DRINK;4.7;1032935;Free;0
Domino's Pizza USA;FOOD_AND_DRINK;4.7;1032935;Free;0
Domino's Pizza USA;HOUSE_AND_HOME;4.5;39123;Free;0
Domofond Real Estate. Buy;GAME;3.5;901;Free;0
Don't Hug Me I'm So Scared;BOOKS_AND_REFERENCE;4.5;124;Paid;2,99
Don't Panic with Andrew J.;GAME;4.4;17988;Paid;4,99
Don't Starve: Pocket Edition;GAME;4.1;1468;Paid;4,99
Don't Starve: Shipwrecked;TOOLS;3.8;21943;Free;0
Don't touch my phone;GAME;4.3;1083571;Free;0
Doodle Jump;FAMILY;4.2;137167;Free;0
Doomsday Preppers™;PERSONALIZATION;4.3;5413;Free;0
Door Lock Screen;FOOD_AND_DRINK;4.5;104504;Free;0
DoorDash - Food Delivery;NEWS_AND_MAGAZINES;4.5;67;Free;0
Doorstep EU;PARENTING;4.3;11760;Free;0
Dormi - Baby Monitor;MEDICAL;4.3;4107;Free;0
Dosecast - Medication Reminder;FAMILY;4.5;81001;Free;0
Dots & Co: A Puzzle Adventure;FAMILY;4;179;Paid;0,99
Dots puzzle;BUSINESS;NaN;15;Free;0
Dotti EU;HEALTH_AND_FITNESS;4.9;28945;Free;0
Down Dog: Great Yoga Anywhere;MEDICAL;NaN;0;Free;0
Downers Grove AH;TOOLS;4.2;43677;Free;0
Download Accelerator Plus;TOOLS;3.8;120494;Free;0
Download All Files;TOOLS;3.9;34612;Free;0
Download Blazer;TOOLS;4;3840;Free;0
Download Facebook Photo Albums;BOOKS_AND_REFERENCE;4.6;4478;Free;0
Download free book with green book;TOOLS;4.3;1283;Free;0
Download Instant DP (Full HD);TOOLS;3.8;79132;Free;0
Download Manager;TOOLS;3.9;8780;Free;0
Download Manager - File & Video;TOOLS;4.1;420518;Free;0
Download Manager for Android;TOOLS;4;593;Free;0
Download Manager For Android Free;PRODUCTIVITY;3.8;637;Free;0
Download Manager Pro FREE;FAMILY;4;39682;Free;0
Download Video Free;TOOLS;4.3;1072565;Free;0
Downloader & Private Browser;SOCIAL;NaN;4;Free;0
Downloader plus for FB;FAMILY;4.5;69013;Free;0
Downtown Mafia: Gang Wars (Mobster Game) Free;VIDEO_PLAYERS;3.5;197;Free;0
Downvids Helper - One touch DW;FAMILY;4.3;1922;Free;0
DP & Status;PERSONALIZATION;4.1;293;Free;0
DP & Status for Whatsapp 2018;FAMILY;4.1;623;Free;0
DP and Status;SOCIAL;4.5;787;Free;0
DP and Status for WhatsApp 2018;LIFESTYLE;4.7;25;Free;0
DP and Status Images | All Latest Status 2018;FAMILY;4.5;132;Free;0
DP Battle;PHOTOGRAPHY;3.8;4813;Free;0
DP Creator for WhatsApp;SOCIAL;4.4;39;Free;0
DP Display Pictures Life Quotes Motivational GM;PHOTOGRAPHY;4.3;18;Free;0
DP Editor;SOCIAL;4.1;56;Free;0
Dp for Facebook;PHOTOGRAPHY;4.5;12;Free;0
Dp For FB;ART_AND_DESIGN;4.2;175;Free;0
Dp for girls;PERSONALIZATION;4.4;1623;Free;0
Dp For WhatsApp;SOCIAL;4.3;39;Free;0
Dp For Whatsapp;PHOTOGRAPHY;4.2;784;Free;0
DP Maker;PHOTOGRAPHY;4.1;88;Free;0
DP Photo Editor;PHOTOGRAPHY;4.2;302;Free;0
DP Status 2017;TOOLS;NaN;0;Free;0
DQ Akses;BUSINESS;2.3;41;Free;0
DQ Events;FOOD_AND_DRINK;4.1;336;Free;0
DQ Texas;FAMILY;4.9;707;Free;0
DQSalmaan - A fan made App;BUSINESS;4;3;Free;0
DQT GPS;SOCIAL;4.7;2068;Free;0
Dr B R Ambedkar (Jai Bhim);LIFESTYLE;5;19;Free;0
Dr Bk Sachin bhai;FAMILY;3.4;267;Free;0
DR CONTROL;LIFESTYLE;NaN;0;Free;0
Dr D K Olukoya;GAME;4.3;146;Free;0
Dr Dre - Beatmaker;GAME;4.3;183;Free;0
Dr Driving Racer;FAMILY;4;68;Free;0
DR Sebi's Alkaline List;VIDEO_PLAYERS;3.3;6716;Free;0
DR TV;FAMILY;3.9;1985;Free;0
Dr. 2048;SOCIAL;4.8;1902;Free;0
Dr. B.R.Ambedkar;TOOLS;4.5;101738;Free;0
Dr. Battery - Fast Charger - Super Cleaner 2018;TOOLS;4.4;138872;Free;0
Dr. Booster - Boost Game Speed;FAMILY;4.5;3580;Free;0
Dr. Cares - Amy's Pet Clinic 🐈 🐕;FAMILY;4.2;14432;Free;0
Dr. Cares - Pet Rescue 911 🐶;GAME;4.1;97209;Free;0
Dr. Chess;FAMILY;4;3;Free;0
Dr. D. Y. Patil Vidyapeeth GBS;LIFESTYLE;NaN;1;Free;0
Dr. D.K. Olukoya Sermons;GAME;4;2700;Free;0
Dr. Dominoes;BOOKS_AND_REFERENCE;4;22;Free;0
Dr. Doug's Tips;GAME;4.5;4972230;Free;0
Dr. Driving;GAME;4.6;358633;Free;0
Dr. Driving 2;TOOLS;5;19;Free;0
Dr. ES PV Calculator;GAME;3.9;85317;Free;0
Dr. Gomoku;HEALTH_AND_FITNESS;3.8;76;Paid;4,99
Dr. McDougall Mobile Cookbook;HEALTH_AND_FITNESS;4;87;Free;0
Dr. Muscle;FOOD_AND_DRINK;4.2;8509;Free;0
Dr. Oetker recipe ideas;FAMILY;4.4;3396;Paid;3,99
Dr. Panda & Toto's Treehouse;FAMILY;4.4;3396;Paid;3,99
Dr. Panda & Toto's Treehouse;FAMILY;4.4;3397;Paid;3,99
Dr. Panda & Toto's Treehouse;FAMILY;4.2;1013;Paid;2,99
Dr. Panda Art Class;FAMILY;4.1;11788;Free;0
Dr. Panda Café Freemium;FAMILY;4.1;265;Paid;2,99
Dr. Panda Farm;FAMILY;4.4;1091;Paid;2,99
Dr. Panda Hospital;FAMILY;4.4;23022;Free;0
Dr. Panda Ice Cream Truck Free;FAMILY;4.3;3725;Paid;2,99
Dr. Panda Restaurant 2;FAMILY;4.2;11126;Free;0
Dr. Panda Restaurant 3;FAMILY;4.2;1357;Paid;2,99
Dr. Panda Supermarket;FAMILY;4;36578;Free;0
Dr. Panda Town;FAMILY;3.8;10366;Free;0
Dr. Panda Town: Vacation;FAMILY;4.4;2311;Paid;1,99
Dr. Panda's Swimming Pool;GAME;4.5;14253;Free;0
Dr. Parker : Parking Simulator;GAME;4.6;15829;Free;0
Dr. Parker : Real car parking simulation;GAME;4.4;475369;Free;0
Dr. Parking 4;FAMILY;4.3;2419;Free;0
Dr. Pixel: Pill mania Classic;GAME;4;42182;Free;0
Dr. Rocket;TOOLS;4.4;372553;Free;0
Dr. Safety - Antivirus;FAMILY;4.7;429;Paid;3,99
Dr. Seuss's ABC;GAME;3.3;19291;Free;0
Dr. Shogi;GAME;4.6;18;Paid;4,99
Dr. Splorchy Presents Space Heroes;FAMILY;3.5;2310;Free;0
Dr. Sudoku;FAMILY;4.1;1626;Free;0
Dr. Truck Driver : Real Truck Simulator 3D;FAMILY;3.9;3847;Free;0
Dr. Unblock;PRODUCTIVITY;3.8;1205;Free;0
Dr.Android Repair Master 2017;FAMILY;NaN;2;Paid;46,99
Dr.Dice - Sic bo analyzer;TOOLS;3.7;23347;Free;0
dr.fone - Recovery & Transfer wirelessly & Backup;FAMILY;4.4;54;Paid;2,99
DR.MEEP;GAME;4;454;Free;0
Dr.Slender Ep 1 Guide (Eng);TOOLS;4.5;594406;Free;0
Dr.Web Security Space;SPORTS;4.6;162933;Free;0
Draft Simulator for FUT 18;SPORTS;4.5;50017;Free;0
DraftKings - Daily Fantasy Sports;GAME;4.8;133180;Free;0
Drag'n'Boom;PERSONALIZATION;NaN;0;Free;0
Dragon B.Z Wallpapers;GAME;4.6;337752;Free;0
DRAGON BALL LEGENDS;GAME;4.6;337913;Free;0
DRAGON BALL LEGENDS;GAME;4.6;337913;Free;0
DRAGON BALL LEGENDS;GAME;4.6;338742;Free;0
DRAGON BALL LEGENDS;COMICS;4.7;73;Free;0
Dragon Ball Wallpaper - Ringtones;GAME;4.1;650114;Free;0
DRAGON BALL Z DOKKAN BATTLE;FAMILY;4.2;12;Free;0
Dragon BZ Super Wallpapers;PERSONALIZATION;NaN;5;Free;0
Dragon BZ Wallpapers HD;GAME;4.5;354373;Free;0
Dragon Hills;FAMILY;4.6;11872;Free;0
Dragon Nest M;FAMILY;4.2;9659;Paid;2,99
DRAGON QUEST;FAMILY;4.5;2576;Paid;4,99
DRAGON QUEST II;FAMILY;4.2;1661;Paid;9,99
DRAGON QUEST III;FAMILY;4.7;1647;Paid;14,99
DRAGON QUEST IV;FAMILY;4.7;1667;Paid;14,99
DRAGON QUEST V;FAMILY;4.4;3358;Paid;14,99
DRAGON QUEST VI;FAMILY;4.5;7812;Paid;19,99
DRAGON QUEST VIII;FAMILY;4.6;111741;Free;0
Dragon Sim Online: Be A Dragon;GAME;4.3;8537;Free;0
Dragon X Adventure: Warrior Z;GAME;4.5;197979;Free;0
Dragonplay™ Poker Texas Holdem;ENTERTAINMENT;4.2;155234;Free;0
DramaFever: Stream Asian Drama Shows & Movies;GAME;4.6;87766;Paid;4,99
DraStic DS Emulator;GAME;3.4;29265;Free;0
Draw A Stickman;GAME;4.3;213340;Free;0
Draw a Stickman: EPIC 2 Free;GAME;4.2;210317;Free;0
Draw a Stickman: EPIC Free;FAMILY;4.7;34279;Free;0
Draw Color by Number - Sandbox Pixel Art;GAME;4.2;46416;Free;0
Draw In;GAME;3.9;29505;Free;0
Draw N Guess Multiplayer;GAME;4.2;1092106;Free;0
Draw Something Classic;TOOLS;4.3;3268;Free;0
Draw with FP sDraw;FAMILY;4.4;18616;Free;0
Draw.ly - Color by Number Pixel Art Coloring;ART_AND_DESIGN;4.2;117;Free;0
Drawing Clothes Fashion Ideas;FAMILY;4.6;29436;Free;0
Drawing for Kids Learning Games for Toddlers age 3;FAMILY;2.4;210;Free;0
DRC Sim - Wii U Gamepad;HEALTH_AND_FITNESS;4.1;107;Free;0
Dream EZ;GAME;4.6;9882639;Free;0
Dream League Soccer 2018;GAME;4.6;9883806;Free;0
Dream League Soccer 2018;SPORTS;4.6;9873470;Free;0
Dream League Soccer 2018;LIFESTYLE;3.8;89;Free;0
DREAM-e: Dream Analysis A.I.;GAME;4;6386;Free;0
Dreamland Arcade - Steven Universe;MEDICAL;4.2;10710;Free;0
DreamMapper;TRAVEL_AND_LOCAL;3.4;595;Free;0
DreamStream By EL AL;TRAVEL_AND_LOCAL;4.7;9971;Free;0
DreamTrips;FAMILY;3.6;1042;Free;0
DreamWorks Friends;FAMILY;3.6;1042;Free;0
DreamWorks Friends;FAMILY;3.5;13;Paid;0,99
Dress Up RagazzA13 DX;BEAUTY;4.5;473;Free;0
Dresses Ideas & Fashions +3000;GAME;4.2;33788;Free;0
Drift Legends;GAME;4.1;140;Free;0
Drink-O-Tron The Drinking Game;GAME;4.2;2183;Free;0
Drive 4x4 Luxury SUV Jeep;FAMILY;4.7;78;Free;0
Driver Permit Test Prep DC DMV Driver's License Ed;GAME;NaN;3;Free;0
Driving Cars Simulator Citroen;FAMILY;4.5;15;Free;0
Driving n Parking School 2017;FAMILY;3.9;5075;Free;0
Driving School 3D 2017;FAMILY;3.7;187;Free;0
Driving Suv Toyota Car Simulator;GAME;4.2;51791;Free;0
Driving Zone;FAMILY;2.9;975;Free;0
DrivingTest;TOOLS;3.5;412;Paid;0,99
Droid PRoCon BF3;VIDEO_PLAYERS;3.8;2093;Free;0
Droid Zap by Motorola;EVENTS;4.2;811;Free;0
DroidAdmin for Android - Advice;TOOLS;4.5;2;Paid;3,99
Droidbug BusyBox Advance PRO;PRODUCTIVITY;4.4;1861310;Free;0
Dropbox;PRODUCTIVITY;4.4;1861309;Free;0
Dropbox;PRODUCTIVITY;4.4;1860844;Free;0
Dropbox;MEDICAL;NaN;0;Free;0
Drug Calculator;MEDICAL;4.4;187;Free;0
Drugs Dz - Algeria;MEDICAL;4.4;15875;Free;0
Drugs.com Medication Guide;FAMILY;4.9;15;Free;0
DS;BUSINESS;NaN;2;Free;0
DS - xR;TOOLS;4.6;14;Free;0
DS App Manager;WEATHER;3.9;2962;Free;0
DS Barometer - Altimeter and Weather Information;PRODUCTIVITY;3.6;3227;Free;0
DS cam;TOOLS;3.2;4908;Free;0
DS cloud;HEALTH_AND_FITNESS;NaN;0;Free;0
DS Companion;TOOLS;2.6;5;Free;0
DS Connector 2.0;TOOLS;1;2;Free;0
DS Creator 2.0;PRODUCTIVITY;4.1;10676;Free;0
DS file;TOOLS;4;2596;Free;0
DS finder;TOOLS;4;127;Free;0
DS Flashlight;TOOLS;3.4;71852;Free;0
DS get;BUSINESS;3.6;21;Paid;12,99
DS Helpdesk Plus;PRODUCTIVITY;3.9;2046;Free;0
DS note;VIDEO_PLAYERS;3.8;7335;Free;0
DS photo;TOOLS;3.8;253;Free;0
DS router;MAPS_AND_NAVIGATION;3.9;22382;Free;0
DS Speedometer & Odometer;WEATHER;3.7;631;Free;0
DS Thermometer;GAME;3.2;768;Free;0
DS Tower Defence;VIDEO_PLAYERS;3.8;12443;Free;0
DS video;BUSINESS;NaN;0;Free;0
DS Vision;BUSINESS;NaN;3;Free;0
DS-11 form;PRODUCTIVITY;1.8;12;Free;0
DS-20000S;BUSINESS;NaN;1;Free;0
DS-82 form;FAMILY;NaN;1;Free;0
DS-Admin;PHOTOGRAPHY;3.5;13;Free;0
DS-L4 Viewer;TOOLS;3.3;75;Free;0
DSLR Blur Camera Auto Focus;PHOTOGRAPHY;3.4;30;Free;0
DSLR camera - Auto Focus and Blur Professional;PHOTOGRAPHY;4.2;4410;Free;0
DSLR Camera Hd Ultra Professional;PHOTOGRAPHY;4;675;Free;0
DSLR Photography Training apps;FAMILY;4.8;5;Free;0
DS-Students;ENTERTAINMENT;3.9;34923;Free;0
DStv Now;LIFESTYLE;NaN;0;Free;0
DT;TOOLS;1.7;10;Free;0
DT Baby Cam;SHOPPING;5;1;Free;0
DT CLOTHINGS;FAMILY;4.6;477;Free;0
DT Driving Test Theory;BUSINESS;3;2;Free;0
DT Fieldlink;PRODUCTIVITY;NaN;0;Free;0
DT Freight;TOOLS;1;1;Free;0
DT future1 cam;MEDICAL;NaN;1;Free;0
DT Health;PRODUCTIVITY;4;9;Free;0
DT Manager;HEALTH_AND_FITNESS;2.4;44;Free;0
DT NO.I;BUSINESS;NaN;6;Free;0
DT Practice;FINANCE;4.8;4;Free;0
dt Pro;SPORTS;4.1;10;Free;0
DT Simple Interval Timer;TOOLS;1.6;39;Free;0
DT Smart;SHOPPING;NaN;0;Free;0
DT Technologies;AUTO_AND_VEHICLES;4;4;Free;0
Dt Tracking;HEALTH_AND_FITNESS;5;18;Free;0
Dt. Jyothi Srinivas;NEWS_AND_MAGAZINES;3.1;124;Free;0
dt.se;FAMILY;NaN;6;Free;0
DT-CAM;SHOPPING;4.5;18;Free;0
DTPay;FAMILY;3.8;25;Free;0
DT-VR;TOOLS;4.6;436615;Free;0
DU Antivirus Security - Applock & Privacy Guard;LIFESTYLE;3.5;7578;Free;0
du app;TOOLS;4.5;13479633;Free;0
DU Battery Saver - Battery Charger & Battery Life;TOOLS;4.2;20941;Free;0
DU Browser Mini(Small&Fast);COMMUNICATION;4.3;1133501;Free;0
DU Browser—Browse fast & fun;COMMUNICATION;4.3;1133539;Free;0
DU Browser—Browse fast & fun;FAMILY;4.8;3390;Free;0
Du Chinese – Mandarin Lessons;TOOLS;4.5;465831;Free;0
DU Cleaner – Memory cleaner & clean phone cache;PHOTOGRAPHY;4.7;4595;Free;0
DU Collage Maker - Photo Collage & Grid & Layout;FAMILY;4.8;16;Free;0
DU CS Lectures - Learn to Code for Free;TOOLS;4.3;19234;Free;0
DU Emoji Keyboard（Simeji）;TOOLS;4.3;73821;Free;0
DU Flashlight - Brightest LED & Flashlight Free;PHOTOGRAPHY;4.6;7605;Free;0
DU GIF Maker: GIF Maker;PERSONALIZATION;4.5;67707;Free;0
DU Launcher - Boost Your Phone;VIDEO_PLAYERS;4.4;21762;Free;0
DU Privacy-hide apps、sms、file;VIDEO_PLAYERS;4.8;2588730;Free;0
DU Recorder – Screen Recorder;TOOLS;4.4;4847;Free;0
DU Security;FAMILY;3.8;935;Free;0
du View;BOOKS_AND_REFERENCE;4.9;122;Free;0
Duaa Ek Ibaadat;FAMILY;4.3;817;Free;0
Dual N-Back - Brain game;GAME;4.2;16237;Free;0
Dubai Racing;VIDEO_PLAYERS;4.2;1971777;Free;0
Dubsmash;SPORTS;4.5;97;Free;0
Dude Perfect;GAME;4.5;401425;Free;0
Dude Perfect 2;GAME;4.5;401648;Free;0
Dude Perfect 2;PERSONALIZATION;NaN;1;Free;0
Dulquer Salmaan HD Wallpapers;FAMILY;4.2;1671658;Free;0
Dumb Ways to Die 2: The Games;FAMILY;4.4;218881;Free;0
Dungeon Boss – Strategy RPG;FAMILY;4.2;720685;Free;0
Dungeon Hunter 5 – Action RPG;FAMILY;4.2;26307;Free;0
Dungeon Hunter Champions: Epic Online Action RPG;GAME;4.2;26247;Free;0
Dungeon Hunter Champions: Epic Online Action RPG;FAMILY;4;69574;Free;0
Dungeon Keeper;FAMILY;4.4;102215;Free;0
Dungeon Legends - PvP Action MMO RPG Co-op Games;FAMILY;4.5;244039;Free;0
Dungeon Quest;FAMILY;4;28633;Free;0
Dungeon Rush;BOOKS_AND_REFERENCE;3.1;50;Paid;1,99
Dungeons and Dragons DM Tools;FOOD_AND_DRINK;4.2;68103;Free;0
Dunkin' Donuts;FOOD_AND_DRINK;4.2;68270;Free;0
Dunkin' Donuts;EDUCATION;4.7;6289924;Free;0
Duolingo: Learn Languages Free;EDUCATION;4.7;6290507;Free;0
Duolingo: Learn Languages Free;EDUCATION;4.7;6290507;Free;0
Duolingo: Learn Languages Free;EDUCATION;4.7;6290507;Free;0
Duolingo: Learn Languages Free;FAMILY;4.7;6294400;Free;0
Duolingo: Learn Languages Free;FAMILY;4.7;6294397;Free;0
Duolingo: Learn Languages Free;FAMILY;4.7;6297590;Free;0
Duolingo: Learn Languages Free;TOOLS;3.8;5431;Free;0
DuraSpeed;TOOLS;NaN;2;Free;0
DV - Digito Verificador;BOOKS_AND_REFERENCE;4.8;11;Free;0
DV 2018 Winners Guide;BOOKS_AND_REFERENCE;3.9;314;Free;0
DV 2019 - EDV Photo & Form;BOOKS_AND_REFERENCE;4.5;92;Free;0
DV 2019 Entry Guide;FAMILY;5;1;Free;0
DV ASSIST;MAPS_AND_NAVIGATION;4.6;10;Free;0
DV Car Service;PHOTOGRAPHY;3;2;Free;0
DV KING;PHOTOGRAPHY;2.3;3;Free;0
DV KING 4K;VIDEO_PLAYERS;2.9;23;Free;0
DV Lottery Photo;PHOTOGRAPHY;4;223;Free;0
DV Lottery Photo Tool;FAMILY;4.6;13;Free;0
DV Lottery Simulator;TOOLS;NaN;0;Free;0
DV Portfolio;VIDEO_PLAYERS;3.7;321;Free;0
dv Prompter;SOCIAL;4.2;6;Free;0
DV Statistics;PRODUCTIVITY;NaN;1;Free;0
DV Web Design Tips;LIFESTYLE;5;5;Free;0
DV Youth;FAMILY;4.3;21;Free;0
DV-2019 PHOTO TOOL;FAMILY;4.3;158;Free;0
DV-2019 Results;FAMILY;4.6;166;Free;0
DV-2019 UK/British;PHOTOGRAPHY;NaN;17;Free;0
DV-4036 by Somikon;FAMILY;4.5;97;Free;0
DV-LOTTERY 2019 REGISTRATION;NEWS_AND_MAGAZINES;NaN;0;Free;0
DW;NEWS_AND_MAGAZINES;4.4;17671;Free;0
DW - Breaking World News;NEWS_AND_MAGAZINES;4.5;322;Free;0
DW Amharic by AudioNow Digital;NEWS_AND_MAGAZINES;4.3;386;Free;0
DW Arabic By dw-arab.com;FAMILY;4.9;38;Free;0
DW Audio;TOOLS;NaN;7;Free;0
DW Cleaner;COMMUNICATION;4.3;21186;Free;0
DW Contacts & Phone & Dialer;TOOLS;4.2;37;Free;0
DW Contacts Wear;TOOLS;4.3;56;Paid;0,99
DW Contacts widget;NEWS_AND_MAGAZINES;NaN;0;Free;0
DW Espanol;EVENTS;4.3;9;Free;0
DW Event;FAMILY;4.3;902;Free;0
DW Learn German - A1;TRAVEL_AND_LOCAL;3.7;35;Free;0
DW Maps;TOOLS;3.9;65;Free;0
DW Missed call cleaner patch;BUSINESS;2.7;33;Free;0
DW Mobile;BUSINESS;5;6;Free;0
DW Security;BUSINESS;3.4;102;Free;0
DW Spectrum™ IP VMS;BUSINESS;4;44;Free;0
DW Spectrum™ IPVMS Mobile;SOCIAL;NaN;0;Free;0
DW Streaming;BUSINESS;NaN;1;Free;0
DW Tech Tools;TOOLS;5;9;Free;0
DW Timer;NEWS_AND_MAGAZINES;4.7;11;Free;0
DW فارسی By dw-arab.com;TOOLS;NaN;0;Free;0
DW Uninstall Applications;TOOLS;3.4;843;Free;0
DW VMAX;BUSINESS;4;6;Free;0
DW Witness;NEWS_AND_MAGAZINES;4.7;327;Free;0
DWWW 774 Ultimate AM Radio;SHOPPING;3.1;6697;Free;0
DX;TOOLS;4.1;27;Free;0
DX Alert;LIFESTYLE;4.5;22;Free;0
DX Alerts;FAMILY;NaN;17;Free;0
DX Gashacon Sword for Ex-Aid Henshin;PERSONALIZATION;4.4;5;Paid;0,99
DX Glow - Clock Widget;FAMILY;3.6;215;Free;0
Dx Ludo;FAMILY;4.5;182;Free;0
DX Simulation Belt for Build henshin;FAMILY;4.5;64;Free;0
DX Simulation Belt for Decade henshin;FAMILY;NaN;23;Free;0
DX Simulation for Decade Henshin Belt 2018;FAMILY;4.6;33;Free;0
DX Simulation for Double Dx Henshin Belt 2018;FAMILY;4.6;14;Free;0
DX Simulation for Kabuto Henshin Belt 2018;FAMILY;4.6;67;Free;0
DX Simulation for OOO Dx Belt;FAMILY;4;35;Free;0
DX Simulation for X-aid Dx Belt;TOOLS;4.5;46;Free;0
DX Spots Free;HEALTH_AND_FITNESS;NaN;0;Free;0
DY Fitness;LIFESTYLE;NaN;1;Free;0
dy n fly;FAMILY;3;6;Free;0
Dy So Exam;BUSINESS;4;2;Free;0
DY TECHNICAL GYAN;SOCIAL;4.6;22098;Free;0
💘 WhatsLov: Smileys of love;LIFESTYLE;3.8;718;Paid;399,99
💎 I'm rich;TOOLS;4;19;Free;0
📏 Smart Ruler ↔️ cm/inch measuring for homework!;ENTERTAINMENT;4.7;11661;Free;0
🔥 Football Wallpapers 4K | Full HD Backgrounds 😍;BUSINESS;3.7;244;Free;0
Dynamics AX;MAPS_AND_NAVIGATION;4.2;1688;Free;0
Dynavix - Navigation;FAMILY;NaN;4;Free;0
DYPhyzio-Physiology Forum;FAMILY;5;8;Free;0
DYPSOET;FAMILY;4.2;580;Free;0
DZ Blagues;TOOLS;NaN;1;Free;0
Dz Camera;PRODUCTIVITY;4.7;2807;Free;0
Dz Dinars Numbers to letters;TRAVEL_AND_LOCAL;3.6;114;Free;0
DZ Fly Algérie Horaire Vols;FINANCE;NaN;0;Paid;28,99
Dz kayas;SHOPPING;NaN;59;Free;0
DZ Mobile Market;NEWS_AND_MAGAZINES;4.2;2318;Free;0
dz NEWS Algerie;VIDEO_PLAYERS;4.5;83;Free;0
DZ Popup Video Player;NEWS_AND_MAGAZINES;NaN;30;Free;0
dz press;SHOPPING;4.1;331;Free;0
DZ PROMOS - Promotions & Sale Alerts in Algeria;FAMILY;NaN;14;Paid;0,99
DZ Puzzle;PRODUCTIVITY;NaN;0;Free;0
DZ Register;TOOLS;4.4;417;Free;0
DZ sim;FAMILY;NaN;16;Free;0
DZ Urgences;GAME;NaN;6;Free;0
DZ-JOKER;FINANCE;NaN;1;Free;0
E W Bookkeeping & Accountancy;FAMILY;3.1;740;Free;0
E!;NEWS_AND_MAGAZINES;4;15443;Free;0
E! News;FINANCE;3.9;10658;Free;0
E*TRADE Mobile;FINANCE;3.9;10657;Free;0
E*TRADE Mobile;SPORTS;NaN;3;Free;0
E.F.JUVENTUD MADRID;GAME;4.3;56;Paid;0,99
E.G. Chess;GAME;4;505;Free;0
E.G. Chess Free;BUSINESS;NaN;0;Free;0
E.U. Trademark Search Tool;SHOPPING;NaN;2;Free;0
E.W. James & Sons;FAMILY;4.3;55408;Free;0
英漢字典 EC Dictionary;COMICS;4.4;190;Free;0
감성학원 BL 첫사랑;VIDEO_PLAYERS;NaN;414;Free;0
뽕티비 - 개인방송;LIFESTYLE;NaN;0;Free;0
E2CR CL;TRAVEL_AND_LOCAL;2.5;12;Free;0
EA Plus;SPORTS;4.5;2371338;Free;0
EA SPORTS UFC®;SPORTS;3.9;282727;Free;0
EA SPORTS™ FIFA 18 Companion;MEDICAL;4;1545;Free;0
e-Anatomy;COMMUNICATION;3.7;42329;Free;0
Ear Agent: Super Hearing;MEDICAL;NaN;0;Free;0
ear super hearing;FINANCE;3.8;103;Free;0
Earn Money BD;GAME;4.6;1327265;Free;0
Earn to Die 2;GAME;4.6;1327269;Free;0
Earn to Die 2;PERSONALIZATION;4.5;66321;Free;0
Earth & Moon in HD Gyro 3D Parallax Live Wallpaper;FAMILY;3.9;10753;Free;0
Earth to Luna! Watch and Play;FOOD_AND_DRINK;NaN;95;Free;0
Easy and Fast Recipes;FOOD_AND_DRINK;4.6;1398;Free;0
Easy and quick desserts;BOOKS_AND_REFERENCE;3.9;88;Free;0
Easy Cv maker 2018;ART_AND_DESIGN;NaN;7;Free;0
Easy DIY CD Craft Ideas;LIFESTYLE;4.3;601;Free;0
Easy Hair Style Design;FOOD_AND_DRINK;4.1;278;Free;0
Easy Healthy Recipes;TOOLS;5;2;Paid;0,99
Easy Hotspot Ad Free;BUSINESS;4.1;23055;Free;0
Easy Installer - Apps On SD;TOOLS;4.3;191621;Free;0
Easy Language Translator;LIFESTYLE;4.3;7287;Free;0
Easy Makeup Tutorials;ART_AND_DESIGN;4.2;1015;Free;0
Easy Origami Ideas;ART_AND_DESIGN;4.1;223;Free;0
Easy Realistic Drawing Tutorial;FOOD_AND_DRINK;4.7;2707;Free;0
Easy Recipes;TOOLS;4.3;996;Free;0
Easy Resume Builder;FAMILY;4.6;856;Free;0
Easy V-Bux free;PRODUCTIVITY;4.4;205191;Free;0
Easy Voice Recorder;EDUCATION;3.5;1405;Free;0
EasyBib: Citation Generator;PHOTOGRAPHY;3.7;3396;Free;0
easyFocus;TRAVEL_AND_LOCAL;4.4;134895;Free;0
easyJet: Travel App;BUSINESS;NaN;6;Free;0
EasyLive - FB Live Helper;TOOLS;4.3;15618;Free;0
EasyNote Notepad | To Do List;FOOD_AND_DRINK;4.6;4925;Free;0
"Eat Fast Prepare ""Without Internet""";HEALTH_AND_FITNESS;4.1;2469;Free;0
Eat Fit - Diet and Health Free;HEALTH_AND_FITNESS;NaN;0;Free;0
Eat Right Diet (by Dt Shreya's Family Diet Clinic);FOOD_AND_DRINK;4.3;40116;Free;0
Eat24 Food Delivery & Takeout;FAMILY;4.4;103;Free;0
Eating Show - Food BJ;LIFESTYLE;3.5;292;Free;0
Eat'n Park;FOOD_AND_DRINK;4.6;7690;Free;0
EatStreet Food Delivery App;HEALTH_AND_FITNESS;NaN;0;Free;0
Eb & flow Yoga Studio;BOOKS_AND_REFERENCE;3.5;11;Free;0
EB Annual Meetings;BUSINESS;5;1;Free;0
EB Cash Collections;FAMILY;NaN;0;Free;0
EB Demo for Android;TRAVEL_AND_LOCAL;3.3;97;Free;0
EB Events;LIFESTYLE;NaN;0;Free;0
EB Experience;BUSINESS;NaN;4;Free;0
EB Kit;FAMILY;1.7;1172;Free;0
EB Mobile;BUSINESS;NaN;0;Free;0
EB Remote Deposit;PRODUCTIVITY;5;9;Free;0
EB Scanner;SHOPPING;4.5;37253;Free;0
Ebates: Cash Back;SHOPPING;4.6;318142;Free;0
eBay Kleinanzeigen for Germany;SHOPPING;4.4;2788923;Free;0
eBay: Buy & Sell this Summer - Discover Deals Now!;SHOPPING;4.4;2788923;Free;0
eBay: Buy & Sell this Summer - Discover Deals Now!;SHOPPING;4.4;2788923;Free;0
eBay: Buy & Sell this Summer - Discover Deals Now!;SHOPPING;4.4;2788923;Free;0
eBay: Buy & Sell this Summer - Discover Deals Now!;SHOPPING;4.4;2788460;Free;0
eBay: Buy & Sell this Summer - Discover Deals Now!;FINANCE;NaN;24;Free;0
EB-Banking (ersetzt);EVENTS;NaN;2;Free;0
EB-Chat – For my Events;MEDICAL;4;4;Free;0
Ebenezer AH;LIBRARIES_AND_DEMO;3.4;2907;Free;0
eBiblio;BUSINESS;4.8;6;Free;0
EB-Link;PRODUCTIVITY;3.2;6752;Free;0
e-Boks.dk;FAMILY;NaN;0;Free;0
EBook For SAP BW ON HANA Learning Free;BOOKS_AND_REFERENCE;4.5;1857;Free;0
E-Book Read - Read Book for free;BOOKS_AND_REFERENCE;4.1;85842;Free;0
Ebook Reader;BOOKS_AND_REFERENCE;4.1;85842;Free;0
Ebook Reader;PRODUCTIVITY;4.5;75951;Free;0
EBookDroid - PDF & DJVU Reader;BOOKS_AND_REFERENCE;4.9;2739;Free;0
eBoox new: Reader for fb2 epub zip books;BOOKS_AND_REFERENCE;4.7;21336;Free;0
eBoox: book reader fb2 epub zip;SPORTS;NaN;6;Free;0
EB-TV;BOOKS_AND_REFERENCE;3.5;10;Free;0
EC - AP & Telangana;BUSINESS;3.4;45;Free;0
EC - Encumbrance Search - telangana state;TOOLS;4.5;2;Free;0
EC Apps List;FAMILY;5;6;Free;0
EC Calgary;TOOLS;NaN;0;Free;0
EC Designer 2.0;FAMILY;5;3;Free;0
EC Fairgrounds;SPORTS;NaN;76;Free;0
EC Games Datecs;VIDEO_PLAYERS;NaN;2;Free;0
EC MANAGER;GAME;5;5;Free;0
EC Mover;TOOLS;4.4;20;Paid;1,99
EC music dictionary;PRODUCTIVITY;NaN;0;Free;0
EC QR;BUSINESS;4;1;Free;0
EC Reps;PRODUCTIVITY;NaN;0;Free;0
EC Sampler;LIFESTYLE;4.5;13;Free;0
EC Security;BUSINESS;NaN;0;Free;0
Ec Solutions Mobile;SPORTS;5;1;Free;0
EC SPORTS;FINANCE;4.9;8;Free;0
EC Tax;PRODUCTIVITY;3.9;162;Free;0
EC Taximeter;LIFESTYLE;NaN;0;Free;0
ec.tv;LIFESTYLE;4;576;Free;0
ECナビ×シュフー;HOUSE_AND_HOME;NaN;0;Free;0
EC-Contractors;SOCIAL;3;5;Free;0
eChallan Andhra Pradesh (AP);SPORTS;3;9;Free;0
EC-HRV test;FAMILY;3.6;1354;Free;0
E-cigarette for free;FINANCE;4;12073;Free;0
Ecobank Mobile Banking;NEWS_AND_MAGAZINES;4.3;93708;Free;0
Economic Times : Market News;NEWS_AND_MAGAZINES;4.3;39;Free;0
Economic Times : Market News Go Edition;TRAVEL_AND_LOCAL;4.2;2822;Free;0
eCooltra: scooter sharing. Share electric scooters;PRODUCTIVITY;NaN;3;Free;0
ec-Work;SOCIAL;4.9;3071;Free;0
Eddsworld Amino;TOOLS;3;736;Free;0
EdiRange;EDUCATION;4.1;200058;Free;0
Edmodo;FAMILY;4.1;200214;Free;0
Edmodo;NEWS_AND_MAGAZINES;2.2;160;Free;0
e-DN - den digitala tidningen från Dagens Nyheter;FAMILY;NaN;2;Free;0
e-Docente EI/anos iniciais EF;TOOLS;3;172;Free;0
edp re:dy;TOOLS;3.4;30;Free;0
edp re:dy smarthome;FINANCE;2.9;204;Free;0
Education First FCU Mobile;PARENTING;NaN;163;Free;0
Educational Children's Songs;FAMILY;4.3;11618;Free;0
Educational Games 4 Kids;FAMILY;4.5;7050;Free;0
Educational Games for Kids;FAMILY;4;983;Free;0
Educationboard Results BD;FINANCE;4.6;1992;Free;0
Educators CU Mobile Banking;FAMILY;NaN;3;Free;0
EduNAV.BH;EDUCATION;4.6;32381;Free;0
edX - Online Courses by Harvard;EDUCATION;4.6;32380;Free;0
edX - Online Courses by Harvard;HEALTH_AND_FITNESS;5;4;Free;0
EF Academy;BUSINESS;5;8;Free;0
EF App;PRODUCTIVITY;4.7;19;Free;0
EF Calculator;BUSINESS;NaN;15;Free;0
EF Catalogues · Kataloge;FAMILY;3.2;190;Free;0
EF Classroom;HEALTH_AND_FITNESS;4.8;17;Free;0
EF Coach;FAMILY;3.6;496;Free;0
EF English Live Business;FAMILY;3.3;279;Free;0
EF English Live Business Tablet;FAMILY;3.6;2210;Free;0
EF English Live for phone;FAMILY;3.1;1242;Free;0
EF English Live for tablets;EVENTS;5;7;Free;0
EF Events;FINANCE;4.4;58;Free;0
EF Financial Control Free;FAMILY;NaN;0;Free;0
EF First;BUSINESS;5;2;Free;0
EF Forms;TRAVEL_AND_LOCAL;2.3;23;Free;0
EF Go Ahead Tour Companion;GAME;NaN;4;Free;0
EF Jumper;PHOTOGRAPHY;NaN;2;Paid;9,99
EF Lens Simulator;FAMILY;NaN;19;Free;0
EF Mentor: Sounds;FAMILY;4;403;Free;0
EF Mentor: Words;FAMILY;4.1;435;Free;0
EF Parеnts;VIDEO_PLAYERS;3.1;36;Free;0
EF Sidekick;FAMILY;3.7;150;Free;0
EF Smart English;FAMILY;3.5;208;Free;0
EF Smart English for Phone;FAMILY;3;2;Free;0
EF Spelling Bee;PRODUCTIVITY;NaN;0;Free;0
EF Staff;TRAVEL_AND_LOCAL;NaN;0;Free;0
EF Summits;FAMILY;3.1;16;Free;0
EF Teacher;FAMILY;4.2;5;Free;0
EF Universe: Endless Battle;TOOLS;NaN;0;Free;0
EF Utilities;FAMILY;3.6;17;Free;0
EF/VR – VR Tours of EF Schools;FAMILY;NaN;5;Free;0
EFAmbassador;FINANCE;2.9;26;Free;0
EF-myHR;SHOPPING;4.5;928;Free;0
efootwear.eu - online store;PRODUCTIVITY;NaN;3;Free;0
EG;TRAVEL_AND_LOCAL;NaN;0;Paid;3,99
EG | Explore Folegandros;COMMUNICATION;4.2;91;Free;0
Eg Call;FAMILY;3;2;Paid;2,99
EG Classroom Decimals™;BUSINESS;NaN;3;Free;0
EG CrossPad;BUSINESS;NaN;4;Free;0
EG CrossPad - ASPECT4;EVENTS;NaN;0;Free;0
EG Groups;LIFESTYLE;5;3;Free;0
EG India;BUSINESS;NaN;1;Free;0
EG Mantenimiento;PRODUCTIVITY;4.6;8;Free;0
eG Monitor;TOOLS;4.2;40;Free;0
EG Movi;FAMILY;NaN;1;Free;0
EG Player;BUSINESS;2.4;29;Free;0
EG Retail;BUSINESS;2.9;322;Free;0
EG SIM CARD (EGSIMCARD;TRAVEL_AND_LOCAL;4.4;105;Free;0
EG SIM CARD (EGSIMCARD);FINANCE;NaN;1;Free;0
EG Tax Service;SOCIAL;NaN;0;Free;0
EG Way Life;BUSINESS;4.1;25;Free;0
EG-Boost;FAMILY;4.7;580160;Free;0
Egg;FAMILY;2.9;72;Free;0
Egg;FAMILY;4.4;351607;Free;0
Egg Baby;FAMILY;3;59096;Free;0
Egg for Pou;FAMILY;3.7;40678;Free;0
Egg: clicker;BOOKS_AND_REFERENCE;4.7;24278;Free;0
EGW Writings;BOOKS_AND_REFERENCE;4.7;6547;Free;0
EGW Writings 2;GAME;3.8;13388;Free;0
Eh Amego!;BUSINESS;NaN;1;Free;0
EH Autolink;PERSONALIZATION;5;4;Free;0
Eh Bee Wallpapers HD;TOOLS;3.4;43;Free;0
EH kontrollrakendus;FINANCE;NaN;0;Free;0
EH National Mobile Banking;FAMILY;NaN;1;Free;0
Eh Plus English Application;FAMILY;3.9;1619;Free;0
Eh Volevi!;LIFESTYLE;4.6;10;Free;0
EH!;DATING;3.1;31320;Free;0
eharmony - Online Dating App;COMMUNICATION;NaN;5;Free;0
EHiN-FH conferenceapp;SHOPPING;3.6;3656;Free;0
EHS Dongsen Shopping;BUSINESS;4.2;6969;Free;0
eHub;COMMUNICATION;NaN;2;Free;0
ei;FAMILY;NaN;0;Free;0
EI App 1;FAMILY;NaN;0;Free;0
EI App 2;TOOLS;5;2;Free;0
ei Calc;TOOLS;4;8;Free;0
EI Calculator;TOOLS;3.4;59;Free;0
Ei Electronics AudioLINK;FAMILY;NaN;2;Free;0
EI HabitTracker;FINANCE;3.8;4231;Free;0
EI Mobile;NEWS_AND_MAGAZINES;4.3;20620;Free;0
Ei Samay - Bengali News Paper;FINANCE;2.4;9;Free;0
EI SmartMiles;NEWS_AND_MAGAZINES;4;4;Free;0
Ei Somoy & Dainik Sangbad & Statesman (PDF);PRODUCTIVITY;NaN;0;Free;0
EI!;FAMILY;4.7;15;Free;0
EI国际;FAMILY;NaN;20;Free;0
Ei-ij Spelling Dutch;LIFESTYLE;NaN;9;Free;0
EJ Ecuador;SPORTS;3.3;3;Free;0
EJ Elite Prospects League;NEWS_AND_MAGAZINES;4;33;Free;0
EJ Insight;COMMUNICATION;5;1;Free;0
EJ messenger;FAMILY;NaN;1;Free;0
EJ Trívia Game;NEWS_AND_MAGAZINES;NaN;10;Free;0
EJ.by;BUSINESS;NaN;2;Free;0
Ej-buy;EVENTS;5;3;Free;0
EK Bailey Preaching Conference;FAMILY;5;10;Free;0
Ek Bander Ne Kholi Dukan;FAMILY;NaN;3;Free;0
Ek Biladi Jadi Video Song;FAMILY;NaN;1;Free;0
EK Carevec;FAMILY;NaN;2;Free;0
Ek Do Teen Song Videos - Baaghi 2 Video Songs;COMMUNICATION;NaN;0;Free;0
Ek IRA;FAMILY;4.5;28;Free;0
Ek Kahani Aisi Bhi Season 2 - The Horror Story;FAMILY;3;1;Free;0
Ek Kahani Aisi Bhi Season 3 - The Horror Story;FAMILY;4.1;35;Free;0
Ek Kauwa Pyasa Tha;SOCIAL;4.8;725;Free;0
Ek Maratha;FAMILY;4.9;107;Free;0
Ek Onkar;LIFESTYLE;4.9;82;Free;0
Ek Onkar Mantras;LIFESTYLE;3.8;52;Free;0
EK Platinum;FAMILY;5;4;Free;0
Ek Qissa He Quran Se (Qurani Waqiyat);VIDEO_PLAYERS;4.7;316;Free;0
ek tuhi;PRODUCTIVITY;5;43;Free;0
Ek Vote;TRAVEL_AND_LOCAL;NaN;0;Free;0
Ek-yatri: Travel where you Belong;FAMILY;4.3;32405;Free;0
el;TRAVEL_AND_LOCAL;3.1;1563;Free;0
EL AL Flights;FAMILY;4;751;Paid;0,99
El Chavo;TRAVEL_AND_LOCAL;4.4;221;Free;0
El Dorado App;FAMILY;4.8;36968;Free;0
El Falı;FAMILY;4.1;3654;Free;0
El Laberinto del Demonio 2;FAMILY;4;20421;Free;0
El Laberinto del Demonio 3D;NEWS_AND_MAGAZINES;3.4;2436;Free;0
EL NORTE;NEWS_AND_MAGAZINES;NaN;221;Free;0
El Nueve;NEWS_AND_MAGAZINES;4.1;8011;Free;0
El Nuevo Día;FOOD_AND_DRINK;4;848;Free;0
El Pollo Loco - Loco Rewards;MAPS_AND_NAVIGATION;4.5;8;Free;0
Electric Car Charging Points: Ev charger Stations;FAMILY;4;5886;Free;0
Electric Car Taxi Driver: NY City Cab Taxi Games;TOOLS;3.9;47;Paid;14,99
Electrician Calculator Pro;PRODUCTIVITY;4.3;247;Free;0
Electricity Bill Calculator BD;BUSINESS;NaN;0;Free;0
ElejaOnline DF;FAMILY;4;127;Free;0
Elemental Galaxy Dx - Match3;FAMILY;3.8;2925;Paid;4,77
Elemental Knights R Platinum;EDUCATION;4.5;248912;Free;0
Elevate - Brain Training Games;FAMILY;4.4;2941;Free;0
Elevator Simulator Lift EM ALL;FAMILY;4.8;1491;Free;0
Elif Ba - Learn The Holy Quran;TOOLS;3.7;26;Free;0
Elif Ba Oyunu;FAMILY;4.7;1424;Free;0
Elifba Quran Learning Game;LIFESTYLE;NaN;7;Free;0
Elim AG;GAME;4.5;14;Free;0
Elite Commando Shooting War;DATING;2.5;5377;Free;0
EliteSingles – Dating for Single Professionals;DATING;2.5;5377;Free;0
EliteSingles – Dating for Single Professionals;FAMILY;3.9;38;Free;0
Elkhart County 4-H Fair;FAMILY;3.9;6903;Free;0
Elmo Calls by Sesame Street;FAMILY;3.9;6903;Free;0
Elmo Calls by Sesame Street;FAMILY;3.9;6903;Free;0
Elmo Calls by Sesame Street;MAPS_AND_NAVIGATION;3.4;14;Free;0
ELMO EV Charging;FAMILY;NaN;1317;Free;0
Em Fuga Brasil;PERSONALIZATION;4.1;3175;Free;0
EM Launcher for EMUI;PERSONALIZATION;4.2;35;Paid;3,99
EM Launcher Pro;COMMUNICATION;4.6;183374;Free;0
Email TypeApp - Mail App;LIFESTYLE;3;26;Free;0
Emerge EV App (eBike App);MEDICAL;NaN;2;Paid;0,99
Emergency Brain CT;FINANCE;4.7;42;Free;0
EMI;FINANCE;4.6;106;Free;0
EMI Calculator | FD Calculator | RD calculator;FINANCE;4.5;58;Free;0
EMI/FD/RD/PV/IRR/BEP/EOQ Calc;VIDEO_PLAYERS;3;78;Free;0
EML UPnP-AV Control Point;EVENTS;4.8;12;Free;0
Emmabodafestivalen;COMICS;4.5;314;Free;0
Emmanuella Funny Videos 2018;TOOLS;3.4;1555;Free;0
Emo Ads Blocker Browser;PRODUCTIVITY;4;11535;Free;0
Emoji Android L Keyboard;PERSONALIZATION;4.7;114851;Free;0
Emoji Keyboard - Cute Emoji;TOOLS;4.4;1107320;Free;0
Emoji keyboard - Cute Emoticons;FAMILY;4.2;367951;Free;0
Empire Z: Endless War;FAMILY;4.3;398746;Free;0
Empires and Allies;BUSINESS;2.9;97;Free;0
Employ Florida Mobile;MEDICAL;3.4;51;Paid;29,99
EMT PASS;MEDICAL;3.4;51;Paid;29,99
EMT PASS;MEDICAL;4.5;199;Paid;11,99
EMT Review Plus;MEDICAL;4.5;199;Paid;11,99
EMT Review Plus;MEDICAL;4.3;35;Paid;3,99
EMT Study - NREMT Test Prep;MEDICAL;4.6;625;Paid;3,99
EMT Tutor NREMT-B Study Guide;MEDICAL;4.6;625;Paid;3,99
EMT Tutor NREMT-B Study Guide;MEDICAL;4.5;2951;Free;0
EMT-B Pocket Prep;MEDICAL;4.5;2948;Free;0
EMT-B Pocket Prep;GAME;3.9;1576;Free;0
EmuBox - Fast Retro Emulator;FAMILY;4.3;83977;Free;0
ENCHANT U;BUSINESS;3.9;184;Free;0
Encumbrance Certificate - (Obsolete);MEDICAL;4.2;33;Paid;3,99
End Anxiety Pro - Stress;GAME;4.5;8193;Free;0
Endless Ducker;FAMILY;4.4;2952;Free;0
Endless Numbers;HEALTH_AND_FITNESS;4.5;559186;Free;0
Endomondo - Running & Walking;HEALTH_AND_FITNESS;4.5;559262;Free;0
Endomondo - Running & Walking;BUSINESS;4.5;234;Free;0
Endress+Hauser Operations;EVENTS;4.6;7;Free;0
Endurance Lifestyle;TOOLS;3.1;17;Free;0
Energenie EG-PM1W Setup Wizard;BESCOM;MH;DL..);627;#�VALOR!
energyly (TNEB;FAMILY;4;10773;Free;0
English Audio Books - Librivox;FAMILY;3.5;268;Free;0
English Bite;EDUCATION;4.7;2544;Free;0
English Communication - Learn English for Chinese (Learn English for Chinese);FAMILY;4.6;22165;Free;0
English Conversation Courses;BOOKS_AND_REFERENCE;4.4;341157;Free;0
English Dictionary - Offline;BOOKS_AND_REFERENCE;4.4;341234;Free;0
English Dictionary - Offline;EDUCATION;4.6;9321;Free;0
English for beginners;FAMILY;3.2;429;Free;0
English for Everyone;BOOKS_AND_REFERENCE;4.6;1435;Free;0
English Grammar Complete Handbook;EDUCATION;4.8;4075;Free;0
English Grammar Test;FAMILY;4.6;104676;Free;0
English Grammar Test;BOOKS_AND_REFERENCE;4.4;384368;Free;0
English Hindi Dictionary;FAMILY;3.8;6577;Free;0
English in a Month Free;BOOKS_AND_REFERENCE;4.5;26875;Free;0
English Persian Dictionary;EDUCATION;4.4;1619;Free;0
English speaking texts;BOOKS_AND_REFERENCE;4.1;71328;Free;0
English to Hindi Dictionary;BOOKS_AND_REFERENCE;4.6;60;Free;0
English To Shona Dictionary;BOOKS_AND_REFERENCE;4.6;4620;Free;0
English to Urdu Dictionary;BOOKS_AND_REFERENCE;4.5;527;Free;0
English translation from Bengali;EDUCATION;4.7;254519;Free;0
English with Lingualeo;EDUCATION;4.7;9888;Free;0
English words application mikan;BOOKS_AND_REFERENCE;4.4;8788;Free;0
English-Myanmar Dictionary;LIFESTYLE;3.2;16168;Free;0
Entel;FINANCE;4;10374;Free;0
E-NUM;BUSINESS;NaN;0;Free;0
EO;HEALTH_AND_FITNESS;NaN;1;Free;0
EO App. SelfCompassion to you;LIFESTYLE;4.3;102;Free;0
EO Bijbel Open;BUSINESS;NaN;0;Free;0
EO Events;BUSINESS;NaN;0;Free;0
EO Forum;BUSINESS;2.6;13;Free;0
EO Global;BUSINESS;NaN;1;Free;0
EO GSEA;HEALTH_AND_FITNESS;NaN;15;Paid;4,99
EO Guide;TRAVEL_AND_LOCAL;NaN;4;Free;0
EO Hotels;BUSINESS;NaN;0;Free;0
EO Hub;BUSINESS;NaN;0;Free;0
EO KOREA;LIFESTYLE;NaN;0;Free;0
EO LAC;COMMUNICATION;NaN;0;Free;0
EO Mumbai;BUSINESS;3.5;13;Free;0
EO Network;SOCIAL;NaN;1;Free;0
EO RAIPUR;BUSINESS;NaN;0;Free;0
EO SA Benefits;BUSINESS;4.2;8;Free;0
EO SouthAsia;FINANCE;4.3;95;Free;0
EO.TRADE - Coin sale;BUSINESS;NaN;3;Free;0
EP;MEDICAL;NaN;4;Paid;0,99
EP Calipers;FAMILY;3.9;249;Free;0
EP Chain Reaction;LIFESTYLE;5;2;Free;0
EP Church Annapolis;PRODUCTIVITY;NaN;9;Free;0
EP Cloud;MEDICAL;NaN;0;Paid;0,99
EP Coding;MEDICAL;NaN;0;Paid;200
EP Cook Book;FINANCE;NaN;2;Free;0
EP FCU;AUTO_AND_VEHICLES;NaN;0;Free;0
eP Finder;GAME;4.6;79;Free;0
EP Gem Hunter;PRODUCTIVITY;NaN;4;Free;0
EP Home Energy Hub;LIFESTYLE;4.9;18;Free;0
EP Horlogerie;LIFESTYLE;NaN;54;Free;0
EP Joaillerie;TOOLS;4.4;13;Free;0
EP Kalkulator el. energije;MEDICAL;2.3;11;Free;0
EP Lab Digest;FAMILY;NaN;0;Paid;1,99
EP McGuffey Primer;SHOPPING;NaN;3;Free;0
EP Mobil;MEDICAL;4.3;267;Free;0
EP Mobile;FAMILY;NaN;0;Free;0
EP Music;FAMILY;5;3;Free;0
EP Radio;BOOKS_AND_REFERENCE;4.7;14;Free;0
EP Research Service;COMMUNICATION;3.8;4;Free;0
EP RSS Reader;EVENTS;NaN;0;Free;0
eP Scanner;FAMILY;NaN;20;Free;0
EP Search and Find;FAMILY;3.4;9;Free;0
EP Spotter;FINANCE;4.4;2017;Free;0
ePay.bg;SHOPPING;NaN;28;Free;0
ePazar.bg;FAMILY;4.3;1842381;Free;0
Episode - Choose Your Story;GAME;4.3;1841061;Free;0
Episode - Choose Your Story;TOOLS;NaN;0;Free;0
ep-liggare - Elektronisk personalliggare;SHOPPING;4.4;19212;Free;0
ePN Cashback AliExpress;MEDICAL;4.3;23889;Free;0
Epocrates Plus;TOOLS;4.1;108169;Free;0
Epson iPrint;PRODUCTIVITY;3.5;3930;Free;0
Epson iProjection;SOCIAL;4.8;8369;Free;0
Equestria Amino for MLP;FAMILY;NaN;20;Free;0
Equestria Girl Snapchat Addict;FAMILY;4.3;392596;Free;0
Equestria Girls;FAMILY;4.3;392596;Free;0
Equestria Girls;FAMILY;4.3;392819;Free;0
Equestria Girls;LIFESTYLE;NaN;2;Free;0
ER;PRODUCTIVITY;5;3;Free;0
ER Assist;FAMILY;4;154;Free;0
ER Blood Draw Doctor & Surgeon;FAMILY;3.9;1909;Free;0
ER Doctor City Emergency - Surgery City Doc FREE;FAMILY;3.1;4798;Free;0
ER Doctor Kids Emergency Room;FAMILY;3.8;25;Free;0
ER Emergency Hospital - Brain;FAMILY;4.3;429;Free;0
ER Heart Surgery - Emergency Simulator Game;FAMILY;4;286;Free;0
ER Hospital Simulator;FAMILY;4.2;3263;Free;0
ER Injection Simulator: Blood Test Doctor Hospital;FAMILY;NaN;11;Free;0
ER Neck Surgery: Hospital Christmas Emergency;FAMILY;3.6;19601;Free;0
ER Surgery Simulator;MEDICAL;4.2;45;Paid;4,99
ERres- Emergency Medicine;BUSINESS;4.7;10;Free;0
ES Anywhere;TOOLS;4.3;32207;Free;0
ES App Locker;VIDEO_PLAYERS;4.2;1236;Free;0
ES Audio Player ( Shortcut );PRODUCTIVITY;5;1;Free;0
ES Billing System (Offline App);LIBRARIES_AND_DEMO;4.2;23859;Free;0
ES Chromecast plugin;TOOLS;4.3;20865;Free;0
ES Classic Theme;TOOLS;4.2;7851;Free;0
ES Dark Theme for free;PRODUCTIVITY;4.7;5867;Free;0
ES Disk Analyzer - Storage Space;TOOLS;4.1;278;Free;0
ES File Explorer;TOOLS;3.8;24;Free;0
ES File Explorer & File Manager 2018;TOOLS;3.5;11;Free;0
ES File Explorer & Manager;PRODUCTIVITY;4.6;5383985;Free;0
ES File Explorer File Manager;PRODUCTIVITY;4.6;5383971;Free;0
ES File Explorer File Manager;PRODUCTIVITY;4.6;5378795;Free;0
ES File Explorer File Manager;PRODUCTIVITY;4.7;81614;Paid;2,99
ES File Explorer/Manager PRO;TOOLS;4.3;11449;Free;0
ES Holo Theme;PRODUCTIVITY;4.2;4737;Free;0
ES Holo Theme for Pro;PRODUCTIVITY;4.2;14428;Free;0
ES Material Theme for Pro;FAMILY;3.3;707;Free;0
ES Remote;BUSINESS;5;3;Free;0
ES Solar;TOOLS;4.3;940;Free;0
ES Summer Chill Theme for Free;BUSINESS;4.3;171771;Free;0
ES Task Manager (Task Killer );PERSONALIZATION;4.4;77609;Free;0
ES Themes -- Classic Theme;COMMUNICATION;NaN;6;Free;0
ES-1;TRAVEL_AND_LOCAL;NaN;1;Paid;1,49
Es-Bg Offline Voice Translator;FAMILY;3.5;113183;Free;0
Escape the Prison Room;FAMILY;4.2;419375;Free;0
Escaping the Prison;SHOPPING;4.2;182;Free;0
Eshopcy.com.cy;VIDEO_PLAYERS;4;944;Free;0
ES-IPTV;PRODUCTIVITY;3;460;Free;0
ESLock File Recovery Lite;SPORTS;4.2;521138;Free;0
ESPN;SPORTS;4.2;521138;Free;0
ESPN;SPORTS;4.2;521138;Free;0
ESPN;SPORTS;4.2;521140;Free;0
ESPN;SPORTS;4.2;521140;Free;0
ESPN;SPORTS;4.2;521140;Free;0
ESPN;SPORTS;4.2;521081;Free;0
ESPN;SPORTS;4;176448;Free;0
ESPN Fantasy Sports;SPORTS;4;176448;Free;0
ESPN Fantasy Sports;SPORTS;4;176450;Free;0
ESPN Fantasy Sports;SPORTS;4;176487;Free;0
ESPN Fantasy Sports;SPORTS;4.4;4600;Free;0
Esporte Interativo - Notícias e Resultados Ao Vivo;SPORTS;3.7;27179;Free;0
Esporte Interativo Plus;PRODUCTIVITY;1.9;63;Free;0
ESS Mobile for AE;MEDICAL;4.1;1533;Paid;11,99
Essential Anatomy 3;MEDICAL;4.1;1533;Paid;11,99
Essential Anatomy 3;LIBRARIES_AND_DEMO;4.6;237;Free;0
Essential Resources;FAMILY;4.5;1303;Free;0
Esto Es Guerra TVN;FINANCE;4.2;24980;Free;0
ET Markets : NSE & BSE India;NEWS_AND_MAGAZINES;4.7;273;Free;0
ET Telecom from Economic Times;LIBRARIES_AND_DEMO;5;26;Free;0
Eternal life;SOCIAL;5;30;Free;0
Eternal Light AG;GAME;4.6;568391;Free;0
ETERNITY WARRIORS 2;FAMILY;4.8;1506783;Free;0
Eternium;FAMILY;4.1;128;Free;0
Ethical Hacking;TRAVEL_AND_LOCAL;4.1;3674;Free;0
Etihad Airways;SHOPPING;4.3;95520;Free;0
Etsy: Handmade & Vintage Goods;SHOPPING;4.3;95520;Free;0
Etsy: Handmade & Vintage Goods;LIFESTYLE;4.2;220;Free;0
Etta Homes;PRODUCTIVITY;NaN;0;Free;0
EU Brazil Green Business Forum;LIBRARIES_AND_DEMO;NaN;3;Free;0
EU CBRNE Glossary;BOOKS_AND_REFERENCE;4.6;33;Free;0
EU Charter;COMMUNICATION;NaN;7;Free;0
EU Council;BOOKS_AND_REFERENCE;3.5;29;Free;0
EU Data Protection;PRODUCTIVITY;3.6;47;Free;0
EU Economy;LIFESTYLE;5;10;Free;0
EU Exit poll;PERSONALIZATION;NaN;19;Free;0
EU Flag Live Wallpaper;PERSONALIZATION;3.4;730;Free;0
EU Flags Free Live Wallpaper;PERSONALIZATION;4.3;444;Paid;0,99
EU Flags Live Wallpaper;BUSINESS;NaN;2;Free;0
EU FP7 Adventure;BUSINESS;NaN;0;Free;0
EU FP7 SAM;BUSINESS;3.6;60;Free;0
EU FTL Calculator;BUSINESS;NaN;1;Free;0
EU GDPR RiskCalc;FAMILY;NaN;8;Free;0
EU in the World;BOOKS_AND_REFERENCE;NaN;2;Free;0
EU IP Codes;NEWS_AND_MAGAZINES;4;2;Free;0
EU Life Explorer;FINANCE;3.9;460;Free;0
EU Mobile Money;FINANCE;4.3;70;Free;0
EU Mobile Money Partenaire Commercial;BOOKS_AND_REFERENCE;NaN;0;Paid;3,61
EU RCD Guide;BUSINESS;3.7;195;Free;0
eu sou franky;FINANCE;NaN;0;Paid;30,99
Eu sou Rico;FINANCE;NaN;0;Paid;394,99
Eu Sou Rico;BUSINESS;3.1;7;Free;0
EU VAT Checker;FAMILY;NaN;0;Free;0
EU WHO War;BUSINESS;NaN;0;Free;0
EU Whoiswho;BUSINESS;2.7;358;Free;0
EURES - Your Job in Europe;FAMILY;4.4;860078;Free;0
Euro Truck Driver (Simulator);FINANCE;NaN;30;Free;0
EUROBANK CY;SOCIAL;3.6;9;Free;0
European Solidarity Corps;PERSONALIZATION;NaN;3;Free;0
European Union Flag LWP;FAMILY;3.6;688;Free;0
European Union Simulator;FAMILY;3.8;9513;Free;0
European War 5:Empire;FAMILY;4.2;1330;Paid;0,99
European War 6: 1804;SPORTS;4;121003;Free;0
Eurosport;PRODUCTIVITY;3.7;87;Free;0
Eurostat Country Profiles;NEWS_AND_MAGAZINES;NaN;3;Free;0
EU-Schwerbehinderung;FAMILY;NaN;11;Free;0
EV Bon Dictionary;TOOLS;4.9;85;Free;0
EV Calculator;MAPS_AND_NAVIGATION;3.5;8;Free;0
EV Charging;MAPS_AND_NAVIGATION;2.8;25;Free;0
EV Connect;LIFESTYLE;3.6;30;Free;0
Ev Dizayn;TOOLS;4.3;29;Free;0
EV Finder;LIFESTYLE;4.1;88;Free;0
EV Real Estate Search;MAPS_AND_NAVIGATION;3.6;7;Free;0
EV Stations Hawaii;AUTO_AND_VEHICLES;3.2;46;Free;0
EV Trip Optimizer for Tesla;MEDICAL;NaN;25;Free;0
EVA - Menstrual calendar and fertility;LIFESTYLE;NaN;14;Free;0
EvAk Smart Home;SOCIAL;4.1;8;Free;0
Evasion.bz;HEALTH_AND_FITNESS;4.6;20326;Free;0
Eve Period Tracker - Love;FINANCE;4.8;12304;Free;0
Even - organize your money;EVENTS;4.7;120;Free;0
Event Manager - AllEvents.in;FAMILY;4.4;63773;Free;0
Eventbrite - Discover popular events & nearby fun;EVENTS;NaN;0;Free;0
EVENTOS DF;EVENTS;4.2;3200;Free;0
Events High - Meet Your City!;FAMILY;3.9;44062;Free;0
Ever After High™ Charmed Style;COMMUNICATION;3.1;497;Free;0
Everbridge;FINANCE;4.7;7514;Free;0
Everlance: Free Mileage Log;PRODUCTIVITY;4.6;1488396;Free;0
Evernote – Organizer;PRODUCTIVITY;4.6;1488396;Free;0
Evernote – Organizer;PRODUCTIVITY;4.6;1488397;Free;0
Evernote – Organizer;PRODUCTIVITY;4.6;1488289;Free;0
Evernote – Organizer;MEDICAL;NaN;3;Free;0
Eversense;MEDICAL;NaN;44;Free;0
Every disease has a drug without internet;PERSONALIZATION;4.7;139258;Free;0
Evie Launcher;GAME;4.3;137696;Free;0
Evil Apples: A Dirty Card Game;FAMILY;3.6;13;Free;0
Evolution CP;FAMILY;4.3;9465;Free;0
Evolution CP & IV Calculator for pokemon;HEALTH_AND_FITNESS;NaN;14;Free;0
Evolution Marketing CR;FAMILY;4.2;246705;Free;0
Evolution: Battle for Utopia;TOOLS;3.9;116;Free;0
Evolve CP Calc. for PokemonGo;GAME;NaN;5;Free;0
Ew;BUSINESS;NaN;0;Free;0
EW Gate;BUSINESS;NaN;1;Free;0
EW Handbook;BUSINESS;NaN;0;Free;0
EW Login;BUSINESS;NaN;0;Free;0
EW Manager;HEALTH_AND_FITNESS;NaN;0;Free;0
EW MOTION THERAPY;TOOLS;NaN;1;Free;0
EW Neuron Scan;BOOKS_AND_REFERENCE;NaN;0;Free;0
EW PDF;TOOLS;3.4;5;Free;0
EW Widgets for Zooper;NEWS_AND_MAGAZINES;NaN;2;Free;0
ew-Magazin;TOOLS;3.9;361;Free;0
Ex Explorer : Dual view exproler / file manager;PRODUCTIVITY;NaN;1;Paid;1,99
EX File Explorer File Manage Pro;PRODUCTIVITY;4;4660;Free;0
EX File Explorer File Manager;LIFESTYLE;4.4;129;Free;0
Ex Quotes;BUSINESS;3.5;15;Free;0
Ex Service Taxis;PRODUCTIVITY;4.7;1730;Free;0
Exército Brasileiro;FAMILY;5;2;Free;0
Exam Result BD;FINANCE;4.6;8;Free;0
Exchange Bank - EB Mobile;COMMUNICATION;4.2;125232;Free;0
ExDialer - Dialer & Contacts;COMMUNICATION;4.5;5474;Paid;3,99
ExDialer PRO Key;FAMILY;4.6;49210;Free;0
Exiled Kingdoms RPG;MEDICAL;NaN;0;Free;0
EXOGEN Connects (US);FAMILY;4.6;67410;Free;0
EXO-L;SOCIAL;4.9;5677;Free;0
EXO-L Amino for EXO Fans;TRAVEL_AND_LOCAL;4.1;136626;Free;0
Expedia Hotels;TRAVEL_AND_LOCAL;4.1;136633;Free;0
Expedia Hotels;TRAVEL_AND_LOCAL;4.1;136626;Free;0
Expedia Hotels;TRAVEL_AND_LOCAL;4.1;136626;Free;0
Expedia Hotels;FINANCE;4.4;21570;Free;0
Expense IQ Money Manager;FINANCE;4.6;23130;Free;0
Experian - Free Credit Report;TRAVEL_AND_LOCAL;NaN;6;Free;0
Experience BA;GAME;4;229329;Free;0
Experiment Z - Zombie;FAMILY;4.4;77;Free;0
Expert C Programming - Learn C Coding Easily;FAMILY;NaN;0;Free;0
Explora con el Chavo;TRAVEL_AND_LOCAL;4.4;7;Free;0
Explore British Columbia - BC Travel Guide;TRAVEL_AND_LOCAL;3.8;43;Free;0
Explore Sedona & Northern AZ;MEDICAL;3;2;Free;0
Exposure Ed;MEDICAL;NaN;0;Free;0
ExtendedCare Virtual Care Room;GAME;4.3;2251012;Free;0
Extreme Car Driving Simulator;SHOPPING;4.1;11798;Free;0
Extreme Coupon Finder;SHOPPING;4.1;11798;Free;0
Extreme Coupon Finder;SHOPPING;4.1;11798;Free;0
Extreme Coupon Finder;GAME;4.5;696;Free;0
Extreme Match;FAMILY;4;94308;Free;0
Extreme Motorbike Jump 3D;PRODUCTIVITY;4.4;25627;Free;0
Extreme- Personal Voice Assistant;FAMILY;4.3;4207;Free;0
Extreme Racing 2 - Real driving RC cars game!;AUTO_AND_VEHICLES;4.2;129;Free;0
Extreme Rally Championship;GAME;3.9;23104;Free;0
Extreme Super Car Driving 3D;GAME;4.3;10806;Free;0
Extreme X Ray Robot Stunts;BUSINESS;NaN;0;Free;0
EY Africa;PRODUCTIVITY;4.4;15;Free;0
EY ATL Fuel Calculator;EVENTS;NaN;0;Free;0
EY Belgium Inhouse Day 2018;BUSINESS;NaN;1;Free;0
EY Catalyst Reader;BUSINESS;NaN;1;Free;0
EY Conferences;BUSINESS;4;2;Free;0
EY Digi India Personal Tax;BUSINESS;NaN;0;Free;0
EY Digital Direct;BUSINESS;NaN;2;Free;0
EY Digital Tax AR;BUSINESS;NaN;0;Free;0
EY Divest;BUSINESS;NaN;4;Free;0
EY EMEIA Diversity & Inclusion;FAMILY;NaN;5;Free;0
EY eMentor;BUSINESS;2.5;31;Free;0
EY Events;PRODUCTIVITY;NaN;1;Free;0
EY Events Switzerland;FINANCE;NaN;0;Free;0
EY Expenses;SPORTS;NaN;0;Free;0
EY Football;FINANCE;4.9;7;Free;0
EY Forensics;BUSINESS;2.7;11;Free;0
EY GlobalOne;BUSINESS;4.7;37;Free;0
EY India CFO Insights;BUSINESS;4.7;87;Free;0
EY India Tax Insights;BUSINESS;4.6;20;Free;0
EY Oil & Gas;FAMILY;4.7;1327;Free;0
Ey Sey Storytime រឿងនិទានតាឥសី;LIFESTYLE;4.3;218;Free;0
EY Staff ENTERTAINER;BUSINESS;NaN;3;Free;0
EY Tax Briefing;FINANCE;1.2;44;Free;0
EY TaxChat;BUSINESS;NaN;9;Free;0
EY TaxLaw NL;PRODUCTIVITY;NaN;0;Free;0
EY Team Connect;FAMILY;3.9;1938;Free;0
Eye Transplant : ER Emergency Hospital;LIBRARIES_AND_DEMO;3.1;1267;Free;0
EyeCloud;PHOTOGRAPHY;4.2;215343;Free;0
EyeEm - Camera & Photo Filter;BEAUTY;4.3;18;Free;0
Eyeliner step by step 2018;GAME;4.4;499483;Free;0
Eyes - The Scary Horror Game Adventure;BEAUTY;4.2;30;Free;0
Eyes Makeup Beauty Tips;FAMILY;3.8;10;Free;0
Eyewitness Travel Phrase Book;BUSINESS;NaN;1;Free;0
EY-Parthenon;HOUSE_AND_HOME;NaN;2;Free;0
EyPools;FINANCE;3.4;19;Free;0
EZ Ag Mobile;TOOLS;4.1;533;Free;0
EZ App Installer;TOOLS;4.3;33;Free;0
E-Z App™ Train Control;TOOLS;4.2;789;Free;0
EZ Bluetooth;TOOLS;4.4;6801;Free;0
EZ Cleaner - Booster Optimizer;WEATHER;4.2;6849;Free;0
EZ Clock & Weather Widget;PRODUCTIVITY;2.9;280;Free;0
EZ Display;PRODUCTIVITY;3.5;626;Free;0
EZ File Manager(Root Explorer);FINANCE;4.4;32;Free;0
EZ Financial Calculator;VIDEO_PLAYERS;4.1;40;Free;0
EZ game screen recorder with audio 1080P;PHOTOGRAPHY;3.1;7300;Free;0
Ez iCam;PRODUCTIVITY;2.8;160;Free;0
EZ Inspections;PERSONALIZATION;4.2;18926;Free;0
EZ Launcher;TOOLS;2.2;19;Free;0
EZ LED;GAME;4.4;3344;Free;0
Ez Mirror Match;PRODUCTIVITY;4.4;69;Free;0
EZ Notes Lite;TOOLS;2.5;15;Free;0
EZ Pass;FAMILY;3.8;70903;Free;0
EZ PZ RPG;BOOKS_AND_REFERENCE;4.6;595;Free;0
EZ Quran;FINANCE;4;2187;Free;0
EZ Receipts;VIDEO_PLAYERS;4.7;8696;Free;0
Ez Screen Recorder (no ad);TOOLS;4.4;55;Free;0
EZ Screenshot;PHOTOGRAPHY;3.3;1461;Free;0
ez Share Android app;PRODUCTIVITY;4.2;2412;Free;0
EZ Switch Widget;TRAVEL_AND_LOCAL;3.2;86;Free;0
EZ TAG Express;BUSINESS;3.3;49;Free;0
Ez Texting;BUSINESS;3.2;116;Free;0
EZ Thanks;VIDEO_PLAYERS;3.5;51;Free;0
EZ TV Player;VIDEO_PLAYERS;3.9;244;Free;0
EZ Usenet for Easynews®;TOOLS;3.9;33;Free;0
EZ Utilities Extension;SOCIAL;4.1;34079;Free;0
EZ Video Download for Facebook;BUSINESS;3;287;Free;0
EZ View;VIDEO_PLAYERS;4.1;1276;Free;0
EZ Web Video Cast | Chromecast;COMMUNICATION;4.3;260;Free;0
EZ Wifi Notification;FAMILY;4.3;51;Free;0
EZ-Builder Mobile;TOOLS;4.1;1657;Free;0
EzCalculator;VIDEO_PLAYERS;3.6;32112;Free;0
EZCast – Cast Media to TV;AUTO_AND_VEHICLES;2.1;83;Free;0
EZ-ELD Driver App (Free);AUTO_AND_VEHICLES;3.1;14;Free;0
EZ-ELD Update;AUTO_AND_VEHICLES;4.3;38846;Free;0
ezETC (ETC balance inquiry;TOOLS;4.7;3696;Free;0
EZ-GUI Ground Station;TOOLS;2.9;7;Free;0
EZ-Placard - Free Placard Calculator;VIDEO_PLAYERS;2.8;71;Free;0
EZ-SEE;TOOLS;4.3;36;Free;0
EZ-VPNGate;TOOLS;NaN;6;Free;0
F;FINANCE;4;43;Free;0
F & M Mobile Banking;PHOTOGRAPHY;NaN;0;Paid;2
F Length Sim (no Ads);LIFESTYLE;3.8;4;Free;0
F N Bail Bonds;FINANCE;3.9;49;Free;0
F&M Bank - EZ Banking;GAME;4.6;8;Paid;0,99
F*ck This Game;FAMILY;NaN;6;Free;0
F.A Sumon songs;HEALTH_AND_FITNESS;3.7;5559;Free;0
f.lux (preview;PRODUCTIVITY;3.9;127;Paid;0,99
F05WatchFace for Android Wear;PERSONALIZATION;NaN;0;Paid;2,49
F-1 watchface by Delta;BOOKS_AND_REFERENCE;3.9;46;Free;0
FA Part 1 & 2 Past Papers Solved Free – Offline;SPORTS;5;7;Free;0
FA Player Essentials;FAMILY;NaN;57;Paid;2,49
Führerschein Klasse CE;HEALTH_AND_FITNESS;4.6;205299;Free;0
Fabulous: Motivate Me! Meditate;HEALTH_AND_FITNESS;4.6;205299;Free;0
Fabulous: Motivate Me! Meditate;PHOTOGRAPHY;4.7;142634;Free;0
Face Filter;PHOTOGRAPHY;4.7;142758;Free;0
Face Filter;PHOTOGRAPHY;4.4;346681;Free;0
FaceApp;SOCIAL;4.1;78158306;Free;0
Facebook;SOCIAL;4.1;78128208;Free;0
Facebook;BUSINESS;4.1;19023;Free;0
Facebook Ads Manager;BUSINESS;4.1;19051;Free;0
Facebook Ads Manager;SOCIAL;4.2;3895;Free;0
Facebook Creator;BUSINESS;4.4;4518;Free;0
Facebook Face to Face Events;SOCIAL;4.3;8606259;Free;0
Facebook Lite;SOCIAL;4.3;8595964;Free;0
Facebook Lite;SOCIAL;4.2;4751;Free;0
Facebook Local;BUSINESS;4;1279184;Free;0
Facebook Pages Manager;BUSINESS;4;1279800;Free;0
Facebook Pages Manager;PHOTOGRAPHY;4.1;100179;Free;0
Facejjang;FAMILY;4.8;38;Free;0
Faceoff DP Battle App;FAMILY;4.4;591411;Free;0
FaceQ;PHOTOGRAPHY;4.4;49553;Paid;5,99
Facetune - For Free;PHOTOGRAPHY;4.4;49553;Paid;5,99
Facetune - For Free;PHOTOGRAPHY;4.4;49553;Paid;5,99
Facetune - For Free;BEAUTY;4.6;184;Free;0
Facial Wrinkle Reduction;GAME;4.3;11051;Free;0
FaFaFa™ Gold Casino: Free slot machines;BOOKS_AND_REFERENCE;NaN;9;Free;0
FAHREDDİN er-RÂZİ TEFSİRİ;FAMILY;NaN;5;Free;0
Fahrschule DW;FAMILY;4.4;129542;Free;0
Fairy Kingdom: World of Magic and Farming;PRODUCTIVITY;4.3;154668;Free;0
Fake Call - Fake Caller ID;FAMILY;3.5;352;Free;0
Fake Call From Wengie Prank;SOCIAL;4.4;5985;Free;0
Fake Chat (Direct Message);GAME;4.2;63056;Free;0
Faketalk - Chatbot;FAMILY;4.6;2721923;Free;0
Fallout Shelter;GAME;4.6;2719142;Free;0
Fallout Shelter;SOCIAL;4.7;896118;Free;0
Fame Boom for Real Followers;MEDICAL;NaN;0;Free;0
Familial Hypercholesterolaemia;MEDICAL;1;2;Free;0
Familial Hypercholesterolaemia Handbook;PARENTING;4.7;34336;Free;0
Family Album Mitene: Private Photo & Video Sharing;LIFESTYLE;3.3;9663;Free;0
Family convenience store FamilyMart;SHOPPING;4.3;2588;Free;0
Family Dollar;PARENTING;4.4;9073;Free;0
Family GPS Tracker and Chat + Baby Monitor Online;SOCIAL;4.5;57146;Free;0
Family GPS tracker KidControl + GPS by SMS Locator;FAMILY;4.5;221691;Free;0
Family Guy- Another Freakin' Mobile Game;GAME;4;995002;Free;0
Family Guy The Quest for Stuff;LIFESTYLE;4.4;726074;Free;0
Family Locator - GPS Tracker;FINANCE;4.3;323;Free;0
Family Savings CU Mobile;MEDICAL;4;1;Free;0
Familyfirst Messenger;BOOKS_AND_REFERENCE;4.3;17506;Free;0
FamilySearch Tree;SPORTS;4.5;53;Free;0
Fan App for Portsmouth FC;SPORTS;3.6;9;Free;0
Fan App for Reading FC;SHOPPING;4.2;39735;Free;0
Fancy;SHOPPING;4.2;39735;Free;0
Fancy;SHOPPING;4.2;39735;Free;0
Fancy;GAME;4.7;55952;Free;0
Fancy Pants Adventures;PERSONALIZATION;4.2;37237;Free;0
Fancy Widgets;ENTERTAINMENT;4.6;243747;Free;0
Fandango Movies - Times + Tickets;ENTERTAINMENT;4.6;243747;Free;0
Fandango Movies - Times + Tickets;FAMILY;4.4;6715;Free;0
FANDOM for: DC;FAMILY;3.9;39038;Free;0
FANDOM for: GTA;FAMILY;4.5;3935;Free;0
FANDOM: Arrow and The Flash;FAMILY;4.4;17945;Free;0
Fandom: Five Nights at Freddys;SPORTS;4.6;29673;Free;0
FanDuel: Daily Fantasy Sports;BOOKS_AND_REFERENCE;3.3;52;Free;0
Fanfic-FR;FAMILY;4.7;8600;Free;0
Fantastic Chefs: Match 'n Cook;SPORTS;3.5;50179;Free;0
Fantasy Football;SPORTS;3.5;50179;Free;0
Fantasy Football;SPORTS;4.5;2943;Free;0
Fantasy Football & NFL News;SPORTS;4.4;63650;Free;0
Fantasy Football Manager (FPL);FAMILY;4.3;2142;Free;0
Fantasy Squad W;ART_AND_DESIGN;4.8;41;Free;0
Fantasy theme dark bw black building;GAME;4.4;9305;Free;0
Farm Fruit Pop: Party Time;FAMILY;4.4;7615646;Free;0
Farm Heroes Saga;GAME;4.4;7614130;Free;0
Farm Heroes Saga;GAME;4.4;7614271;Free;0
Farm Heroes Saga;GAME;4.4;7614415;Free;0
Farm Heroes Saga;GAME;4.4;7614407;Free;0
Farm Heroes Saga;DATING;3;1146;Free;0
FarmersOnly Dating;DATING;3;1145;Free;0
FarmersOnly Dating;FAMILY;4.5;530854;Free;0
Farming Simulator 14;FAMILY;4.5;530904;Free;0
Farming Simulator 14;FAMILY;4.2;32812;Paid;2,99
Farming Simulator 16;GAME;4.5;18125;Paid;4,99
Farming Simulator 18;TOOLS;4.3;9716;Free;0
Farsi Keyboard;FAMILY;3.8;283823;Free;0
Fart sound pranks;FAMILY;4.4;115;Free;0
Fashion Girls Dress up Makeup;LIFESTYLE;3.8;1797;Free;0
Fashion in Vogue;LIFESTYLE;3.8;1797;Free;0
Fashion in Vogue;LIFESTYLE;3.8;1797;Free;0
Fashion in Vogue;FAMILY;4.5;256;Free;0
Fashion Pony Girls Dress Up Makeup Game;TOOLS;4;18478;Free;0
Fast Download Manager;EVENTS;5;1;Free;0
FAST EO;GAME;4.3;104389;Free;0
Fast like a Fox;GAME;4.2;28151;Free;0
Fast Motorcycle Driver 2016;NEWS_AND_MAGAZINES;4.4;84957;Free;0
Fast News;PRODUCTIVITY;4.2;12;Free;0
Fast Notes FJ;GAME;3.8;8482;Free;0
Fast Racing Car Simulator;BUSINESS;4.5;103755;Free;0
Fast Scanner : Free PDF Scan;BUSINESS;4.5;103755;Free;0
Fast Scanner : Free PDF Scan;TOOLS;4.3;56848;Free;0
Fast Secure VPN;HEALTH_AND_FITNESS;4.4;35;Paid;7,99
Fast Tract Diet;SOCIAL;4.3;24456;Free;0
Faster for Facebook Lite;SOCIAL;4.2;1236;Free;0
Faster Social for Facebook;DATING;4.2;22544;Free;0
FastMeet: Chat;DATING;4.2;22545;Free;0
FastMeet: Chat;HEALTH_AND_FITNESS;4.5;706;Free;0
Fat Burning Workout - Home Weight lose;FAMILY;3.8;48545;Free;0
Fat No More - Be the Biggest Loser in the Gym!;GAME;4.3;56496;Free;0
Fatal Raid - No.1 Mobile FPS;TOOLS;4.6;70;Free;0
Fate GO Ap Counter;GAME;4.4;16601;Free;0
Fate/Grand Order (English);COMICS;4.7;1677;Free;0
Faustop Sounds;PERSONALIZATION;4.9;88;Paid;0,99
FAV KWGT;PARENTING;4.7;39;Free;0
Favorite children's songs;PARENTING;NaN;63;Free;0
Favorite Soviet cartoons;PRODUCTIVITY;3.5;16;Free;0
Fayr - Co-Parenting Simplified;SOCIAL;NaN;2;Free;0
FB Advanced Search;BUSINESS;3.7;27;Free;0
FB Live;PHOTOGRAPHY;4.7;37;Free;0
FB Photographie;BOOKS_AND_REFERENCE;4.5;203130;Free;0
FBReader: Favorite Book Reader;SPORTS;4.3;6;Free;0
FC BARCELONA EVENTS;SPORTS;4.4;15221;Free;0
FC Barcelona Fantasy Manager: Real football mobile;SPORTS;4.6;92522;Free;0
FC Barcelona Official App;SPORTS;4.7;5229;Free;0
FC Barcelona Official Keyboard;SPORTS;4.6;37140;Free;0
FC Bayern Munich;COMMUNICATION;4.1;26;Free;0
FC Browser - Focus Privacy Browser;MAPS_AND_NAVIGATION;NaN;0;Free;0
FC Parking;SPORTS;4.9;15883;Free;0
FC Porto;SPORTS;4.5;1526;Free;0
FC Red Bull Salzburg App;SPORTS;4.5;5675;Free;0
FC Zenit official Android app;SOCIAL;4.5;795;Free;0
FCB Connect - FC Barcelona;FINANCE;5;104;Free;0
FD Calculator (EMI;FINANCE;4.8;12;Free;0
FD Calculator | Term Deposit | Fixed Deposit;TOOLS;NaN;1;Free;0
FD CANNECT;FINANCE;4.7;175;Free;0
FD Community FCU Mobile;NEWS_AND_MAGAZINES;3.1;183;Free;0
FD e-paper;HEALTH_AND_FITNESS;NaN;3;Free;0
FD Fitness;PHOTOGRAPHY;NaN;2;Free;0
FD Fotografia;FINANCE;4.2;17;Free;0
FD Interest Calculator;FAMILY;3.9;53;Free;0
FD Mobile;TOOLS;4.1;981;Free;0
FD Shift Calendar Widget;FAMILY;3.8;729;Free;0
FD VR - Virtual 3D Web Browser;LIBRARIES_AND_DEMO;4.1;1463;Free;0
FD VR - Virtual App Launcher;FAMILY;3.5;179;Free;0
FD VR - Virtual Photo Gallery;FAMILY;4;1007;Free;0
FD VR - Virtual Reality Camera;FAMILY;4.2;76;Free;0
FD VR Cardboard Featured 360 Videos;FAMILY;4.9;15;Free;0
FD VR Music Videos - MTV Pop and Rap in 360;FAMILY;3.9;100;Free;0
FD VR Player - for 360 Youtube;FAMILY;4;2378;Free;0
FD VR Player - for Youtube 3D;FAMILY;4;105;Free;0
FD VR Store -VR Games and Apps;FAMILY;4.1;4585;Free;0
FD VR Theater - for Youtube VR;FAMILY;3.9;751;Free;0
FD VR Video Player - (Stored);FAMILY;NaN;2;Free;0
FE Chemical Engineering Exam Prep;FAMILY;2.8;9;Free;0
FE Civil Engineering Exam Prep;TOOLS;4.8;24;Free;0
FE Connect;BUSINESS;NaN;0;Free;0
FE Connect Drive-Tech;TOOLS;NaN;0;Free;0
FE Connect Fhoton;FINANCE;3;62;Free;0
FE CPS;FINANCE;4.1;125;Free;0
FE CREDIT - TET VUI;FAMILY;NaN;2;Free;0
FE Electric & Comp Engineering;FAMILY;NaN;1;Free;0
FE EN ACCIÓN RADIO;TOOLS;NaN;3;Free;0
FE IP;FAMILY;1;2;Free;0
FE Mechanical Engineering Prep;FAMILY;NaN;3;Free;0
FE Mix - Jokes - Status - Wallpaper;BUSINESS;3;2;Free;0
FE Mobile;FAMILY;NaN;0;Free;0
FE Other Disciplines Engineering Exam Prep;DATING;3.7;1212;Free;0
FEABIE: Feedees;LIFESTYLE;3.8;38;Free;0
f'east;FAMILY;3.9;121321;Free;0
FeaturePoints: Free Gift Cards;PARENTING;4.5;76795;Free;0
Feed Baby - Baby Tracker;NEWS_AND_MAGAZINES;3.2;77;Free;0
Feeder.co;COMMUNICATION;2.2;62;Free;0
Feel Performer;BEAUTY;3.9;4354;Free;0
Female Daily;MEDICAL;NaN;0;Free;0
Ferguson AH;GAME;4.8;526595;Free;0
Fernanfloo;HEALTH_AND_FITNESS;4.5;12955;Free;0
Fertility Friend Ovulation App;BOOKS_AND_REFERENCE;4.1;295;Free;0
Fertilizer Removal By Crop;DATING;3.9;1576;Free;0
FERZU - Furries Social Network;EVENTS;4;20611;Free;0
Fever;MEDICAL;3.5;19;Free;0
Fever Care;MEDICAL;3.6;26;Free;0
Fever Meter;FAMILY;NaN;0;Free;0
FG Autumn Photo Puzzle;TOOLS;NaN;154;Free;0
FG Finder;FAMILY;3.3;130;Free;0
FG Mobile;TOOLS;4.9;55;Free;0
FG On-The-Go;FAMILY;NaN;0;Free;0
FG Radio - Radios de France;FAMILY;NaN;1;Free;0
FG Rockstar;GAME;NaN;2;Free;0
FG SPINNER;BUSINESS;4.8;6;Free;0
FG VOC;FINANCE;NaN;9;Free;0
FG Wallet;FAMILY;NaN;1;Free;0
FG. Chic - House Lounge Musique - Radios de France;BUSINESS;4.2;127;Free;0
F-Gas Solutions;BUSINESS;4.9;27;Free;0
FH App;HEALTH_AND_FITNESS;NaN;9;Free;0
FH Calculator;TOOLS;NaN;13;Free;0
FH CODE;FAMILY;NaN;40;Free;0
FH Dortmund FB4;FAMILY;NaN;9;Free;0
FH Kufstein App;FAMILY;5;4;Free;0
FH School;FINANCE;NaN;0;Free;0
FH Wallet;PHOTOGRAPHY;2.6;201;Free;0
FH WiFiCam;MEDICAL;4.5;30;Free;0
FH® Cost Lookup / FH® CCSalud;MEDICAL;5;2;Paid;2,99
FHR 5-Tier 2.0;FAMILY;2.9;691;Free;0
fi;FINANCE;3.7;112;Free;0
FI CFL;GAME;4.2;307398;Free;0
Fidget Spinner;SHOPPING;4.2;33758;Free;0
FidMe Loyalty Cards & Deals at Grocery Supermarket;SPORTS;3.7;2980;Free;0
Field Goal Tournament;BUSINESS;NaN;2;Free;0
FieldBi FR Offline;GAME;4.1;71476;Free;0
Fields of Battle;SOCIAL;4.3;112223;Free;0
Fiesta by Tango - Find;SPORTS;4.2;342909;Free;0
FIFA - Tournaments;SPORTS;4.2;342912;Free;0
FIFA - Tournaments;SPORTS;4.1;820577;Free;0
FIFA 16 Soccer;SPORTS;4.2;3909032;Free;0
FIFA Soccer;PHOTOGRAPHY;4.6;666;Free;0
Fifa World Cup 2018: Photo Frame Editor & DP Maker;FAMILY;4.1;942;Free;0
Fifth Edition DM Tools;FAMILY;3.7;22;Free;0
Figment AR;PRODUCTIVITY;4.3;609182;Free;0
File Browser by Astro (File Manager);BUSINESS;4.3;758590;Free;0
File Commander - File Manager/Explorer;TOOLS;4.2;24;Free;0
File Ex - ES File Explorer;PRODUCTIVITY;4.1;979;Free;0
File Explorer;TOOLS;4.6;739329;Free;0
File Manager;TOOLS;4.2;127223;Free;0
File Manager -- Take Command of Your Files Easily;TOOLS;4.8;337532;Free;0
File Manager by Xiaomi: release file storage space;TOOLS;4.1;7063;Free;0
File Viewer for Android;TOOLS;4.6;315585;Free;0
Files Go by Google: Free up space on your phone;TOOLS;4.2;994;Free;0
Files To SD Card Pro;BUSINESS;4.1;13;Free;0
FILL EC;TRAVEL_AND_LOCAL;3.2;58;Free;0
Fill 'er Up;FAMILY;4.4;572;Free;0
Filmi Gaane;VIDEO_PLAYERS;4.4;238459;Free;0
FilmoraGo - Free Video Editor;PHOTOGRAPHY;4.6;126337;Free;0
FilterGrid - Cam&Photo Editor;PHOTOGRAPHY;4.6;126338;Free;0
FilterGrid - Cam&Photo Editor;BEAUTY;4.4;2280;Free;0
Filters for B Live;BEAUTY;4.3;8572;Free;0
Filters for Selfie;GAME;4.6;745684;Free;0
FINAL FANTASY BRAVE EXVIUS;FAMILY;4.3;8450;Paid;13,99
FINAL FANTASY DIMENSIONS;FAMILY;4.5;15924;Paid;7,99
FINAL FANTASY V;FAMILY;4;484858;Free;0
Final Fantasy XV: A New Empire;GAME;4;484981;Free;0
Final Fantasy XV: A New Empire;FINANCE;4.2;23;Paid;3,99
Financial Calculator BA Chien.;FINANCE;4.6;13819;Free;0
Financial Calculator India;FINANCE;4.3;634;Free;0
Financial Calculator Pro EF;NEWS_AND_MAGAZINES;4.2;27104;Free;0
Financial Times;FAMILY;4.8;39480;Free;0
Find a Way: Addictive Puzzle;TRAVEL_AND_LOCAL;4.1;427;Free;0
Find Dining Restaurant Finder;SHOPPING;3.3;272;Free;0
Find Fast Food;DATING;NaN;21;Free;0
Find Lover;SOCIAL;4.2;305367;Free;0
Find My Friends;DATING;4.5;212626;Free;0
Find Real Love — YouLove Premium Dating;DATING;4.5;212626;Free;0
Find Real Love — YouLove Premium Dating;SHOPPING;4;4602;Free;0
Find&Save - Local Shopping;DATING;3.8;24;Free;0
FindLoving;MAPS_AND_NAVIGATION;4.2;23279;Free;0
FindShip;AUTO_AND_VEHICLES;4.8;116986;Free;0
Fines of the State Traffic Safety Inspectorate are official: inspection;TOOLS;4.2;2531;Free;0
Finger Scanner Gestures;TOOLS;4.1;10786;Free;0
Fingerprint Lock Screen Prank;TOOLS;4.2;8484;Free;0
Fingerprint Quick Action;FAMILY;4.6;407694;Free;0
Fire Emblem Heroes;FINANCE;4.8;495;Free;0
Firefighters First CU;COMMUNICATION;4.4;3075028;Free;0
Firefox Browser fast & private;COMMUNICATION;4.4;3075118;Free;0
Firefox Browser fast & private;COMMUNICATION;4.4;3075096;Free;0
Firefox Browser fast & private;COMMUNICATION;4.4;36880;Free;0
Firefox Focus: The privacy browser;COMMUNICATION;4.4;36893;Free;0
Firefox Focus: The privacy browser;COMMUNICATION;4.4;36981;Free;0
Firefox Focus: The privacy browser;FINANCE;3.5;100;Free;0
First Credit Union (AZ) Mobile;FINANCE;4.3;133;Free;0
First Federal Bank of Florida;FINANCE;2.1;232;Free;0
First Hawaiian Bank Mobile;FINANCE;4.3;4290;Free;0
First Tech Federal CU;SHOPPING;4.1;41074;Free;0
FirstCry Baby & Kids Shopping;LIFESTYLE;3.6;853;Free;0
Fish|Hunt FL;GAME;4.6;2157930;Free;0
Fishdom;GAME;4.6;2157930;Free;0
Fishdom;GAME;4.6;2158580;Free;0
Fishdom;TOOLS;2.7;422;Free;0
Fisher-Price® Smart Connect™;DATING;NaN;3;Free;0
Fishing Brain & Boating Maps Marine;SPORTS;3.9;138739;Free;0
Fists For Fighting (Fx3);TOOLS;4.8;615;Paid;1,99
FiSwitch;SPORTS;3.8;35746;Free;0
Fit the Fat 2;HEALTH_AND_FITNESS;3.9;357417;Free;0
Fitbit;HEALTH_AND_FITNESS;4.6;28951;Free;0
Fitbit Coach;HEALTH_AND_FITNESS;4.6;28951;Free;0
Fitbit Coach;HEALTH_AND_FITNESS;2.6;219;Free;0
FitConsole;HEALTH_AND_FITNESS;4.6;95201;Free;0
Fitness & Bodybuilding;HEALTH_AND_FITNESS;4.2;287;Free;0
Fitness Dance for Zum.ba Workout Exercise;GAME;4.7;4041;Free;0
Five Nights at Flappy's;GAME;4.6;100805;Paid;2,99
Five Nights at Freddy's;FAMILY;4.6;73919;Paid;2,99
Five Nights at Freddy's 2;FAMILY;4.3;1503544;Free;0
Five Nights at Freddy's 2 Demo;GAME;4.7;27856;Paid;2,99
Five Nights at Freddy's 3;GAME;4.5;1041836;Free;0
Five Nights at Freddy's 3 Demo;GAME;4.6;21266;Paid;2,99
Five Nights at Freddy's 4;GAME;4.4;889425;Free;0
Five Nights at Freddy's 4 Demo;GAME;4.5;16162;Paid;2,99
Five Nights at Freddy's: SL;FAMILY;3.5;9335;Free;0
Five nights at Minecraft;GAME;4.2;2180;Free;0
Five Nights at Neighbor House;GAME;3.5;1976;Free;0
Five Nights at Pizzeria;FAMILY;4.2;37165;Free;0
Five Tries At Love Dating Sim;FINANCE;4.1;7;Free;0
Fix Deposit Calculator (FD);BOOKS_AND_REFERENCE;4.3;18;Free;0
Fix Error Google Playstore;FAMILY;4.1;3543;Free;0
FJ 4x4 Cruiser Offroad Driving;FAMILY;4.2;1619;Free;0
FJ 4x4 Cruiser Snow Driving;AUTO_AND_VEHICLES;4.6;107;Free;0
FJ Drive: Mercedes-Benz Lease;GAME;4.7;32;Free;0
FJ Final Join ;TOOLS;NaN;1;Paid;1,49
FJ Toolkit;TOOLS;NaN;40;Free;0
FJ WiFi HDD;TOOLS;NaN;1;Free;0
FJ-link;MEDICAL;4.4;1517;Free;0
FK;GAME;NaN;2;Free;0
FK (FlightKid);SPORTS;NaN;0;Free;0
FK Železiarne Podbrezová;SPORTS;4.9;1420;Free;0
FK Željezničar;FAMILY;4.9;119;Free;0
FK Željezničar Izzy;SPORTS;NaN;0;Free;0
FK Čukarički;SPORTS;1.5;2;Free;0
FK Atlantas;SPORTS;NaN;0;Free;0
FK Bregalnica Štip;BUSINESS;5;1;Free;0
FK CLASSIC FOR YOU;SPORTS;4.9;1211;Free;0
FK Crvena zvezda;TOOLS;4.8;1456;Free;0
FK Crvena Zvezda Izzy;SPORTS;5;36;Free;0
FK Dedinje BGD;SPORTS;NaN;0;Free;0
FK Dukla Prague;PRODUCTIVITY;NaN;0;Free;0
FK Events;SPORTS;NaN;0;Free;0
FK Fotbal Třinec;SPORTS;NaN;2;Free;0
FK Jablonec;SPORTS;NaN;0;Free;0
FK Jelgava;SPORTS;NaN;1;Free;0
FK Jonava;SPORTS;NaN;4;Free;0
FK Liepaja;SPORTS;NaN;3;Free;0
FK Macva Sabac;SPORTS;NaN;0;Free;0
FK Mladá Boleslav;SPORTS;NaN;0;Free;0
FK Mladost Lucani;SPORTS;NaN;0;Free;0
FK Oleksandria;SPORTS;NaN;1;Free;0
FK Rad;SPORTS;NaN;1;Free;0
FK Radnicki Nis;SPORTS;NaN;2;Free;0
FK Sūduva Marijampolė;SPORTS;NaN;6;Free;0
FK Sarajevo;SPORTS;NaN;0;Free;0
FK Senica;SPORTS;NaN;0;Free;0
FK Sileks;SPORTS;NaN;0;Free;0
FK Sloboda Tuzla;SPORTS;NaN;0;Free;0
FK Spartak Subotica;SPORTS;NaN;2;Free;0
FK Teplice;SPORTS;NaN;0;Free;0
FK Utenis Utena;SPORTS;NaN;2;Free;0
FK Vardar;SPORTS;NaN;0;Free;0
FK Viktoria Žižkov;SPORTS;NaN;5;Free;0
FK Vojvodina;SPORTS;NaN;1;Free;0
FK Vozdovac;SPORTS;NaN;3;Free;0
FK Zemun;EVENTS;NaN;0;Free;0
FL Bankers;PHOTOGRAPHY;3.3;41;Free;0
FL Drone 2;PRODUCTIVITY;4.4;29;Free;0
FL House;FAMILY;4.6;1481;Free;0
FL Lottery Results;SPORTS;4.4;656;Paid;0,99
FL Racing Manager 2015 Pro;SPORTS;4;1338;Free;0
FL Racing Manager 2018 Lite;SPORTS;4.3;340;Paid;1,99
FL Racing Manager 2018 Pro;TRAVEL_AND_LOCAL;3.7;871;Free;0
FL State Parks Guide;SPORTS;4.6;60;Paid;1,99
FL SW Fishing Regulations;BUSINESS;3.8;17;Free;0
FL Tax-Verify;PERSONALIZATION;4.2;36;Free;0
Flag of European Union;PERSONALIZATION;4.3;88;Free;0
Flag Of European Union LWP;EDUCATION;4.6;56065;Free;0
Flame - درب عقلك يوميا;TOOLS;4.1;25438;Free;0
Flash Light on Call & SMS;TOOLS;4.7;115409;Free;0
Flashlight;TOOLS;4.5;162335;Free;0
Flashlight;TOOLS;4.4;192661;Free;0
Flashlight - Torch LED Light;TOOLS;4.3;111507;Free;0
Flashlight & LED Torch;TOOLS;4.3;3943;Free;0
FlashLight F.Light;TOOLS;4;75;Free;0
Flashlight Free w/ compass;TOOLS;4.3;618918;Free;0
Flashlight HD LED;TOOLS;4.7;4928;Paid;2,99
FlashLight HD LED Pro;TOOLS;4.6;16936;Free;0
Flashlight Ultimate;TOOLS;4.6;20418;Free;0
Flashlight X;GAME;4.4;862;Free;0
Flat Pack;FAMILY;4.3;104;Free;0
FlexBook;TRAVEL_AND_LOCAL;4;875;Free;0
Flexiroam X;BUSINESS;NaN;4;Free;0
FlexRelease CX;PHOTOGRAPHY;4.3;251951;Free;0
Flickr;PHOTOGRAPHY;4.3;251951;Free;0
Flickr;TRAVEL_AND_LOCAL;4.4;45562;Free;0
Flight & Hotel Booking App - ixigo;FAMILY;3.8;44636;Free;0
Flight Simulator X 2016 Free;FAMILY;4;660613;Free;0
Flight Simulator: Fly Plane 3D;TRAVEL_AND_LOCAL;4.3;171889;Free;0
Flightradar24 Flight Tracker;TRAVEL_AND_LOCAL;4.4;18039;Free;0
Flights;FAMILY;3.9;12;Free;0
Flim Af Somali Hindi Fanproj;GAME;4.2;195558;Free;0
Flip the Gun - Simulator Game;ART_AND_DESIGN;4.3;194216;Free;0
FlipaClip - Cartoon animation;NEWS_AND_MAGAZINES;4.4;1284017;Free;0
Flipboard: News For Our Time;NEWS_AND_MAGAZINES;4.4;1284017;Free;0
Flipboard: News For Our Time;NEWS_AND_MAGAZINES;4.4;1284018;Free;0
Flipboard: News For Our Time;SHOPPING;4.4;6012719;Free;0
Flipkart Online Shopping App;SHOPPING;4.4;6003590;Free;0
Flipkart Online Shopping App;SHOPPING;4.6;85858;Free;0
Flipp - Weekly Shopping;SHOPPING;4.6;85782;Free;0
Flipp - Weekly Shopping;FAMILY;4.4;412;Paid;2,99
Flipped Out! - Powerpuff Girls;GAME;5;7;Free;0
Flippy Axe : Flip The Knife & Axe Simulator;EDUCATION;4;889;Free;0
Flippy Campus - Buy & sell on campus at a discount;DATING;4.3;2430;Free;0
FlirtChat - ♥Free Dating/Flirting App♥;DATING;4.3;2433;Free;0
FlirtChat - ♥Free Dating/Flirting App♥;ART_AND_DESIGN;4.1;36639;Free;0
Floor Plan Creator;BOOKS_AND_REFERENCE;4.6;7;Free;0
Florida - Pocket Brainbook;TOOLS;3.2;148;Free;0
Florida 511;TRAVEL_AND_LOCAL;5;3;Free;0
Florida Beach Wallpapers HD;HEALTH_AND_FITNESS;3.2;499;Free;0
Florida Blue;PRODUCTIVITY;4.2;6;Free;0
Florida Cooling Supply HVAC;FAMILY;4.3;87;Free;0
Florida DMV Permit Test -Fl;FAMILY;4.5;65;Free;0
Florida Driver License Test;FAMILY;3.9;14;Free;0
Florida HSMV Driver License;TRAVEL_AND_LOCAL;4.2;92;Free;0
Florida Keys;NEWS_AND_MAGAZINES;4.1;763;Free;0
Florida Lottery Results;TRAVEL_AND_LOCAL;NaN;11;Free;0
Florida map;TRAVEL_AND_LOCAL;4.6;8;Free;0
Florida Map offline;TRAVEL_AND_LOCAL;3.8;144;Free;0
Florida Offline Road Map;SPORTS;4.7;1566;Free;0
Florida State Gameday;BOOKS_AND_REFERENCE;3.2;5;Free;0
Florida Statutes (FL Code);WEATHER;3.8;116;Free;0
Florida Storms;FAMILY;3.8;87;Free;0
Florida Tech Mobile;WEATHER;3.8;30;Paid;6,99
Florida Tides & Weather;NEWS_AND_MAGAZINES;3.3;202;Free;0
Florida Today;TRAVEL_AND_LOCAL;3.8;11;Free;0
Florida Travel Guide;TRAVEL_AND_LOCAL;3.8;80;Free;0
Florida Travel Guide - TOURIAS;FAMILY;5;5;Free;0
Florida Wildflowers;FAMILY;3.5;163;Free;0
Flo's CH Boss Timer;FAMILY;4.3;1295293;Free;0
Flow Free;GAME;4.3;1295557;Free;0
Flow Free;GAME;4.3;1295606;Free;0
Flow Free;GAME;4.3;1295625;Free;0
Flow Free;GAME;4.3;1295625;Free;0
Flow Free;PERSONALIZATION;4.1;118459;Free;0
Flowers Live Wallpaper;VIDEO_PLAYERS;4.8;5639;Paid;1,49
Flud (Ad free);TRAVEL_AND_LOCAL;3.7;27560;Free;0
Fly Delta;TRAVEL_AND_LOCAL;3.7;27560;Free;0
Fly Delta;BOOKS_AND_REFERENCE;3.9;1778;Free;0
Flybook;EVENTS;NaN;46;Free;0
FM News;FAMILY;4.2;1415;Free;0
FML F*ck my life + widget;BUSINESS;5;14;Free;0
FN;PHOTOGRAPHY;3.4;181;Free;0
FN Cam;BOOKS_AND_REFERENCE;NaN;1;Paid;6,49
FN FAL rifle explained;BOOKS_AND_REFERENCE;NaN;0;Paid;6,49
FN model 1900 pistol explained;BOOKS_AND_REFERENCE;NaN;1;Paid;6,49
FN pistol model 1903 explained;BOOKS_AND_REFERENCE;NaN;1;Paid;5,49
FN pistol Model 1906 explained;COMMUNICATION;NaN;0;Free;0
FN Web Radio;COMMUNICATION;NaN;0;Free;0
FNH Payment Info;COMMUNICATION;NaN;0;Free;0
FO AIRBUS Nantes;COMMUNICATION;NaN;4;Free;0
FO AIRBUS TLSE;PERSONALIZATION;5;5;Paid;0,99
FO Bixby;FINANCE;NaN;10;Free;0
FO BOULANGER;TOOLS;4.5;1916;Free;0
Fo File Manager;GAME;3.4;5;Free;0
Fo Fo Fish;COMMUNICATION;NaN;1;Free;0
FO Interim;COMMUNICATION;NaN;1;Free;0
FO OP St-Nazaire;COMMUNICATION;NaN;2;Free;0
FO PSA Sept-Fons;COMMUNICATION;NaN;5;Free;0
FO RCBT;COMMUNICATION;NaN;0;Free;0
FO SODEXO;COMMUNICATION;NaN;2;Free;0
FO STELIA Méaulte;SPORTS;4.6;315;Paid;2,99
Fodbold DK Pro;DATING;NaN;1;Free;0
following;SOCIAL;4.4;90082;Free;0
FollowMeter for Instagram;MEDICAL;4.6;73118;Free;0
FollowMyHealth®;FAMILY;NaN;0;Free;0
F-O-Meter;TOOLS;4.1;222;Free;0
Fon WiFi App – WiFi Connect;PHOTOGRAPHY;4.2;197295;Free;0
Font Studio- Photo Texts Image;HEALTH_AND_FITNESS;4.2;1324;Free;0
Food Calorie Calculator;HEALTH_AND_FITNESS;4.2;1324;Free;0
Food Calorie Calculator;ENTERTAINMENT;4.1;7813;Free;0
Food Network;ENTERTAINMENT;4.1;7813;Free;0
Food Network;FAMILY;4.1;7823;Free;0
Food Network;FOOD_AND_DRINK;5;1;Free;0
Food-Aw - Order Food Online in Aruba;FOOD_AND_DRINK;4;292969;Free;0
foodpanda - Local Food Delivery;SHOPPING;4.3;199;Free;0
Foods Co;HEALTH_AND_FITNESS;4.4;14402;Free;0
Fooducate Healthy Weight Loss & Calorie Counter;SHOPPING;4.5;214;Free;0
foody Cyprus - online ordering;SPORTS;4.3;39878;Free;0
Foot Mercato: transfers;FAMILY;3.9;314;Free;0
Foot Surgery Hospital Simulator: ER Doctor Games;SPORTS;4.5;107724;Free;0
Football Live Scores;SPORTS;3.9;11460;Paid;8,99
Football Manager Mobile 2018;PERSONALIZATION;4.7;26;Free;0
Football-CB GO Clock Theme;PHOTOGRAPHY;4.3;13258;Free;0
Footej Camera;FAMILY;5;4;Free;0
Foothills CP;MEDICAL;5;2;Free;0
FoothillsVet;TOOLS;4.1;10426;Free;0
Force LTE Only;AUTO_AND_VEHICLES;NaN;2;Paid;9,99
FORD V SERIES CALC - NO LIMIT;WEATHER;4.2;18425;Free;0
ForecaWeather;MEDICAL;NaN;0;Free;0
Forest Crossing AH;GAME;4.6;2027;Free;0
Forgotten Hill Mementoes;GAME;4.4;1063;Free;0
Forgotten Hill: Fall;GAME;4.5;2917;Free;0
Forgotten Hill: Puppeteer;GAME;4.5;2431;Free;0
Forgotten Hill: Surgery;FAMILY;3.9;1213;Paid;2,99
Formula Cartoon All Stars;SPORTS;4.6;169;Free;0
Formula DRIFT;PRODUCTIVITY;NaN;0;Free;0
Fort Myers FL;FINANCE;4.6;49275;Free;0
Fortune City - A Finance App;FAMILY;3.6;135;Free;0
Fortune Quest: Savior;FINANCE;4.1;196;Free;0
FORUM Credit Union CU Online;LIFESTYLE;2.9;6627;Free;0
Fossil Q;LIFESTYLE;2.6;680;Free;0
Fossil Q Legacy;LIFESTYLE;4.3;985;Free;0
FOSSIL Q: DESIGN YOUR DIAL;SPORTS;4.7;410384;Free;0
FotMob - Live Soccer Scores;SPORTS;4.7;410395;Free;0
FotMob - Live Soccer Scores;PHOTOGRAPHY;4.5;597068;Free;0
Fotor Photo Editor - Photo Collage & Photo Effects;PERSONALIZATION;NaN;1;Free;0
Fountain Live Wallpaper HD – Dubai Wallpaper 3D;GAME;3.8;22191;Free;0
Four In A Line;GAME;4.3;133195;Free;0
Four In A Line Free;FOOD_AND_DRINK;4.1;483960;Free;0
Foursquare City Guide;TRAVEL_AND_LOCAL;3.9;421800;Free;0
Foursquare Swarm: Check In;ENTERTAINMENT;3.7;197774;Free;0
FOX;ENTERTAINMENT;3.7;197774;Free;0
FOX;NEWS_AND_MAGAZINES;4.5;1440;Free;0
FOX 5 DC;FINANCE;3.7;2594;Free;0
Fox Business;NEWS_AND_MAGAZINES;4.5;249919;Free;0
Fox News – Breaking News;NEWS_AND_MAGAZINES;4.5;249919;Free;0
Fox News – Breaking News;NEWS_AND_MAGAZINES;4.5;249919;Free;0
Fox News – Breaking News;ENTERTAINMENT;3.9;60841;Free;0
FOX NOW - On Demand & Live TV;ENTERTAINMENT;3.9;60841;Free;0
FOX NOW - On Demand & Live TV;ENTERTAINMENT;3.9;60841;Free;0
FOX NOW - On Demand & Live TV;SPORTS;4;28895;Free;0
FOX Sports: Live Streaming;SPORTS;4;28895;Free;0
FOX Sports: Live Streaming;FINANCE;NaN;1;Free;0
FP Boss;FAMILY;3.4;16;Free;0
FP BW LCD View;PERSONALIZATION;3.5;96;Free;0
FP Charging Daydream;PERSONALIZATION;3.5;178;Free;0
FP Click sound changer;COMMUNICATION;NaN;0;Free;0
FP Connect;FAMILY;4.5;922;Free;0
FP Разбитый дисплей;FINANCE;3.6;48;Free;0
FP FCU;MAPS_AND_NAVIGATION;4;3;Free;0
FP Legacy;COMMUNICATION;NaN;0;Free;0
FP Live;FAMILY;NaN;24;Free;0
FP Market;FINANCE;NaN;1;Free;0
FP Markets;TOOLS;NaN;17;Free;0
FP NFC Rewrite;MEDICAL;4.5;408;Free;0
FP Notebook;MEDICAL;4.5;410;Free;0
FP Notebook;TOOLS;NaN;9;Free;0
FP Opgaver;GAME;3.7;38;Free;0
FP Runner;AUTO_AND_VEHICLES;NaN;1;Free;0
FP Transportation;FAMILY;NaN;17;Paid;0,99
FP VoiceBot;BUSINESS;NaN;0;Free;0
FP-safe;SPORTS;NaN;1;Free;0
FQ - Football Quiz;LIFESTYLE;NaN;0;Free;0
FQ India;BUSINESS;NaN;0;Free;0
FQ Load Board for Transporters;LIFESTYLE;NaN;1;Free;0
FQ Magazine;PRODUCTIVITY;3.9;17;Free;0
FQ METER;FAMILY;4.2;117;Free;0
Fr Agnel Ambarnath;FAMILY;4.1;80;Free;0
Fr Agnel Pune;FAMILY;4;7;Free;0
FR Calculator;SOCIAL;4.7;2036;Free;0
Fr Daoud Lamei;BUSINESS;NaN;0;Free;0
FR Forms;FAMILY;4.9;52;Free;0
Fr Ignacio Outreach;BUSINESS;4.8;19;Free;0
Fr Lupupa Sermons;AUTO_AND_VEHICLES;NaN;4;Free;0
FR Plus 1.6;TOOLS;4.1;174;Free;0
FR Roster;WEATHER;3.8;1195;Free;0
FR Tides;FAMILY;5;22;Free;0
Fr. Daoud Lamei;FAMILY;5;4;Free;0
Fr. Mike Schmitz Audio Teachings;FAMILY;4;185;Free;0
FR: My Famous Lover;FAMILY;4;785;Free;0
FR: My Secret Pets! ;TOOLS;4.5;148506;Free;0
Fraction Calculator Plus Free;NEWS_AND_MAGAZINES;4.3;47069;Free;0
FRANCE 24;SOCIAL;NaN;2;Free;0
Frases Cristianas de Esperanza y Fe;MEDICAL;3;315;Free;0
fred's Pharmacy;MEDICAL;3;315;Free;0
fred's Pharmacy;TOOLS;4.2;19096;Free;0
Free & Premium VPN - FinchVPN;COMMUNICATION;4.4;152470;Free;0
Free Adblocker Browser - Adblock & Popup Blocker;TOOLS;4.3;27749;Free;0
Free antivirus and VPN;MEDICAL;NaN;7;Free;0
Free Blood Pressure;MEDICAL;NaN;7;Free;0
Free Blood Pressure;MEDICAL;NaN;7;Free;0
Free Blood Pressure;BOOKS_AND_REFERENCE;3.4;1680;Free;0
Free Book Reader;BOOKS_AND_REFERENCE;4.8;116507;Free;0
Free Books - Spirit Fanfiction and Stories;DATING;3.5;35;Free;0
Free Cam Girls - Live Webcam;DATING;3.5;35;Free;0
Free Cam Girls - Live Webcam;COMMUNICATION;NaN;4;Paid;0,99
FREE CHATS C.L.;FINANCE;5;4;Free;0
Free coupons and vouchers;LIFESTYLE;2.8;17;Free;0
Free Coupons for Burger King;TOOLS;3.9;37;Free;0
Free CV Creator;FAMILY;NaN;0;Free;0
Free CW TN Videos 2018;DATING;4;42194;Free;0
Free Dating & Flirt Chat - Choice of Love;DATING;4;42197;Free;0
Free Dating & Flirt Chat - Choice of Love;DATING;4.1;825;Free;0
Free Dating App - Meet Local Singles - Flirt Chat;DATING;4.1;825;Free;0
Free Dating App - Meet Local Singles - Flirt Chat;DATING;4.1;97684;Free;0
Free Dating App - YoCutie - Flirt;DATING;4.1;97699;Free;0
Free Dating App - YoCutie - Flirt;DATING;4.4;667;Free;0
Free Dating App & Flirt Chat - Cheers;DATING;4.4;172460;Free;0
Free Dating App & Flirt Chat - Match with Singles;DATING;3.3;1157;Free;0
Free Dating Hook Up Messenger;DATING;3.3;1157;Free;0
Free Dating Hook Up Messenger;GAME;4.1;22896;Free;0
Free DS Emulator;PERSONALIZATION;4.2;410;Free;0
Free E B Garamond Cool Font;EDUCATION;4.7;142632;Free;0
Free english course;FAMILY;4.1;665;Free;0
Free Florida DMV Test 2018;HOUSE_AND_HOME;3.4;287;Free;0
Free Foreclosure Real Estate Search by USHUD.com;FAMILY;4.2;256916;Free;0
Free Fur All – We Bare Bears;FAMILY;4.3;34514;Free;0
Free games: Masha and the Bear;MAPS_AND_NAVIGATION;4.2;618562;Free;0
Free GPS Navigation;MEDICAL;4.2;4303;Free;0
Free Hypnosis;EDUCATION;4.2;5741;Free;0
Free intellectual training game application |;DATING;4.9;776;Free;0
FREE LIVE TALK;DATING;4.7;158;Free;0
Free Live Talk-Video Call;WEATHER;4.4;15370;Free;0
Free live weather on screen;HEALTH_AND_FITNESS;4.2;1608;Free;0
Free Meditation - Take a Break;SOCIAL;4.3;6086;Free;0
Free Messages;BOOKS_AND_REFERENCE;4.5;418;Free;0
Free Panda Radio Music;SOCIAL;4.5;412725;Free;0
Free phone calls;SOCIAL;4.5;412888;Free;0
Free phone calls;GAME;4.5;2032;Free;0
Free Poker Games : Downtown Casino - Texas Holdem;BUSINESS;4.2;831;Free;0
Free Professional Resume Builder;TRAVEL_AND_LOCAL;4.3;15680;Free;0
Free Radar Detector;BUSINESS;4.6;15830;Free;0
Free Resume App;BUSINESS;4.4;25;Free;0
Free Resume Builder – CV Maker;BUSINESS;4.4;9555;Free;0
Free resume builder CV maker templates PDF formats;PHOTOGRAPHY;4.2;162564;Free;0
Free Slideshow Maker & Video Editor;SPORTS;4.3;1802;Free;0
Free Sports TV;FINANCE;3.9;714;Free;0
FREE Stock Market Trading Tips;VIDEO_PLAYERS;3.7;400;Free;0
Free TV series;NEWS_AND_MAGAZINES;4.6;29706;Free;0
Free TV Shows App:News;COMMUNICATION;4.2;594728;Free;0
free video calls and chat;COMMUNICATION;4.2;594728;Free;0
free video calls and chat;COMMUNICATION;4.2;594720;Free;0
free video calls and chat;DATING;4.8;84;Free;0
FREE VIDEO CHAT - LIVE VIDEO AND TEXT CHAT;AUTO_AND_VEHICLES;4.6;2431;Free;0
Free VIN Report for Used Cars;COMMUNICATION;3.9;167229;Free;0
Free WiFi Connect;COMMUNICATION;4.1;382;Free;0
Free Wi-fi HotspoT;PERSONALIZATION;4.3;71829;Free;0
Free Z Glass GO Keyboard Theme;GAME;4;387;Free;0
Freecell CY;LIFESTYLE;NaN;0;Free;0
Freedom Christian BF;FINANCE;3.6;117;Free;0
Freedom CU;TOOLS;4.3;39833;Free;0
FREEDOME VPN Unlimited anonymous Wifi Security;TOOLS;2.9;452;Free;0
FreedomPop Diagnostics;TOOLS;4.4;58;Free;0
FreedomPop Friends for Free Data;COMMUNICATION;3.6;9894;Free;0
FreedomPop Messaging Phone/SIM;FAMILY;3.7;29229;Free;0
Freeform – Stream Full Episodes;MEDICAL;NaN;0;Free;0
Freeland AH;HEALTH_AND_FITNESS;4.5;130104;Free;0
Freeletics: Personal Trainer & Fitness Workouts;PERSONALIZATION;4.1;2828;Free;0
Freeme Launcher—Stylish Theme;PHOTOGRAPHY;4.8;109500;Free;0
FreePrints – Free Photos Delivered;EVENTS;3.7;100;Free;0
Freitas Auctioneer Official;DATING;4.2;24;Free;0
French Chat Room;FAMILY;4.5;4251;Free;0
French to English Speaking - Apprendre l' Anglais;TOOLS;4.2;11;Paid;0,99
Frequencies;TOOLS;3.5;382;Free;0
Frequencies Free;FINANCE;4.5;19870;Free;0
Fresh EBT - Food Stamp Balance;NEWS_AND_MAGAZINES;4.4;2207;Free;0
Fresh News;BUSINESS;4.1;1802;Free;0
FreshBooks Classic;BUSINESS;4.1;1802;Free;0
FreshBooks Classic;PRODUCTIVITY;4.4;2087;Free;0
Friday: Smart Personal Assistant;DATING;NaN;23;Free;0
Friend Find: free chat + flirt dating app;SOCIAL;4.5;42621;Free;0
Friendly for Facebook;FOOD_AND_DRINK;4.1;2473;Free;0
Frigo Magic: Easy recipe idea and anti-waste;SOCIAL;4;88486;Free;0
Frim: get new friends on local chat rooms;SOCIAL;3.8;19446;Free;0
Frontback - Social Photos;GAME;4.4;1351833;Free;0
FRONTLINE COMMANDO;GAME;4.5;1736105;Free;0
FRONTLINE COMMANDO: D-DAY;GAME;4.2;9183;Free;0
Frontline Terrorist Battle Shoot: Free FPS Shooter;VIDEO_PLAYERS;4.1;253207;Free;0
FrostWire: Torrent Downloader & Music Player;FAMILY;4.3;1574197;Free;0
Frozen Free Fall;FAMILY;4.3;1574204;Free;0
Frozen Free Fall;FAMILY;4.3;1574546;Free;0
Frozen Free Fall;GAME;4.6;125647;Free;0
Fruit Block - Puzzle Legend;FAMILY;4.4;17753;Free;0
Fruit Boom;FAMILY;4.6;9199;Free;0
Fruit Cube Blast;GAME;4.3;85468;Paid;0,99
Fruit Ninja Classic;GAME;4.3;5091448;Free;0
Fruit Ninja®;GAME;4.4;74673;Free;0
Fruits Bomb;GAME;4.4;74695;Free;0
Fruits Bomb;TOOLS;4.5;1250;Free;0
F-Secure AV Test;BUSINESS;3.8;183;Free;0
F-Secure Freedome for Business;TOOLS;4.2;2588;Free;0
F-Secure KEY Password manager;TOOLS;4.2;13096;Free;0
F-Secure Mobile Security;TOOLS;4.3;9433;Free;0
F-Secure SAFE;TOOLS;4.6;57;Free;0
F-Secure SENSE;FAMILY;4.4;5427;Paid;4,99
F-Sim Space Shuttle;PHOTOGRAPHY;4.2;12726;Free;0
F-Stop Gallery;PHOTOGRAPHY;4.4;1302;Paid;4,99
F-Stop Gallery Pro;WEATHER;4.7;20001;Free;0
Fu*** Weather (Funny Weather);TOOLS;4.7;32;Free;0
Fuel Calculator for EY;LIFESTYLE;4.6;32433;Free;0
Fuel Rewards® program;AUTO_AND_VEHICLES;4.6;65786;Free;0
Fuelio: Gas log & costs;SPORTS;4.3;401;Free;0
Fulham FC;MEDICAL;NaN;0;Free;0
Full Code - Emergency Medicine Simulation;COMMUNICATION;4.2;104990;Free;0
Full Screen Caller ID;PERSONALIZATION;4.7;12089;Free;0
FUN Keyboard – Emoji Keyboard;FAMILY;4;79667;Free;0
Fun Kid Racing;FAMILY;4.1;59729;Free;0
Fun Kid Racing - Motocross;FAMILY;4.1;59768;Free;0
Fun Kid Racing - Motocross;GAME;4.5;32831;Free;0
Fun Texas Hold'em Poker;SOCIAL;4.4;68358;Free;0
FunForMobile Ringtones & Chat;PERSONALIZATION;4.5;15633;Free;0
Funny Alarm Clock Ringtones;SOCIAL;3.9;19;Free;0
funny Image Comments for FB;FAMILY;3.9;2505;Free;0
Funny Jokes;COMICS;4.2;21;Free;0
Funny Jokes and Stories 2018;COMICS;4.4;39;Free;0
Funny Jokes Photos;ENTERTAINMENT;3.9;9941;Free;0
Funny Pics;ENTERTAINMENT;4.2;23666;Free;0
Funny Quotes Free;PERSONALIZATION;4.4;7146;Free;0
Funny Ringtones;VIDEO_PLAYERS;4.4;3066;Free;0
Funny videos for whatsapp;FAMILY;4.6;1977;Free;0
FunnyPixels - Color by number Sandbox;VIDEO_PLAYERS;1.8;26;Free;0
Furrion ES Control;SPORTS;4.3;31908;Free;0
Futbol24;PRODUCTIVITY;4.6;1075;Free;0
Future Cloud;SOCIAL;4.2;2093;Free;0
FutureNet your social app;EDUCATION;4.7;21;Paid;5,99
Fuzzy Numbers: Pre-K Number Foundation;FAMILY;4.7;21;Paid;5,99
Fuzzy Numbers: Pre-K Number Foundation;FAMILY;4.8;12137;Free;0
Fuzzy Seasons: Animal Forest;TOOLS;4;327914;Free;0
FVD - Free Video Downloader;TOOLS;4.4;1774;Paid;1,99
FVD Ad-Free;FINANCE;3.6;73;Free;0
FX LITE BO;FAMILY;3.9;31552;Free;0
FXNOW: Movies;TOOLS;4.5;1034;Paid;4,99
G Cloud Apps Backup Key * root;PRODUCTIVITY;4.6;267189;Free;0
G Cloud Backup;PRODUCTIVITY;4.6;267042;Free;0
G Cloud Backup;VIDEO_PLAYERS;3.1;2689;Free;0
G Guide Program Guide (SOFTBANK EMOBILE WILLCOM version);PERSONALIZATION;4.3;25;Paid;1,49
G Theme 2 for LG V30;FOOD_AND_DRINK;NaN;38;Free;0
Gâteau au yaourt;MAPS_AND_NAVIGATION;4.2;63;Free;0
Gainesville Bus Tracker;LIFESTYLE;4.8;4;Free;0
Gainesville Florida Police Department;PERSONALIZATION;4.1;69417;Free;0
Galactic Core Free Wallpaper;GAME;3.9;145;Free;0
GALAK-Z: Variant Mobile;GAME;4.5;2;Paid;1,99
Galaxian(FC);MEDICAL;5;2;Free;0
Galaxies of Hope;FAMILY;3.9;65119;Free;0
Galaxy at War Online;GAME;4.6;506275;Free;0
Galaxy Attack: Alien Shooter;GAME;4.6;506275;Free;0
Galaxy Attack: Alien Shooter;GAME;4.6;506593;Free;0
Galaxy Attack: Alien Shooter;FAMILY;4.1;78142;Free;0
Galaxy Defense;LIFESTYLE;4.4;95557;Free;0
Galaxy Gift;PERSONALIZATION;4.2;58052;Free;0
Galaxy Live Wallpaper;EDUCATION;4.4;7005;Free;0
Game for KIDS: KIDS match'em;FAMILY;4.4;7006;Free;0
Game for KIDS: KIDS match'em;GAME;4;90218;Free;0
Game of Thrones: Conquest™;EVENTS;4.5;8800;Free;0
Gametime - Tickets to Sports;GAME;4.1;9898;Free;0
Gang Wars of San Andreas;GAME;4.5;4830407;Free;0
Gangstar Vegas - mafia game;GAME;4.3;350;Free;0
Gangster City Auto Theft;GAME;4.1;74842;Free;0
Gangster Town;FAMILY;4.3;65146;Free;0
Gangster Town: Vice District;COMICS;4.7;57106;Free;0
GANMA! - All original stories free of charge for all original comics;TRAVEL_AND_LOCAL;3.9;13275;Free;0
Gaode Map;ART_AND_DESIGN;4.4;13791;Free;0
Garden Coloring Book;FAMILY;3.9;13253;Free;0
Garden Fever - Free!;FAMILY;4.6;4289;Free;0
Garden Fruit Legend;PHOTOGRAPHY;4.4;1864;Free;0
Garden Photo Frames - Garden Photo Editor;HOUSE_AND_HOME;NaN;0;Free;0
gardening ideas flower diy;GAME;4.6;4128732;Free;0
Gardenscapes;GAME;4.6;4129665;Free;0
Gardenscapes;GAME;4.5;5465624;Free;0
Garena Free Fire;GAME;4.5;5476569;Free;0
Garena Free Fire;GAME;4.5;5476569;Free;0
Garena Free Fire;GAME;4.5;5534114;Free;0
Garena Free Fire;HEALTH_AND_FITNESS;3.9;232153;Free;0
Garmin Connect™;AUTO_AND_VEHICLES;4.4;805;Free;0
Gas Prices (Germany only);AUTO_AND_VEHICLES;4;1288;Free;0
Gas Station;TRAVEL_AND_LOCAL;4.6;751551;Free;0
GasBuddy: Find Cheap Gas;LIFESTYLE;NaN;1;Free;0
GastroHunter.EU;BOOKS_AND_REFERENCE;NaN;1;Free;0
GATE 21 years CS Papers(2011-2018 Solved);FAMILY;4.2;162;Free;0
GATE CS Engineering 2019 Exam Prep App;GAME;4.4;7;Free;0
Gate Of Death Ep: 1;FAMILY;4.7;23;Free;0
GATE Syllabus for EC 2018 & Notifications;DATING;4.1;2212;Free;0
Gay Sugar Daddy Dating & Hookup – Sudy Gay;DATING;4.1;2212;Free;0
Gay Sugar Daddy Dating & Hookup – Sudy Gay;FAMILY;3.9;8419;Free;0
Gaydorado;SOCIAL;3.4;3640;Free;0
Gayvox - Gay Lesbian Bi Dating;TOOLS;4.2;1859115;Free;0
Gboard - the Google Keyboard;TOOLS;4.2;1859109;Free;0
Gboard - the Google Keyboard;TOOLS;4.2;1855262;Free;0
Gboard - the Google Keyboard;FINANCE;4;25508;Free;0
GCash - Buy Load;TOOLS;4.2;7935;Free;0
gCMOB;TOOLS;4.1;802;Free;0
G-Download Manager;GAME;4.4;140658;Free;0
Gear.Club - True Racing;SHOPPING;4.5;245104;Free;0
GearBest Online Shopping;DATING;NaN;0;Free;0
Geeks Dating;TOOLS;4.3;6;Free;0
GEM™;GAME;4.7;171448;Free;0
Gems or jewels ?;LIBRARIES_AND_DEMO;NaN;26;Free;0
General culture;BUSINESS;4.4;42492;Free;0
Genius Scan - PDF Scanner;BUSINESS;4.4;42492;Free;0
Genius Scan - PDF Scanner;TRAVEL_AND_LOCAL;4.5;42849;Free;0
Geo Tracker - GPS tracker;HEALTH_AND_FITNESS;4.1;62616;Free;0
Geocaching®;GAME;4.5;6181640;Free;0
Geometry Dash Lite;GAME;4.6;1591129;Free;0
Geometry Dash Meltdown;GAME;4.6;260527;Free;0
Geometry Dash SubZero;GAME;4.6;760628;Free;0
Geometry Dash World;GAME;4.6;759838;Free;0
Geometry Dash World;FAMILY;4.8;18298;Free;0
German Listening;FAMILY;3.3;1218;Free;0
German Vocabulary Trainer;GAME;4.1;7904;Free;0
Get 'Em;FAMILY;4.7;1997;Free;0
Get Free V-bucks_fortnite Hints;DATING;4.1;10;Free;0
Get Over Your Ex;MEDICAL;NaN;0;Free;0
Get SMART ER/LA Opioids;TOOLS;4.2;91186;Free;0
GetThemAll Any File Downloader;FAMILY;4.1;32;Free;0
GF - BF Chat Stories - Hindi English Convesation;SPORTS;4.6;10;Paid;3,88
G-Force Driving Assistant;MEDICAL;NaN;2;Free;0
GGDE: Prevent & Beat Depression Symptoms;LIFESTYLE;3.1;777;Free;0
G-Homa;FAMILY;3.5;35337;Free;0
Ghost Detector;GAME;3.5;3048;Free;0
Ghost Hunting camera;PHOTOGRAPHY;3.9;28429;Free;0
Ghost In Photo;GAME;3.8;898;Free;0
Ghost Snap AR Horror Survival;COMMUNICATION;4.1;13100;Free;0
Ghostery Privacy Browser;GAME;3.8;466;Paid;0,99
Ghosts'n Goblins MOBILE;GAME;3.9;168;Paid;1,99
Ghouls'n Ghosts MOBILE;FOOD_AND_DRINK;4.3;30224;Free;0
GialloZafferano: Recipes;PRODUCTIVITY;4.4;162831;Free;0
Ginger Keyboard - Emoji;FAMILY;3.8;130689;Free;0
Girls Craft: Exploration;GAME;4.2;2055;Free;0
Girls' Frontline;BEAUTY;4.1;3595;Free;0
Girls Hairstyles;BEAUTY;4.2;62;Free;0
Girls hairstyles 2018;DATING;4.8;110;Free;0
Girls Live Chat - Free Text & Video Chat;DATING;4.8;110;Free;0
Girls Live Chat - Free Text & Video Chat;DATING;5;6;Free;0
Girls Live Talk - Free Text and Video Chat;LIBRARIES_AND_DEMO;4.7;2639;Free;0
Girls Nancy Ajram Without Net;DATING;4.7;791;Free;0
Girls Online Talk - Free Text and Video Chat;SOCIAL;4.3;3;Free;0
GirlTalk.dk;ENTERTAINMENT;4.2;32458;Free;0
Girly Lock Screen Wallpaper with Quotes;LIFESTYLE;4.4;13565;Free;0
Girly Wallpapers Backgrounds;SHOPPING;4;4;Free;0
GITZ.bz;LIFESTYLE;5;32;Free;0
GKPB FP Online Church;DATING;4.3;23170;Free;0
Glam - Premium Dating App;FAMILY;4;93898;Free;0
Glam Doll Salon - Chic Fashion;PERSONALIZATION;NaN;0;Paid;0,99
Glanceable Ap Watch Face;PERSONALIZATION;4.2;18280;Free;0
GLASS GO Launcher EX Theme;MEDICAL;3.5;1288;Free;0
GlassesOff;COMMUNICATION;4.3;350154;Free;0
Glide - Video Chat Messenger;COMMUNICATION;4.3;350154;Free;0
Glide - Video Chat Messenger;GAME;4.4;39698;Free;0
Glitch Fixers: Powerpuff Girls;FAMILY;3.5;1380;Free;0
Glitter Color By Number - Glitter Number Coloring;BUSINESS;NaN;0;Free;0
Global Shop;GAME;4.1;1703479;Free;0
Glow Hockey;PERSONALIZATION;4.2;66730;Free;0
Glowing Flowers Live Wallpaper;COMMUNICATION;4.3;4604324;Free;0
Gmail;COMMUNICATION;4.3;4604483;Free;0
Gmail;COMMUNICATION;4.3;4604324;Free;0
Gmail;EDUCATION;4.4;1769;Free;0
GMAT Math Flashcards;EDUCATION;4.2;240;Free;0
GMAT Question Bank;COMMUNICATION;4.3;258556;Free;0
GMX Mail;TOOLS;NaN;0;Paid;25,99
G-NetReport Pro;TOOLS;4.3;255;Paid;14,99
G-NetTrack Pro;TOOLS;3.3;6;Paid;5,99
G-NetWiFi Pro;NEWS_AND_MAGAZINES;3.8;54256;Free;0
Gnoche entertainment news · sports news is also free;PERSONALIZATION;4.6;89;Paid;0,99
Go;PERSONALIZATION;3.7;21;Paid;0,99
GO Contacts EX Black & Grey;FAMILY;NaN;5;Free;0
GO CP Evolution Calculator;SHOPPING;3;4;Free;0
Go Go Coupons - Free Coupon and Discount;TOOLS;4.5;4594198;Free;0
GO Keyboard - Cute Emojis;PERSONALIZATION;4.4;2591941;Free;0
GO Keyboard - Emoticon keyboard;PERSONALIZATION;4.4;2591610;Free;0
GO Keyboard - Emoticon keyboard;PERSONALIZATION;4.5;7464996;Free;0
GO Launcher - 3D parallax Themes & HD Wallpapers;PERSONALIZATION;4.3;111634;Free;0
GO Launcher EX UI5.0 theme;COMMUNICATION;4.2;124346;Free;0
GO Notifier;TOOLS;4.7;1251479;Free;0
GO Security－AntiVirus;COMMUNICATION;4.4;2876500;Free;0
GO SMS Pro - Messenger;PERSONALIZATION;3.5;84779;Free;0
GO SMS PRO EMOJI PLUGIN;PERSONALIZATION;3.8;24198;Free;0
GO SMS Pro Z Glass Theme EX;WEATHER;4.5;1422858;Free;0
GO Weather - Widget;WEATHER;4.2;8723;Free;0
GO Weather EX Theme White;FAMILY;4.8;171;Paid;10
go41cx;VIDEO_PLAYERS;3.6;1522;Free;0
GoAction;SPORTS;4.4;232423;Free;0
Goal Live Scores;PRODUCTIVITY;4.6;7969;Free;0
Goal Meter: Goal Tracker;FINANCE;4.4;5950;Free;0
GoBank;DATING;NaN;104;Free;0
Gods by Night;FAMILY;3.9;1550;Free;0
Gods Wars Ex : Vampire;FAMILY;3.3;11;Free;0
Gogo Vision (Biz Av);FAMILY;4.5;66740;Free;0
Go-Go-Goat! Free Game;TRAVEL_AND_LOCAL;4.3;459851;Free;0
Goibibo - Flight Hotel Bus Car IRCTC Booking App;FAMILY;3;606;Free;0
Going Abroad;FAMILY;NaN;13;Free;0
Gokarting.dk;PERSONALIZATION;4.7;6342;Free;0
Goku Wallpaper Art;HOUSE_AND_HOME;4.3;10054;Free;0
Gold Butterfly Keyboard Theme;FINANCE;NaN;96;Free;0
Gold Quote - Gold.fr;PHOTOGRAPHY;2.8;1022;Free;0
Gold Teeth Photo Editor;PERSONALIZATION;4.5;43;Free;0
Gold Wallpapers;BOOKS_AND_REFERENCE;4.4;51269;Free;0
Golden Dictionary (EN-AR);BOOKS_AND_REFERENCE;4.2;5775;Free;0
Golden Dictionary (FR-AR);GAME;4.4;201537;Free;0
Golden HoYeah Slots - Real Casino Slots;PERSONALIZATION;4.4;32794;Free;0
Golden Launcher;SOCIAL;4.3;374;Free;0
Golden telegram;EVENTS;4.5;1953;Free;0
Goldstar: Live Event Tickets;SPORTS;4.1;19230;Free;0
Golf Channel;SPORTS;4.6;37167;Free;0
Golf GPS by SwingxSwing;SPORTS;4.6;13098;Free;0
Golf GPS Rangefinder: Golf Pad;SPORTS;4;11085;Free;0
GolfLogix GPS + Putt Breaks;SPORTS;4.5;26102;Free;0
GolfNow: Tee Time Deals at Golf Courses;SPORTS;4.1;3387;Paid;29,99
Golfshot Plus: Golf GPS;SPORTS;4.3;7543;Free;0
Golfshot: Golf GPS + Tee Times;SPORTS;4.3;7543;Free;0
Golfshot: Golf GPS + Tee Times;SPORTS;4.7;25172;Free;0
GollerCepte 1903;SPORTS;4.2;9992;Free;0
GollerCepte Live Score;HOUSE_AND_HOME;3.8;491;Free;0
Good house to buy a house;HOUSE_AND_HOME;3.7;2758;Free;0
Good room network fast rent;BUSINESS;4.4;26572;Free;0
Good&Co: Career match tests;COMMUNICATION;4.3;3429;Free;0
Goodbox - Mega App;MEDICAL;4.8;59158;Free;0
GoodRx Drug Prices and Coupons;FAMILY;4.7;303;Free;0
Goody.ba;TOOLS;4.4;8033493;Free;0
Google;TOOLS;4.4;8021623;Free;0
Google;BUSINESS;4.3;29313;Free;0
Google Ads;BUSINESS;4.3;29313;Free;0
Google Ads;BUSINESS;4.3;29331;Free;0
Google Ads;PRODUCTIVITY;4.3;52677;Free;0
Google AdSense;COMMUNICATION;4.3;346982;Free;0
Google Allo;COMMUNICATION;4.3;346980;Free;0
Google Allo;COMMUNICATION;4.3;347086;Free;0
Google Allo;BUSINESS;4.5;78662;Free;0
Google Analytics;BUSINESS;4.5;78662;Free;0
Google Analytics;TOOLS;3;66;Free;0
Google app for Android TV;FAMILY;3.7;24137;Free;0
Google Arts & Culture;PRODUCTIVITY;4.2;58675;Free;0
Google Assistant;TOOLS;3.7;315;Free;0
Google Assistant Go;PRODUCTIVITY;4.2;858208;Free;0
Google Calendar;PRODUCTIVITY;4.2;858227;Free;0
Google Calendar;PRODUCTIVITY;4.2;858230;Free;0
Google Calendar;COMMUNICATION;4.3;9642995;Free;0
Google Chrome: Fast & Secure;COMMUNICATION;4.3;9643041;Free;0
Google Chrome: Fast & Secure;COMMUNICATION;4.3;9642112;Free;0
Google Chrome: Fast & Secure;EDUCATION;4.2;69493;Free;0
Google Classroom;EDUCATION;4.2;69498;Free;0
Google Classroom;EDUCATION;4.2;69498;Free;0
Google Classroom;PRODUCTIVITY;4.3;815981;Free;0
Google Docs;PRODUCTIVITY;4.3;815974;Free;0
Google Docs;PRODUCTIVITY;4.3;815974;Free;0
Google Docs;PRODUCTIVITY;4.4;2731171;Free;0
Google Drive;PRODUCTIVITY;4.4;2731211;Free;0
Google Drive;PRODUCTIVITY;4.4;2731211;Free;0
Google Drive;PRODUCTIVITY;4.4;2728941;Free;0
Google Drive;COMMUNICATION;4.6;2083237;Free;0
Google Duo - High Quality Video Calls;COMMUNICATION;4.6;2083237;Free;0
Google Duo - High Quality Video Calls;TRAVEL_AND_LOCAL;4.3;2338655;Free;0
Google Earth;TRAVEL_AND_LOCAL;4.3;2339098;Free;0
Google Earth;HEALTH_AND_FITNESS;3.9;249855;Free;0
Google Fit - Fitness Tracking;TOOLS;4.3;94427;Free;0
Google Handwriting Input;BOOKS_AND_REFERENCE;4.3;22401;Free;0
Google I/O 2018;PRODUCTIVITY;4.4;691474;Free;0
Google Keep;PRODUCTIVITY;4.4;691474;Free;0
Google Keep;PRODUCTIVITY;4.4;691474;Free;0
Google Keep;PRODUCTIVITY;4.4;691474;Free;0
Google Keep;TOOLS;3.5;74819;Free;0
Google Korean Input;BUSINESS;4.4;70991;Free;0
Google My Business;BUSINESS;4.4;70991;Free;0
Google My Business;BUSINESS;4.4;70991;Free;0
Google My Business;NEWS_AND_MAGAZINES;3.9;877635;Free;0
Google News;NEWS_AND_MAGAZINES;3.9;877635;Free;0
Google News;NEWS_AND_MAGAZINES;3.9;877643;Free;0
Google News;NEWS_AND_MAGAZINES;3.9;878065;Free;0
Google News;TOOLS;4.2;857215;Free;0
Google Now Launcher;FINANCE;4.2;347838;Free;0
Google Pay;FINANCE;4.2;347838;Free;0
Google Pay;FINANCE;4.2;347874;Free;0
Google Pay;FINANCE;4.2;348132;Free;0
Google Pay;PRODUCTIVITY;4.2;226456;Free;0
Google PDF Viewer;PRODUCTIVITY;4.2;226456;Free;0
Google PDF Viewer;PRODUCTIVITY;4.2;226453;Free;0
Google PDF Viewer;PHOTOGRAPHY;4.5;10858556;Free;0
Google Photos;PHOTOGRAPHY;4.5;10858538;Free;0
Google Photos;PHOTOGRAPHY;4.5;10859051;Free;0
Google Photos;PHOTOGRAPHY;4.5;10847682;Free;0
Google Photos;BOOKS_AND_REFERENCE;3.9;1433233;Free;0
Google Play Books;ENTERTAINMENT;4.3;7165362;Free;0
Google Play Games;FAMILY;4.3;7168735;Free;0
Google Play Games;VIDEO_PLAYERS;3.7;906384;Free;0
Google Play Movies & TV;BUSINESS;4.4;62272;Free;0
Google Primer;PRODUCTIVITY;4.3;496399;Free;0
Google Sheets;PRODUCTIVITY;4.3;496397;Free;0
Google Sheets;PRODUCTIVITY;4.2;244567;Free;0
Google Slides;TRAVEL_AND_LOCAL;4.2;2129689;Free;0
Google Street View;TRAVEL_AND_LOCAL;4.2;2129707;Free;0
Google Street View;TOOLS;4.4;5745093;Free;0
Google Translate;TOOLS;4.4;5741684;Free;0
Google Translate;TRAVEL_AND_LOCAL;4.1;26871;Free;0
Google Trips - Travel Planner;COMMUNICATION;4.2;171031;Free;0
Google Voice;COMMUNICATION;4.2;171031;Free;0
Google Voice;COMMUNICATION;4.2;171052;Free;0
Google Voice;SOCIAL;4.2;4831125;Free;0
Google+;SOCIAL;4.2;4828372;Free;0
Google+;VIDEO_PLAYERS;3.5;3484;Free;0
GoPlus Cam;PHOTOGRAPHY;4;157506;Free;0
GoPro (formerly Capture);TRAVEL_AND_LOCAL;4.3;34;Free;0
Gormey: Find Best Restaurants;GAME;4.3;246538;Free;0
Governor of Poker 2 - OFFLINE POKER GAME;PERSONALIZATION;4.1;169;Free;0
G-Pix [Android P] Dark EMUI 8/5 THEME;PERSONALIZATION;4.1;720;Free;0
G-Pix [Android P] EMUI 8/5 THEME;TOOLS;1.8;53;Paid;1,49
G-Playlists;TRAVEL_AND_LOCAL;4;33782;Free;0
GPS Map Free;MAPS_AND_NAVIGATION;4.4;1421884;Free;0
GPS Navigation & Offline Maps Sygic;MAPS_AND_NAVIGATION;4.4;652;Free;0
Gps Route Finder;MAPS_AND_NAVIGATION;4.6;16094;Free;0
GPS Speedometer;MAPS_AND_NAVIGATION;4.3;32225;Free;0
GPS Speedometer - Trip Meter - Altimeter;MAPS_AND_NAVIGATION;4.8;15865;Free;0
GPS Speedometer and Odometer;TRAVEL_AND_LOCAL;4.5;149723;Free;0
GPS Status & Toolbox;TOOLS;NaN;0;Free;0
gps tracker cg;MAPS_AND_NAVIGATION;4.3;63920;Free;0
GPS Traffic Speedcam Route Planner by ViaMichelin;MAPS_AND_NAVIGATION;NaN;30;Free;0
GPS.AZ;MAPS_AND_NAVIGATION;4.2;301413;Free;0
Grab Driver;SHOPPING;4.6;8175;Free;0
Grabo.bg;LIFESTYLE;3.9;386;Free;0
Graffiti Letters (A-Z);GAME;4.4;1094;Free;0
Grand Bat Superhero Flying Assault Rescue Mission;GAME;4.2;401643;Free;0
Grand Gangsters 3D;GAME;4;1744;Free;0
Grand Stickman Cover V;FAMILY;4.1;182103;Free;0
Grand Theft Auto V: The Manual;GAME;4.4;348962;Paid;6,99
Grand Theft Auto: San Andreas;GAME;4.5;1135631;Free;0
Granny;GAME;4.5;1137271;Free;0
Granny;GAME;4.5;1137267;Free;0
Granny;GAME;4.5;1138239;Free;0
Granny;GAME;4.5;1128805;Free;0
Granny;TOOLS;3.9;12388;Free;0
Graphing Calculator;MEDICAL;NaN;61;Paid;2,99
Gravidez ao Vivo;EDUCATION;4.5;13791;Free;0
GRE Flashcards;EDUCATION;4.4;3963;Free;0
GRE Prep & Practice by Magoosh;EDUCATION;4;275;Free;0
GRE Tutor;EDUCATION;4;316;Free;0
GRE® Flashcards by Kaplan;TRAVEL_AND_LOCAL;3.7;40;Paid;8,49
Greater London A-Z 2016;BOOKS_AND_REFERENCE;NaN;5;Free;0
Greek Bible FP (Audio);TOOLS;3.9;7;Free;0
Green Build - An unofficial Travis CI client;SOCIAL;4.5;17350;Free;0
Greeting Cards & Wishes;HOUSE_AND_HOME;4.5;30;Free;0
G-REMOTE;FINANCE;4.4;137;Free;0
Grenada Co-operative Bank;FAMILY;4.4;431;Free;0
Grenade Practice for CS:GO;GAME;4.5;189773;Free;0
Grim Soul: Dark Fantasy Survival;GAME;4.3;4923;Free;0
Grim Tales: The Wishes CE;SOCIAL;3.6;284795;Free;0
Grindr - Gay chat;PHOTOGRAPHY;4;21159;Free;0
Groovebook Photo Books & Gifts;COMMUNICATION;4.5;330761;Free;0
GroupMe;SHOPPING;4.6;1370749;Free;0
Groupon - Shop Deals;SHOPPING;4.6;1370749;Free;0
Groupon - Shop Deals;SHOPPING;4.6;1370749;Free;0
Groupon - Shop Deals;SHOPPING;4.6;1371082;Free;0
Groupon - Shop Deals;FAMILY;4.7;84389;Free;0
Grow Stone Online : 2d pixel RPG;FOOD_AND_DRINK;4.5;155944;Free;0
Grubhub: Food Delivery;FOOD_AND_DRINK;4.5;155944;Free;0
Grubhub: Food Delivery;SHOPPING;3.8;44255;Free;0
GS SHOP;LIFESTYLE;3;543;Free;0
G-SHOCK Connected;LIFESTYLE;3;4710;Free;0
G-SHOCK+;GAME;3.8;4116;Free;0
G-Switch;GAME;4.4;12683;Free;0
G-Switch 2;GAME;4.6;3656;Free;0
G-Switch 3;FAMILY;4.4;1852;Free;0
GT-R R35 Drift Simulator;TOOLS;4.2;38;Free;0
GTS-M;FAMILY;4.5;364013;Free;0
Guardian Hunter: SuperBrawlRPG;FAMILY;4.4;969;Free;0
Guardians of Ancora;GAME;4.7;57;Free;0
Guess the Class 🔥 AQW;GAME;4.5;76627;Free;0
Guess The Emoji;GAME;NaN;28;Free;0
Guess the song of J Balvin;SPORTS;NaN;29;Free;0
Guia Bike DF;BOOKS_AND_REFERENCE;4.6;586;Free;0
Guide (for X-MEN);FAMILY;4.4;16459;Free;0
Guide for CS:GO;BOOKS_AND_REFERENCE;4.2;459;Free;0
Guide for DB Xenoverse;BOOKS_AND_REFERENCE;4.4;121;Free;0
Guide for DB Xenoverse 2;BOOKS_AND_REFERENCE;NaN;0;Free;0
Guide for IMS DB;BOOKS_AND_REFERENCE;NaN;0;Free;0
Guide for R Programming;PHOTOGRAPHY;NaN;1;Paid;29,99
Guide to Nikon Df;FAMILY;NaN;3;Free;0
Gun AK 47;GAME;4.1;88941;Free;0
Gun Builder ELITE;GAME;4.2;55014;Free;0
Gun Club Armory;FAMILY;4.1;26347;Free;0
Gun Disassembly 2;FAMILY;3.6;33812;Free;0
Gun Mod: Guns in Minecraft PE;GAME;4.2;26893;Free;0
Gun Shoot War Q;FAMILY;4.4;134;Free;0
Gun Simulator - Gun Games;GAME;4.1;94761;Free;0
Gun Strike Shoot;GAME;4.4;243121;Free;0
GUN ZOMBIE;FAMILY;3.8;29544;Free;0
Guns - Shot Sounds;GAME;4.6;1226514;Free;0
Guns of Boom - Online Shooter;GAME;4;120592;Free;0
Guns of Glory;GAME;4.6;19070;Free;0
Guns Royale - Multiplayer Blocky Battle Royale;GAME;4.3;2151039;Free;0
GUNSHIP BATTLE: Helicopter 3D;FAMILY;4.3;726;Paid;4,99
Gunship III Vietnam People AF;GAME;4.2;3247;Free;0
Gunship Modern Combat 3D;FAMILY;4.4;89947;Free;0
Guns'n'Glory;FAMILY;4.3;923;Paid;2,99
Guns'n'Glory Heroes Premium;FAMILY;4.4;3570;Paid;2,99
Guns'n'Glory Premium;FAMILY;4.5;4656;Paid;2,99
Guns'n'Glory WW2 Premium;FAMILY;4.1;313;Paid;2,99
Guns'n'Glory Zombies Premium;SOCIAL;4.4;41269;Free;0
GUYZ - Gay Chat & Gay Dating;SHOPPING;4.1;9701;Free;0
Gyft - Mobile Gift Card Wallet;SHOPPING;4.1;9701;Free;0
Gyft - Mobile Gift Card Wallet;SHOPPING;4.1;9701;Free;0
Gyft - Mobile Gift Card Wallet;FAMILY;4.6;305765;Free;0
Gymnastics Superstar - Spin your way to gold!;HEALTH_AND_FITNESS;4;214;Free;0
H Band;HEALTH_AND_FITNESS;2.9;4031;Free;0
H Band 2.0;SOCIAL;NaN;17;Free;0
H letter images;LIFESTYLE;4.3;9412;Free;0
H Pack;ENTERTAINMENT;4.3;103078;Free;0
H TV;FAMILY;4.3;103064;Free;0
H TV;DATING;4.2;46;Free;0
H!LooK - Dating;LIFESTYLE;3.7;41941;Free;0
H&M;LIFESTYLE;3.7;41917;Free;0
H&M;LIFESTYLE;4.9;145;Paid;1,99
H*nest Meditation;FAMILY;3.8;159398;Free;0
Habbo - Virtual World;MEDICAL;NaN;0;Free;0
HACH Cares;PRODUCTIVITY;4.4;41418;Free;0
Hacker's Keyboard;FAMILY;4.8;97;Paid;2,99
Hactar Go;FAMILY;4.4;276;Free;0
Hadith du jour;BOOKS_AND_REFERENCE;4.7;55011;Free;0
Hafizi Quran 15 lines per page;FAMILY;3.8;484226;Free;0
Hair Salon - Fun Games;FAMILY;4.2;38473;Free;0
Hair saloon - Spa salon;BEAUTY;4.6;38;Free;0
Haircut Tutorials/Haircut Videos;BEAUTY;4.6;4369;Free;0
Hairstyles step by step;PERSONALIZATION;3.5;159;Free;0
HAL-9000 - FN Theme;DATING;4.3;6;Free;0
Halalguur;FAMILY;4.2;6784;Free;0
Hallmark Channel Everywhere;FAMILY;4.4;289;Free;0
Halloween Sandbox Number Coloring- Color By Number;COMMUNICATION;4.5;115;Free;0
Ham DX Cluster & Spots Finder;COMMUNICATION;3.7;218;Free;0
Ham Radio Prefixes;GAME;4.4;125578;Free;0
Hambo;MAPS_AND_NAVIGATION;NaN;9;Free;0
Hamburg Transit - Offline HVV DB times and plans;ENTERTAINMENT;4.5;1575;Free;0
Hamilton — The Official App;FAMILY;4.1;120;Free;0
Hand Doctor Games ER Surgery Simulator;NEWS_AND_MAGAZINES;NaN;21;Free;0
Handbreit by a.w.niemeyer;FAMILY;3.9;19727;Free;0
Hands 'n Guns Simulator;GAME;4.1;8608;Free;0
HANGAME Casino - Baccarat & Texas Hold'em;FAMILY;4.4;23302;Free;0
Hangman;COMMUNICATION;4;3419249;Free;0
Hangouts;COMMUNICATION;4;3419433;Free;0
Hangouts;COMMUNICATION;4;3419513;Free;0
Hangouts;COMMUNICATION;4;3419464;Free;0
Hangouts;COMMUNICATION;4;122498;Free;0
Hangouts Dialer - Call Phones;COMMUNICATION;4;122512;Free;0
Hangouts Dialer - Call Phones;HEALTH_AND_FITNESS;3.7;1812;Free;0
Happify;LIFESTYLE;4.3;1118201;Free;0
happn – Local dating app;EVENTS;4.4;464;Free;0
Happy Birthday Songs Offline;FAMILY;4.5;2150;Free;0
Happy Fruits Bomb - Cube Blast;FAMILY;4.5;110877;Free;0
Happy Street;GAME;4.3;275843;Free;0
Hard Time (Prison Sim);ENTERTAINMENT;4.3;1511;Free;0
Harkins Theatres;ART_AND_DESIGN;4.8;192;Free;0
Harley Quinn wallpapers HD;FAMILY;4.7;36;Free;0
Harris J Lyrics;GAME;4.4;1107310;Free;0
Harry Potter: Hogwarts Mystery;GAME;4.4;1107197;Free;0
Harry Potter: Hogwarts Mystery;SOCIAL;4.3;420;Free;0
Hashtags For Likes.co;NEWS_AND_MAGAZINES;4.4;3375;Free;0
Hausa Radio;SHOPPING;4.1;7193;Free;0
HauteLook;COMMUNICATION;3.8;19;Free;0
Have your say on Europe;GAME;4.6;190274;Free;0
HAWK – Force of an Arcade Shooter. Shoot 'em up;FAMILY;4.5;10053186;Free;0
Hay Day;NEWS_AND_MAGAZINES;4.3;3684;Free;0
Haystack TV: Local & World News - Free;NEWS_AND_MAGAZINES;4.3;3684;Free;0
Haystack TV: Local & World News - Free;ENTERTAINMENT;3.8;87723;Free;0
HBO GO: Stream with TV Package;FAMILY;3.8;87734;Free;0
HBO GO: Stream with TV Package;ENTERTAINMENT;3.9;61201;Free;0
HBO NOW: Stream TV & Movies;ENTERTAINMENT;3.9;61201;Free;0
HBO NOW: Stream TV & Movies;ENTERTAINMENT;3.9;61201;Free;0
HBO NOW: Stream TV & Movies;FAMILY;3.9;61230;Free;0
HBO NOW: Stream TV & Movies;HEALTH_AND_FITNESS;4;50;Free;0
H-Connect;BUSINESS;4.7;114;Free;0
HCP Anywhere;PHOTOGRAPHY;4.3;49680;Free;0
HD Camera;PHOTOGRAPHY;4.5;38953;Free;0
HD Camera - Best Cam with filters & panorama;PHOTOGRAPHY;4.5;21841;Free;0
HD Camera - Quick Snap Photo & Video;PHOTOGRAPHY;4;26530;Free;0
HD Camera - silent shutter;PHOTOGRAPHY;4.1;351254;Free;0
HD Camera for Android;PHOTOGRAPHY;4.1;351255;Free;0
HD Camera for Android;PHOTOGRAPHY;4.1;49211;Free;0
HD Camera Pro for Android;PHOTOGRAPHY;4.3;462152;Free;0
HD Camera Ultra;FAMILY;NaN;2;Free;0
HD Jigsaw Volvo FH Trucks;ART_AND_DESIGN;4.7;118;Free;0
HD Mickey Minnie Wallpapers;VIDEO_PLAYERS;4.5;18699;Free;0
HD Movie Video Player;PERSONALIZATION;NaN;2;Free;0
HD Themes Toyota Cruiser 100VX;PERSONALIZATION;3.7;3;Free;0
HD Themes Toyota Cruiser 200;PERSONALIZATION;NaN;2;Free;0
HD Themes Toyota Cruiser 40;PERSONALIZATION;NaN;1;Free;0
HD Themes Toyota Cruiser 50;PERSONALIZATION;NaN;0;Free;0
HD Themes Toyota Cruiser 60;PERSONALIZATION;4.5;86;Free;0
HD Themes Toyota Cruiser 70;PERSONALIZATION;NaN;2;Free;0
HD Themes Toyota Cruiser 80;PERSONALIZATION;NaN;0;Free;0
HD Themes Toyota Cruiser70;PERSONALIZATION;4.4;40;Free;0
HD Themes Volvo FH Trucks;VIDEO_PLAYERS;4.4;20755;Free;0
HD Video Download for Facebook;VIDEO_PLAYERS;3.7;430643;Free;0
HD Video Downloader : 2018 Best video mate;VIDEO_PLAYERS;4.3;1551;Free;0
HD Video Player;VIDEO_PLAYERS;3.3;171;Free;0
HD Video Player ;VIDEO_PLAYERS;4.4;22;Free;0
HD Video Player - Video & MP3 Player | AV Player |;VIDEO_PLAYERS;4.2;61;Free;0
HD VideoDownlaoder For Fb : XXVideo Downloader;TOOLS;NaN;2;Free;0
HD Wallpaper - Toyota FJ Cruiser;PERSONALIZATION;NaN;4;Free;0
HD Wallpapers Volvo FH Trucks;PERSONALIZATION;4.3;58617;Paid;0,99
HD Widgets;PERSONALIZATION;4.3;58614;Paid;0,99
HD Widgets;FINANCE;4.2;208463;Free;0
HDFC Bank MobileBanking;PERSONALIZATION;NaN;0;Free;0
HDWallpaper DK;MEDICAL;4.5;18;Free;0
HEAD TRAUMA CT EVALUATION;HEALTH_AND_FITNESS;4.6;77563;Free;0
Headspace: Meditation & Mindfulness;HEALTH_AND_FITNESS;4.6;77563;Free;0
Headspace: Meditation & Mindfulness;HEALTH_AND_FITNESS;4.3;7895;Free;0
Health and Nutrition Guide;HEALTH_AND_FITNESS;4.3;7895;Free;0
Health and Nutrition Guide;MEDICAL;3.6;190;Free;0
HealtheLife;FOOD_AND_DRINK;4;1077;Free;0
Healthy Recipes Free;DATING;NaN;0;Free;0
Healthy Relationships Guide;DATING;3.3;4631;Free;0
Heart mill;GAME;4.5;264282;Free;0
Heart of Vegas™ Slots – Free Slot Casino Games;FAMILY;3.9;2510;Free;0
Heart Surgery Doctor - ER Emergency Game;FAMILY;4.1;2248;Free;0
Heart Surgery Emergency Doctor;FAMILY;4.4;252006;Free;0
Heavy Bus Simulator;TOOLS;4.2;498;Free;0
Height Converter feet-inch cm;GAME;4.3;125;Free;0
Heirs & Graces;GAME;3.9;2454;Free;0
Helix;GAME;4.2;1497361;Free;0
Helix Jump;GAME;4.2;1498648;Free;0
Helix Jump;GAME;4.2;1499373;Free;0
Helix Jump;GAME;4.2;1500999;Free;0
Helix Jump;GAME;4.2;1500622;Free;0
Helix Jump;GAME;4.2;1485806;Free;0
Helix Jump;FAMILY;4.6;750321;Free;0
Hello English: Learn English;MEDICAL;NaN;0;Free;0
Hello Face;FAMILY;4.2;51838;Free;0
Hello Kitty Lunchbox;FAMILY;4.2;369378;Free;0
Hello Kitty Nail Salon;GAME;4.2;369203;Free;0
Hello Kitty Nail Salon;GAME;4.6;101686;Free;0
Hello Stars;FOOD_AND_DRINK;4;43614;Free;0
hellofood - Food Delivery;EDUCATION;4.4;84309;Free;0
HelloTalk — Chat;EDUCATION;4.4;84311;Free;0
HelloTalk — Chat;FAMILY;4.3;6078;Free;0
Helper for Clash Royale (All-in-1);TOOLS;4.4;208;Free;0
Helper for CS:GO;LIFESTYLE;5;15;Free;0
Helping BD;HOUSE_AND_HOME;3.6;4087;Free;0
Hemnet;FAMILY;4.6;9626;Free;0
Henry Danger Crime Warp;TOOLS;1.4;20;Free;0
Hercules CP Mobile;GAME;4.5;24210;Free;0
Hero Fighter X;GAME;4.4;70747;Free;0
Hero Hunters;GAME;4.2;336386;Free;0
Heroes Arena;GAME;4.2;70389;Free;0
Heroes of Dragon Age;FAMILY;4.2;690148;Free;0
Heroes of Order & Chaos;DATING;4;738;Free;0
Herpes Dating: 1;DATING;4.4;198;Free;0
Herpes Positive Singles Dating;SPORTS;NaN;0;Free;0
Hertfordshire FA;FINANCE;4.7;51;Free;0
Hesab.af - Send money in Afghanistan;MEDICAL;4.3;2108;Free;0
HESI A2 Pocket Prep;FAMILY;5;1;Paid;4,99
Hey AJ! It's Bedtime!;BOOKS_AND_REFERENCE;5;12;Paid;3,99
Hey AJ! It's Saturday!;TOOLS;4.6;222;Free;0
Hey That's Pretty Good!;MEDICAL;NaN;0;Free;0
HHS;TOOLS;3.9;167;Free;0
Hidden Camera Detector;FAMILY;3.7;126;Free;0
Hidden Object Florida Vacation Adventure Fun Game;FAMILY;4.3;275;Free;0
Hidden Objects Treasure Hunt Adventure Games;DATING;4.4;35206;Free;0
Hide App;DATING;4.4;35205;Free;0
Hide App;GAME;3.8;4719;Free;0
Hide N Seek : Mini Game;SOCIAL;4.6;225103;Free;0
Hide Something - Photo;TOOLS;4.1;88675;Free;0
Hideman VPN;MEDICAL;3.8;4;Free;0
High Blood Pressure;MEDICAL;4;531;Free;0
High Blood Pressure Symptoms;MEDICAL;4.3;46;Free;0
High Blood Pressure Symptoms;MEDICAL;NaN;0;Free;0
high cholesterol levels;FAMILY;4.2;123136;Free;0
High School Simulator 2017;TOOLS;4.5;429580;Free;0
High-Powered Flashlight;PHOTOGRAPHY;4.1;78140;Free;0
High-Speed Camera (GIF);GAME;4.4;8923587;Free;0
Hill Climb Racing;GAME;4.4;8923818;Free;0
Hill Climb Racing;GAME;4.4;8923847;Free;0
Hill Climb Racing;GAME;4.4;8921451;Free;0
Hill Climb Racing;GAME;4.6;2750410;Free;0
Hill Climb Racing 2;GAME;4.6;2750645;Free;0
Hill Climb Racing 2;MEDICAL;NaN;0;Free;0
Hilltop AH;SHOPPING;NaN;5;Free;0
Hilverda De Boer B.V. App;DATING;4.1;2556;Free;0
Hily: Dating;DATING;4.1;2556;Free;0
Hily: Dating;DATING;4.1;2560;Free;0
Hily: Dating;DATING;4.2;7779;Free;0
Hinge: Dating & Relationships;DATING;4.2;7779;Free;0
Hinge: Dating & Relationships;COMMUNICATION;4.1;1035;Free;0
HipChat - beta version;BUSINESS;3.8;5868;Free;0
HipChat - Chat Built for Teams;BUSINESS;3.8;5868;Free;0
HipChat - Chat Built for Teams;TRAVEL_AND_LOCAL;4.3;16734;Free;0
Hipmunk Hotels & Flights;TOOLS;2.2;32;Free;0
Hi-Smart AC;BOOKS_AND_REFERENCE;4.6;3234;Free;0
Hisnul Al Muslim - Hisn Invocations & Adhkaar;ENTERTAINMENT;4.1;33387;Free;0
HISTORY: Watch TV Show Full Episodes & Specials;ENTERTAINMENT;4.1;33387;Free;0
HISTORY: Watch TV Show Full Episodes & Specials;ENTERTAINMENT;4.1;33387;Free;0
HISTORY: Watch TV Show Full Episodes & Specials;FAMILY;4.6;84114;Paid;0,99
Hitman GO;GAME;4.6;408292;Paid;0,99
Hitman Sniper;DATING;4.2;243950;Free;0
Hitwe - meet people and chat;COMMUNICATION;4.4;177703;Free;0
Hiya - Caller ID & Block;PERSONALIZATION;4.6;621;Free;0
H-Kakashi - theme Xperia™;COMMUNICATION;NaN;0;Free;0
Hlášenírozhlasu.cz;COMICS;5;15;Free;0
Hojiboy Tojiboyev Life Hacks;PERSONALIZATION;4.5;3277209;Free;0
Hola Launcher- Theme;GAME;4.2;145353;Free;0
Hole.io;SPORTS;4.4;6106;Free;0
Hole19: Golf GPS App;SPORTS;4.4;6106;Free;0
Hole19: Golf GPS App;LIFESTYLE;4.7;12;Free;0
Holl & Co Barbers;SOCIAL;4.6;216513;Free;0
HOLLA Live: Meet New People via Random Video Chat;FAMILY;4.2;233588;Free;0
Hollywood U: Rising Stars;TOOLS;4.1;7;Free;0
HOLSTON EC;FAMILY;4;26202;Free;0
Holy Knight EN;LIFESTYLE;NaN;649;Free;0
Holy Quran Mehmet Emin Ay;SHOPPING;4.2;42750;Free;0
Home & Shopping - Only in apps. 10% off + 10% off;HOUSE_AND_HOME;4.3;273;Free;0
Home Decor Showpiece Art making: Medium Difficulty;FAMILY;4;17543;Free;0
Home Decoration Game;FAMILY;4;20977;Free;0
Home Pony 2;HEALTH_AND_FITNESS;NaN;0;Free;0
Home Remedies for Bacterial Infections;LIFESTYLE;4.3;1533;Free;0
Home Scouting® MLS Mobile;HOUSE_AND_HOME;4.3;43800;Free;0
Home Security Camera WardenCam - reuse old phones;HOUSE_AND_HOME;4.3;43847;Free;0
Home Security Camera WardenCam - reuse old phones;HOUSE_AND_HOME;NaN;10;Free;0
Home tips and advice;HEALTH_AND_FITNESS;4.8;428156;Free;0
Home Workout - No Equipment;HEALTH_AND_FITNESS;4.8;432160;Free;0
Home Workout - No Equipment;HEALTH_AND_FITNESS;4.8;12705;Free;0
Home Workout for Men - Bodybuilding;HEALTH_AND_FITNESS;4.3;4848;Free;0
Home workouts - fat burning;TRAVEL_AND_LOCAL;4.3;30403;Free;0
HomeAway Vacation Rentals;HOUSE_AND_HOME;4.2;2543;Free;0
homegate.ch;MEDICAL;3.6;10;Free;0
Homeopathic Medicine Finder;HOUSE_AND_HOME;4;6000;Free;0
Homes.com 🏠 For Sale;GAME;4.6;3093358;Free;0
Homescapes;GAME;4.6;3093932;Free;0
Homescapes;HOUSE_AND_HOME;4.3;3834;Free;0
Homesnap Real Estate & Rentals;LIFESTYLE;4.1;78298;Free;0
Homestyler Interior Design & Decorating Ideas;EDUCATION;4.3;16195;Free;0
HomeWork;EDUCATION;4;2525;Free;0
Homework Planner;FAMILY;5;3;Free;0
HON. B.J. ACS COLLEGE ALE;TOOLS;2.8;44;Free;0
HondaLink EV;MAPS_AND_NAVIGATION;4.3;334;Free;0
Hondata Mobile;GAME;4.7;59017;Free;0
Honkai Impact 3rd;GAME;4.7;59017;Free;0
Honkai Impact 3rd;GAME;4.2;250197;Free;0
Hopeless Land: Fight for Survival;TRAVEL_AND_LOCAL;4.4;52029;Free;0
Hopper - Watch & Book Flights;TRAVEL_AND_LOCAL;4.4;52028;Free;0
Hopper - Watch & Book Flights;SHOPPING;4.5;37186;Free;0
Horn;SOCIAL;4;163679;Free;0
Hornet - Gay Social Network;LIFESTYLE;4.6;161143;Free;0
Horoscopes – Daily Zodiac Horoscope and Astrology;GAME;3.7;63986;Free;0
Horror Hospital;PERSONALIZATION;4.2;28806;Free;0
Horses Live Wallpaper;FAMILY;3.8;1652;Free;0
Hospital ER Emergency Heart Surgery: Doctor Games;MEDICAL;4.8;12;Paid;19,99
Hospitalist Handbook;MEDICAL;4.8;12;Paid;19,99
Hospitalist Handbook;TRAVEL_AND_LOCAL;4.4;17878;Free;0
Hostelworld: Hostels & Cheap Hotels Travel App;TRAVEL_AND_LOCAL;4.4;17878;Free;0
Hostelworld: Hostels & Cheap Hotels Travel App;FAMILY;4.4;447;Free;0
Hot Bhojpuri Video Song 2018 - Free Movies;FAMILY;4.1;28892;Free;0
Hot Bhojpuri Video songs;DATING;4.1;305708;Free;0
Hot or Not - Find someone right now;DATING;4.1;305708;Free;0
Hot or Not - Find someone right now;DATING;4.1;305737;Free;0
Hot or Not - Find someone right now;FAMILY;4.5;520609;Free;0
Hot Wheels: Race Off;FAMILY;4.5;520654;Free;0
Hot Wheels: Race Off;TRAVEL_AND_LOCAL;4.2;1609;Free;0
HOTEL DEALS;GAME;4.2;3816;Free;0
Hotel Insanity;TRAVEL_AND_LOCAL;4.1;17202;Free;0
Hotels Combined - Cheap deals;TRAVEL_AND_LOCAL;4.5;260121;Free;0
Hotels.com: Book Hotel Rooms & Find Vacation Deals;TRAVEL_AND_LOCAL;4.5;260133;Free;0
Hotels.com: Book Hotel Rooms & Find Vacation Deals;TRAVEL_AND_LOCAL;4.4;57573;Free;0
HotelTonight: Book amazing deals at great hotels;TRAVEL_AND_LOCAL;4.4;57573;Free;0
HotelTonight: Book amazing deals at great hotels;TRAVEL_AND_LOCAL;4.4;57556;Free;0
HotelTonight: Book amazing deals at great hotels;TOOLS;4.2;1116393;Free;0
Hotspot Shield Free VPN Proxy & Wi-Fi Security;TOOLS;3.9;478;Free;0
HotSpot Tethering Free/WiFi AP;ENTERTAINMENT;4.3;4885646;Free;0
Hotstar;TRAVEL_AND_LOCAL;4.3;10323;Free;0
Hotwire Hotel & Car Rental App;LIFESTYLE;4.4;33;Free;0
Houlihan Lawrence;HOUSE_AND_HOME;4.6;2669;Free;0
House app: beautiful everyday ~;DATING;1;1;Free;0
House party - live chat;LIFESTYLE;4.1;28301;Free;0
Housing-Real Estate & Property;HOUSE_AND_HOME;4.6;353799;Free;0
Houzz Interior Design Ideas;HOUSE_AND_HOME;4.6;353800;Free;0
Houzz Interior Design Ideas;HOUSE_AND_HOME;4.6;353813;Free;0
Houzz Interior Design Ideas;HOUSE_AND_HOME;4.6;353813;Free;0
Houzz Interior Design Ideas;SPORTS;4;218;Free;0
Hovercraft Racer;PARENTING;NaN;34;Free;0
How do I care about my child?;PHOTOGRAPHY;2.7;3032;Free;0
How Do I Look;PARENTING;4.8;190;Free;0
How do I take care of my child?;FAMILY;4.4;1031;Free;0
How it works: AK-74N;FAMILY;4.6;44;Free;0
How it Works: FN SCAR assault rifle;FAMILY;2.8;4635;Free;0
How Old am I?;DATING;NaN;0;Free;0
HOW TO ASK A GIRL OUT;ART_AND_DESIGN;4;591;Free;0
How To Color Disney Princess - Coloring Pages;ART_AND_DESIGN;4.3;845;Free;0
How To Draw Food;ART_AND_DESIGN;3.8;564;Free;0
How to draw Ladybug and Cat Noir;LIFESTYLE;4;22;Free;0
How To Get Your Ex Back Fast;LIBRARIES_AND_DEMO;NaN;110;Free;0
How to sew & make the easiest pattern;BUSINESS;4.1;489;Free;0
HOW TO WRITE A CV;BOOKS_AND_REFERENCE;4.6;244;Free;0
How to Write CV;GAME;3.9;1290;Free;0
How well do you know me?;DATING;3.9;105;Free;0
Howlr;DATING;3.9;105;Free;0
Howlr;HEALTH_AND_FITNESS;2.9;1786;Free;0
HPlus;BUSINESS;NaN;0;Free;0
HR Team CQ Region Ed Qld;TRAVEL_AND_LOCAL;3.3;256;Free;0
HSL - Tickets;TOOLS;4.3;99290;Free;0
HSPA+ Tweaker (3G booster);PRODUCTIVITY;3.9;6949;Free;0
HTC Calendar;PRODUCTIVITY;4.2;13500;Free;0
HTC File Manager;VIDEO_PLAYERS;4.1;45744;Free;0
HTC Gallery;BOOKS_AND_REFERENCE;4.2;8342;Free;0
HTC Help;TOOLS;4.1;28250;Free;0
HTC Lock Screen;PRODUCTIVITY;3.1;6572;Free;0
HTC Mail;TOOLS;3.4;17030;Free;0
HTC Sense Input;TOOLS;3.3;218;Free;0
HTC Sense Input - BG;TOOLS;4.3;87;Free;0
HTC Sense Input - CZ;TOOLS;4.3;24175;Free;0
HTC Sense Input - EN;TOOLS;4.3;3509;Free;0
HTC Sense Input - ES;TOOLS;4.6;1420;Free;0
HTC Sense Input - FA;TOOLS;4;885;Free;0
HTC Sense Input - FR;TOOLS;3.8;1420;Free;0
HTC Sense Input-AR;TOOLS;2.7;198;Free;0
HTC Sense Input-BG;TOOLS;3.1;124;Free;0
HTC Sense Input-CA;TOOLS;3.6;59;Free;0
HTC Sense Input-LV;VIDEO_PLAYERS;3.9;3484;Free;0
HTC Service － DLNA;VIDEO_PLAYERS;4.2;6449;Free;0
HTC Service—Video Player;SOCIAL;3.6;13223;Free;0
HTC Social Plugin - Facebook;LIFESTYLE;3.5;6145;Free;0
HTC Speak;TOOLS;4.3;40907;Free;0
HTC Transfer Tool;WEATHER;3.9;22154;Free;0
HTC Weather;NEWS_AND_MAGAZINES;4.2;78154;Free;0
HuffPost - News;PHOTOGRAPHY;4.4;40289;Free;0
Huji Cam;FAMILY;4;319777;Free;0
Hulu: Stream TV;ENTERTAINMENT;4;319692;Free;0
Hulu: Stream TV;ENTERTAINMENT;4;319691;Free;0
Hulu: Stream TV;ENTERTAINMENT;4;319691;Free;0
Hulu: Stream TV;MAPS_AND_NAVIGATION;4.4;10218;Free;0
hum app;SOCIAL;5;2;Free;0
Hum Ek Hain 2.02;MEDICAL;4.5;2921;Paid;24,99
Human Anatomy Atlas 2018: Complete 3D Human Body;MEDICAL;4.5;2921;Paid;24,99
Human Anatomy Atlas 2018: Complete 3D Human Body;MEDICAL;4.5;2923;Paid;24,99
Human Anatomy Atlas 2018: Complete 3D Human Body;MEDICAL;4.8;6;Free;0
Human Dx;WEATHER;4.4;6495;Free;0
HumorCast - Authentic Weather;FOOD_AND_DRINK;3.8;22513;Free;0
HungerStation;HEALTH_AND_FITNESS;2.2;4;Free;0
Hungry Girl Diet Bk. Companion;FAMILY;4.9;46253;Free;0
Hungry Hearts Diner: A Tale of Star-Crossed Souls;GAME;4.5;6074334;Free;0
Hungry Shark Evolution;GAME;4.5;6074627;Free;0
Hungry Shark Evolution;GAME;4.5;6071542;Free;0
Hungry Shark Evolution;GAME;4.5;1242855;Free;0
Hungry Shark World;GAME;4.5;1243017;Free;0
Hungry Shark World;SPORTS;4.4;172;Paid;2,99
Hunt Buddy BC;SPORTS;4.2;36183;Free;0
Hunting Safari 3D;FINANCE;4.2;11264;Free;0
Huntington Mobile;FINANCE;4.6;3596;Free;0
Hurdlr: Track Mileage;BEAUTY;4.7;18900;Free;0
Hush - Beauty for Everyone;GAME;4.7;584126;Free;0
Hustle Castle: Fantasy Kingdom;BOOKS_AND_REFERENCE;4.4;1877;Free;0
Hymnes et Louanges;MEDICAL;3.8;292;Free;0
Hypertension Hi blood pressure;MEDICAL;3.8;292;Free;0
Hypertension High blood pressure;PHOTOGRAPHY;4.5;12572;Free;0
Hypocam;COMMUNICATION;NaN;0;Free;0
Hyundai CX Conference;GAME;4;630;Paid;4,99
I am Bread;HEALTH_AND_FITNESS;4.6;28;Free;0
I AM C.T.;FAMILY;4.3;7443;Free;0
I am Dentist - Save my Teeth;PHOTOGRAPHY;5;1;Free;0
i am EB;LIFESTYLE;2.9;41;Paid;379,99
I am extremely Rich;GAME;4.4;208501;Free;0
I Am Innocent;LIFESTYLE;3.6;126;Paid;2,49
I am Millionaire - Richest guy in the town;FAMILY;4.2;3133;Free;0
I am Nose Doctor -Save my Nose;BUSINESS;3.9;213;Free;0
i am rich;FAMILY;3.9;1455;Free;0
I AM RICH;FAMILY;3.6;217;Paid;389,99
I Am Rich;FINANCE;4.3;180;Paid;399,99
I am Rich;LIFESTYLE;3.8;3547;Paid;399,99
I am rich;FINANCE;4.1;129;Paid;399,99
I am rich (Most expensive app);LIFESTYLE;4.2;134;Paid;37,99
I am Rich Person;FAMILY;4;856;Paid;399,99
I am Rich Plus;FINANCE;4.1;1867;Paid;399,99
I Am Rich Premium;FINANCE;4.6;459;Paid;18,99
I am Rich Premium Plus;FAMILY;4.4;201;Paid;399,99
I Am Rich Pro;FINANCE;4;36;Paid;399,99
I AM RICH PRO PLUS;LIFESTYLE;3.8;411;Paid;299,99
I am rich VIP;FINANCE;3.8;93;Paid;399,99
I am Rich!;FINANCE;3.5;472;Paid;399,99
I am rich(premium);FAMILY;4.2;1493;Free;0
I Am Wizard;TOOLS;4.7;963;Paid;2,99
I Can't Wake Up!;TOOLS;4.5;70404;Free;0
I Can't Wake Up! Alarm Clock;ART_AND_DESIGN;4.7;353;Free;0
I Creative Idea;SPORTS;NaN;27;Free;0
i DT Fútbol. Todos Somos Técnicos.;GAME;4.2;214923;Free;0
I Know Stuff;FAMILY;4;83875;Free;0
I LOVE PASTA;PERSONALIZATION;4.6;655;Free;0
I Love U Theme&Emoji Keyboard;DATING;NaN;0;Free;0
i miss you quotes and photos;TOOLS;4.1;8137;Free;0
I Screen Dialer;LIBRARIES_AND_DEMO;NaN;91;Free;0
I will return his eggs;HEALTH_AND_FITNESS;4.6;71269;Free;0
I’m Expecting - Pregnancy App;HEALTH_AND_FITNESS;4.6;71266;Free;0
I’m Expecting - Pregnancy App;ART_AND_DESIGN;4.6;224399;Free;0
ibis Paint X;FINANCE;NaN;38;Free;0
iBiznes24 mobile;MEDICAL;3.8;206;Paid;2,99
IBM Micromedex Drug Info;MEDICAL;3.8;206;Paid;2,99
IBM Micromedex Drug Info;SHOPPING;4.5;315908;Free;0
Ibotta: Cash Back Savings;SHOPPING;4.5;315908;Free;0
Ibotta: Cash Back Savings;MEDICAL;4.4;578;Paid;0,99
iBP Blood Pressure;MEDICAL;4.4;578;Paid;0,99
iBP Blood Pressure;TOOLS;3.7;770;Paid;4,99
iCam - Webcam Video Streaming;SOCIAL;5;2;Free;0
iCard BD Plus;FAMILY;4.2;141363;Free;0
Ice Cream Jump;FAMILY;4.4;31;Paid;0,99
Ice Crush 10.000 B.C.;GAME;4.6;15403;Free;0
Ice Crush 2018 - A new Puzzle Matching Adventure;COMMUNICATION;NaN;0;Paid;0,99
iCluster - The DX-Cluster database;PERSONALIZATION;4.3;595120;Free;0
icon wallpaper dressup💞CocoPPa;COMMUNICATION;4.4;697939;Free;0
ICQ — Video Calls & Chat Messenger;DATING;3.4;13890;Free;0
iDates - Chats;HEALTH_AND_FITNESS;4.2;112384;Free;0
Ideal Weight;GAME;4.2;109263;Free;0
Identity V;FAMILY;4.7;417197;Free;0
Idle Heroes;GAME;4.7;416540;Free;0
Idle Heroes;PRODUCTIVITY;4.3;1905;Free;0
IDM for Facebook ★ Downloader;PRODUCTIVITY;3.9;1322;Free;0
IDM Internet Download Manager;FAMILY;NaN;3;Paid;1,26
IF YOU TO EU PEGO;SPORTS;3.6;25;Paid;3,99
iFish BC;MEDICAL;NaN;3;Free;0
iFORA BM;MEDICAL;3.4;18;Free;0
iFORA BP;PRODUCTIVITY;4.3;117255;Free;0
IFTTT;FAMILY;4.4;503757;Free;0
iFunny :);FAMILY;4.5;93;Free;0
Igitabo cy'Indirimbo;GAME;4.2;249308;Free;0
iGun Pro -The Original Gun App;TRAVEL_AND_LOCAL;4.3;18622;Free;0
IHG®: Hotel Deals & Rewards;FOOD_AND_DRINK;4.2;441;Free;0
IHOP®;LIFESTYLE;4.5;398307;Free;0
iHoroscope - 2018 Daily Horoscope & Astrology;MEDICAL;4.7;10;Free;0
IHSS Help;SPORTS;4.4;55;Paid;4,49
iHunter BC;PRODUCTIVITY;4.6;6320;Free;0
Ike - To-Do List;SHOPPING;3.4;25515;Free;0
IKEA Store;PERSONALIZATION;4.5;624924;Free;0
iKeyboard - emoji;FINANCE;4.7;167168;Free;0
IKO;FAMILY;NaN;22;Free;0
IKORO FH App Rosenheim;FAMILY;3.4;17;Free;0
Il Coccodrillo Come Fa;PERSONALIZATION;NaN;3;Paid;2,99
iLauncher OS 12 Pro - Phone X;PERSONALIZATION;4.3;1714;Free;0
iLocker X - iOS11 Lockscreen with HD Wallpapers;SPORTS;4.4;29864;Free;0
I'm Ping Pong King :);LIFESTYLE;3.6;275;Paid;400
I'm Rich - Trump Edition;LIFESTYLE;NaN;0;Paid;399,99
I'm Rich/Eu sou Rico/أنا غني/我很有錢;TOOLS;4.3;81668;Free;0
Image 2 Wallpaper;ENTERTAINMENT;4.2;501498;Free;0
IMDb Movies & TV;ENTERTAINMENT;4.2;501497;Free;0
IMDb Movies & TV;ENTERTAINMENT;4.2;501498;Free;0
IMDb Movies & TV;VIDEO_PLAYERS;4.2;104551;Free;0
iMediaShare – Photos & Music;ENTERTAINMENT;4.3;160164;Free;0
Imgur: Find funny GIFs;COMMUNICATION;4.3;659395;Free;0
imo beta free calls and text;COMMUNICATION;4.3;659395;Free;0
imo beta free calls and text;COMMUNICATION;4.3;4785892;Free;0
imo free video calls and chat;COMMUNICATION;4.3;4785988;Free;0
imo free video calls and chat;COMMUNICATION;4.3;4785988;Free;0
imo free video calls and chat;COMMUNICATION;4.3;4785892;Free;0
imo free video calls and chat;SPORTS;NaN;9;Free;0
Imperium CF;TOOLS;NaN;0;Free;0
In to cm;COMMUNICATION;3.7;98;Free;0
Inbox.eu;COMMUNICATION;4.2;27156;Free;0
InBrowser - Incognito Browsing;PRODUCTIVITY;4;319;Free;0
Inch/cm/Foot Conversion;TOOLS;3.6;949;Free;0
Inches to Centimeters;TOOLS;4.4;29;Free;0
Inches to cm conversion;BUSINESS;4.3;674730;Free;0
Indeed Job Search;BUSINESS;4.5;207372;Free;0
IndiaMART: Search Products;TRAVEL_AND_LOCAL;4;48082;Free;0
IndiGo;TOOLS;4.7;61445;Free;0
Inf VPN - Global Proxy & Unlimited Free WIFI VPN;FAMILY;4.1;2167;Free;0
INFAMY RO;MEDICAL;2.6;41;Paid;9,99
InfantRisk Center HCP;ART_AND_DESIGN;4.1;36815;Free;0
Infinite Painter;FAMILY;4.3;21804;Paid;0,99
Infinity Dungeon VIP;MEDICAL;4.7;125;Free;0
infirmiers;WEATHER;4.3;21404;Free;0
Info BMKG;FINANCE;4.4;39041;Free;0
ING Banking;GAME;4.3;391325;Free;0
Ingress;GAME;4.3;504765;Free;0
Injustice 2;GAME;4.4;2440877;Free;0
Injustice: Gods Among Us;EDUCATION;4.5;14206;Free;0
Innovative: Learn 34 Languages;PRODUCTIVITY;4.2;1117;Free;0
Inputting Plus: Ctrl + Z/F/C/V;AUTO_AND_VEHICLES;4.4;2680;Free;0
Inquiry Fines and Debits of Vehicles;PHOTOGRAPHY;4.3;46242;Free;0
Insave-Download for Instagram;FAMILY;4.4;623398;Free;0
Inside Out Thought Bubbles;FAMILY;4.4;623398;Free;0
Inside Out Thought Bubbles;HEALTH_AND_FITNESS;4.6;20161;Free;0
Insight Timer - Free Meditation App;BUSINESS;3.8;1383;Free;0
Insightly CRM;BUSINESS;3.8;1383;Free;0
Insightly CRM;VIDEO_PLAYERS;4.6;148715;Free;0
Inst Download - Video & Photo;PHOTOGRAPHY;3.7;42;Free;0
Insta Square Profile DP;PHOTOGRAPHY;4.3;654419;Free;0
InstaBeauty -Makeup Selfie Cam;PHOTOGRAPHY;4.3;654418;Free;0
InstaBeauty -Makeup Selfie Cam;TOOLS;4.4;211308;Free;0
Instabridge - Free WiFi Passwords and Hotspots;PHOTOGRAPHY;4;15098;Free;0
InstaCam - Camera for Selfie;FOOD_AND_DRINK;4.4;17071;Free;0
Instacart: Grocery Delivery;SOCIAL;4;80987;Free;0
Instachat 😜;SOCIAL;4.5;66577313;Free;0
Instagram;SOCIAL;4.5;66577446;Free;0
Instagram;SOCIAL;4.5;66577313;Free;0
Instagram;SOCIAL;4.5;66509917;Free;0
Instagram;ART_AND_DESIGN;4.6;1070;Free;0
Install images with music to make video without Net - 2018;FAMILY;4;13;Free;0
Instant Ba-dum-tss;FAMILY;4.5;157322;Free;0
Instant Buttons: The Best Soundboard;SOCIAL;4.7;38;Free;0
Instant DP Downloader for Instagram;PHOTOGRAPHY;4.3;811693;Free;0
InstaSize Photo Filters & Collage Editor;PHOTOGRAPHY;4.3;811714;Free;0
InstaSize Photo Filters & Collage Editor;FAMILY;4.3;160;Free;0
Intellijoy Early Learning Academy;FAMILY;4.8;53;Free;0
INTERACTIVE CALCULUS FOR MATHS AND PHYSICS;FAMILY;NaN;0;Paid;0,99
INTERACTIVE CALCULUS PRO;MEDICAL;3.8;534;Free;0
Interactive CT & MRI Anat.Lite;MEDICAL;3.4;35;Paid;15,46
Interactive CT and MRI Anatomy;FAMILY;2.8;5;Paid;0,99
Interactive NPC DM Tool;NEWS_AND_MAGAZINES;NaN;1;Free;0
INTERKINOIS.CD;TOOLS;4.5;410303;Free;0
Internet Speed Meter Lite;MEDICAL;4.6;5;Free;0
Interpret Chest X-Ray With 100 Cases;DATING;3.6;143;Free;0
Interracial Match Dating App;DATING;3.4;212;Free;0
InterracialCupid - Interracial Dating App;FINANCE;3.6;35518;Free;0
Intesa Sanpaolo Mobile;FINANCE;NaN;1;Free;0
Intra- and extra-EU trade data;GAME;NaN;7;Free;0
Invasion: Defend EU;FAMILY;4.5;13;Free;0
Invasive Alien Species Europe;PRODUCTIVITY;4.6;1880;Paid;1,49
Inventory & Barcode scanner & WIFI scanner;ENTERTAINMENT;4.5;12216;Free;0
Investigation Discovery GO;BUSINESS;4.6;5800;Free;0
Invoice & Time Tracking - Zoho;BUSINESS;4.6;5800;Free;0
Invoice & Time Tracking - Zoho;BUSINESS;4.2;16422;Free;0
Invoice 2go — Professional Invoices and Estimates;BUSINESS;4.2;16422;Free;0
Invoice 2go — Professional Invoices and Estimates;FINANCE;3.2;124;Free;0
Inwestor mobile;TOOLS;3.4;5;Free;0
iOBD2-CF;PRODUCTIVITY;NaN;7;Free;0
IP address BW;DATING;4.5;182986;Free;0
iPair-Meet;DATING;4.5;182986;Free;0
iPair-Meet;VIDEO_PLAYERS;4.3;5879;Free;0
iPlayIT for YouTube VR Player;HOUSE_AND_HOME;4.2;809;Free;0
iProperty Malaysia;BEAUTY;4.9;49790;Free;0
ipsy: Makeup;PRODUCTIVITY;4.2;1623;Free;0
IQ Test;VIDEO_PLAYERS;3.6;12764;Free;0
Iqiyi (for tablet);DATING;NaN;14;Free;0
Iraq love chat;PRODUCTIVITY;5;8;Free;0
iReadMe;TRAVEL_AND_LOCAL;4.7;57;Free;0
IRIS : Customer Service - DZ Algeria;GAME;4.4;161637;Free;0
Iron Blade;BUSINESS;4.8;492;Free;0
IRS W-9 form;FAMILY;2.9;10;Paid;4,99
iScore5 AP Psych;SOCIAL;NaN;2;Free;0
i-share AF/KLM (AFKL ishare);VIDEO_PLAYERS;3.6;5692;Free;0
iSmart DV;GAME;3.8;35572;Free;0
iSniper 3D Arctic Warfare;NEWS_AND_MAGAZINES;4.4;74425;Free;0
issuu - Read Magazines;TOOLS;4.7;58366;Free;0
iSwipe Phone X;FINANCE;4.2;957973;Free;0
Itau bank;FAMILY;4.3;1018;Free;0
iTooch Mathématiques CP;PRODUCTIVITY;4.3;201718;Free;0
iTranslate Translator & Dictionary;PARENTING;4.4;1528;Free;0
It's open.;TOOLS;4.2;242;Free;0
IV Calc CP Calculator Toolkit;GAME;4.6;132282;Free;0
IV Go（get IV for Pokemon）;BUSINESS;NaN;1;Free;0
Ivanti AE Agent;ENTERTAINMENT;4.5;684116;Free;0
ivi - movies and TV shows in HD;TOOLS;3.2;2394;Free;0
iWnn IME for Nexus;MAPS_AND_NAVIGATION;4.2;11838;Free;0
ixigo Cabs-Compare & Book Taxi;COMMUNICATION;4.6;649;Free;0
IZ2UUF Morse Koch CW;COMICS;3.3;1476;Free;0
Izneo;HEALTH_AND_FITNESS;2.3;74;Free;0
J - Style Pro;COMMUNICATION;NaN;2;Paid;1,99
J Alvarej Moji;GAME;NaN;6;Free;0
J Balvin Piano Tiles;PERSONALIZATION;4.5;164;Free;0
J Dark Ice Substratum Theme;TOOLS;4.6;2176;Free;0
J Touch;FAMILY;4.6;7;Free;0
J. Cole Albums (2007-2017);PERSONALIZATION;4.1;8;Free;0
J. Cole Rapper Wallpaper HD;PRODUCTIVITY;NaN;0;Free;0
J. Polep Plus Mobile;FAMILY;3.9;28;Free;0
J.ME Fly;TOOLS;5;3;Free;0
Jabbla BT;SHOPPING;4.1;367290;Free;0
Jabong Online Shopping App;SHOPPING;4;13085;Free;0
JackThreads: Men's Shopping;SHOPPING;4;13085;Free;0
JackThreads: Men's Shopping;SHOPPING;4;13085;Free;0
JackThreads: Men's Shopping;FAMILY;4.3;39109;Free;0
Jagobd - Bangla TV(Official);NEWS_AND_MAGAZINES;4;17240;Free;0
JailBase - Arrests + Mugshots;TRAVEL_AND_LOCAL;3.4;2277;Free;0
JAL (Domestic and international flights);SOCIAL;4.7;3873;Free;0
Jamaa Amino for Animal Jam;EDUCATION;3.9;61;Free;0
Japanese / English one-shop search dictionary - Free Japanese - English - Japanese dictionary application;FAMILY;3.9;253;Free;0
Jarvis artificial intelligent;SOCIAL;4.4;900064;Free;0
Jaumo Dating;SOCIAL;4.4;900064;Free;0
Jaumo Dating;TOOLS;3.8;434;Free;0
Java Editor CR;TOOLS;3.9;114;Free;0
JavaScript Editor CR;LIFESTYLE;4.2;53;Free;0
Jax Sheriff (FL);MEDICAL;NaN;0;Free;0
Jaylex;COMMUNICATION;3.4;49;Free;0
Jazz Wi-Fi;FAMILY;4.4;499;Free;0
Je Parle ANGLAIS - Apprendre l’anglais Audio cours;HEALTH_AND_FITNESS;4.5;60096;Free;0
JEFIT Workout Tracker;FAMILY;2.9;53;Free;0
Jenga® AR;MAPS_AND_NAVIGATION;3.3;3;Paid;9,99
Jeppesen CR Flight Computer;TRAVEL_AND_LOCAL;4.4;24281;Free;0
JetBlue;GAME;4.4;4638163;Free;0
Jetpack Joyride;GAME;4.4;4637439;Free;0
Jetpack Joyride;SPORTS;4.1;7;Paid;3,49
Jetting for Honda CR dirt bike;GAME;4.4;47644;Free;0
Jewels classic Prince;FAMILY;4.4;14774;Free;0
Jewels Crush- Match 3 Puzzle;GAME;4.6;280098;Free;0
Jewels Legend - Match 3 Puzzle;GAME;4.5;21892;Free;0
Jewels Star: OZ adventure;GAME;4.5;21892;Free;0
Jewels Star: OZ adventure;MEDICAL;3.7;9;Free;0
JH Blood Pressure Monitor;MEDICAL;3.7;9;Free;0
JH Blood Pressure Monitor;PERSONALIZATION;NaN;0;Free;0
Jigsaw Puzzles AK 74M;FAMILY;NaN;3;Free;0
Jigsaw Puzzles Bus Scania BF;FAMILY;NaN;0;Free;0
Jigsaw Puzzles FN FAL Light Automatic Rifle;FAMILY;NaN;4;Free;0
Jigsaw Puzzles Volvo FH Truck Game;FAMILY;NaN;3;Free;0
Jigsaw Puzzles Volvo FH Trucks;FAMILY;5;5;Free;0
Jigsaw Volvo FH 16 Trucks;SHOPPING;4.4;25714;Free;0
Jiji.ng;FOOD_AND_DRINK;NaN;3;Free;0
Jimbo's Pit Bar B-Q;SHOPPING;3.3;9189;Free;0
Jingdong - pick good things;NEWS_AND_MAGAZINES;4;146;Free;0
JNews DZ - Algerian Newspapers;FAMILY;3.3;162;Free;0
J-Novel Club;LIFESTYLE;4.6;34782;Free;0
JOANN - Crafts & Coupons;LIFESTYLE;4.6;34802;Free;0
JOANN - Crafts & Coupons;FAMILY;4.2;593;Free;0
Job CV Maker & Portfolio Maker;FAMILY;3.9;139;Free;0
Job CV Maker-Portfolio Maker ;BUSINESS;4.3;10600;Free;0
Job Korea - Career Jobs;BUSINESS;4.8;148945;Free;0
Job Search by ZipRecruiter;BUSINESS;4.1;294;Free;0
Job'Of - Emploi au Cameroun;BUSINESS;4.1;11622;Free;0
Jobs in Alabama - Jobs in Alba;BUSINESS;5;2;Free;0
Jobs in Canada - Emplois au Canada;BUSINESS;4.4;1630;Free;0
JOBS.bg;SOCIAL;4.5;76480;Free;0
Jodel - The Hyperlocal App;MEDICAL;4.7;73;Free;0
Johns Hopkins Guides ABX...;PARENTING;4.5;806;Free;0
Johny Johny Yes Papa Nursery Rhyme - offline Video;PERSONALIZATION;NaN;13;Free;0
Johor DT Lock Screen;SOCIAL;4.7;144;Free;0
Join R;BUSINESS;4;6989;Free;0
join.me - Simple Meetings;BUSINESS;4;6989;Free;0
join.me - Simple Meetings;BUSINESS;4;6989;Free;0
join.me - Simple Meetings;DATING;NaN;0;Free;0
JoJo Siwa Top Hits Music;FAMILY;4.4;152;Free;0
JONACK (D Story Teller);PRODUCTIVITY;4.3;198051;Free;0
Jorte Calendar & Organizer;PRODUCTIVITY;4.6;57904;Free;0
JotterPad - Writer;MEDICAL;4.8;216;Paid;6,99
Journal Club: Medicine;MEDICAL;4.8;216;Paid;6,99
Journal Club: Medicine;LIFESTYLE;4.6;50338;Free;0
Journey - Diary;GAME;4.1;609;Free;0
J-Stars Victory VS Guide;FINANCE;4.6;11066;Free;0
JStock - Stock Market;FAMILY;3.5;339;Free;0
J-UFO;MAPS_AND_NAVIGATION;3.5;106;Free;0
JuiceNet - Smart EV Charging;SHOPPING;4.3;162655;Free;0
Jumia online shopping;GAME;4.1;155;Paid;2,49
Jump'N'Shoot Attack;TRAVEL_AND_LOCAL;NaN;8;Free;0
junainfo.dy.fi;GAME;3.9;2362;Free;0
Jungle book-The Great Escape;GAME;4.3;18985;Free;0
Jungle Marble Blast;GAME;4.4;54082;Free;0
Jungle Monkey Run;FAMILY;4.2;1088;Paid;0,99
Jurassic Life: T Rex Simulator;FAMILY;4.3;308944;Free;0
Jurassic World™ Alive;GAME;4.3;309176;Free;0
Jurassic World™ Alive;FAMILY;4.1;1152;Free;0
Just a Line - Draw Anywhere;GAME;4.2;40847;Free;0
Just A Regular Arcade;GAME;4.2;794058;Free;0
Just Dance Now;DATING;1.9;953;Free;0
Just She - Top Lesbian Dating;DATING;1.9;953;Free;0
Just She - Top Lesbian Dating;DATING;1.9;954;Free;0
Just She - Top Lesbian Dating;COMMUNICATION;4.6;191032;Free;0
JusTalk - Free Video Calls and Fun Video Chat;DATING;4;13440;Free;0
JustDating;GAME;4.3;22333;Free;0
Justice League Action Run;DATING;4.2;5152;Free;0
JustSayHi- Dating App. Chat & Meet Singles Nearby;LIFESTYLE;4.6;69177;Free;0
justWink Greeting Cards;FAMILY;4.6;5227;Free;0
JW Caleb y Sofia;BOOKS_AND_REFERENCE;4.9;922752;Free;0
JW Library;HEALTH_AND_FITNESS;4.1;290;Free;0
K Health;TOOLS;4.8;1955;Free;0
K keyboard - Myanmar;FINANCE;4.4;124424;Free;0
K PLUS;FINANCE;4.4;124324;Free;0
K PLUS;FAMILY;4.8;16;Paid;1,99
K.MOJI;COMMUNICATION;4.1;1760;Free;0
K-@ Mail - Email App;COMMUNICATION;4.2;1603;Paid;4,99
K-@ Mail Pro - Email App;COMMUNICATION;4.2;88427;Free;0
K-9 Mail;COMMUNICATION;4.4;64;Free;0
K-9 Material (unofficial);PERSONALIZATION;4.4;1591;Paid;0,99
Kairo XP (for HD Widgets);TRAVEL_AND_LOCAL;4.1;76779;Free;0
KakaoMap - Map / Navigation;COMMUNICATION;4.3;2546527;Free;0
KakaoTalk: Free Calls & Text;COMMUNICATION;4.3;2546527;Free;0
KakaoTalk: Free Calls & Text;COMMUNICATION;4.3;2546549;Free;0
KakaoTalk: Free Calls & Text;EDUCATION;4.2;6736;Free;0
Kanji test · Han search Kanji training (free version);PRODUCTIVITY;NaN;0;Free;0
K-App Mitarbeiter Galeria Kaufhof;BUSINESS;3.9;45964;Free;0
Kariyer.net;MAPS_AND_NAVIGATION;4.5;53562;Free;0
Karta GPS - Offline Navigation;TOOLS;4.7;2598579;Free;0
Kaspersky Mobile Antivirus: AppLock & Web Security;COMMUNICATION;NaN;1;Free;0
Katalogen.ax;SOCIAL;4.4;540930;Free;0
Kate Mobile for VK;LIFESTYLE;4.3;34327;Free;0
Kawaii Easy Drawing : How to draw Step by Step;MEDICAL;NaN;0;Free;0
Kay AH GA;TRAVEL_AND_LOCAL;4.5;216388;Free;0
KAYAK Flights;TRAVEL_AND_LOCAL;4.5;216388;Free;0
KAYAK Flights;TRAVEL_AND_LOCAL;4.5;216388;Free;0
KAYAK Flights;MEDICAL;5;4;Free;0
KBA-EZ Health Guide;TOOLS;3.7;43;Free;0
K-Chiing VPN (Free);SOCIAL;4.6;4046;Free;0
KDRAMA Amino for K-Drama Fans;PRODUCTIVITY;4.6;122424;Free;0
Keep My Notes - Notepad & Memo;HEALTH_AND_FITNESS;4.7;14810;Free;0
Keep Trainer - Workout Trainer & Fitness Coach;TOOLS;NaN;0;Free;0
KeePass DX;TOOLS;NaN;0;Paid;5,99
KeePass DX Pro;PRODUCTIVITY;4.2;74146;Free;0
Keeper: Free Password Manager & Secure Vault;PHOTOGRAPHY;4.6;1656808;Free;0
Keepsafe Photo Vault: Hide Private Photos & Videos;LIFESTYLE;4.4;13213;Free;0
Keller Williams Real Estate;LIFESTYLE;1.9;71;Free;0
Kenmore Smart AC;FAMILY;NaN;0;Free;0
Kenny e o Cupcake;TOOLS;4.8;12700;Paid;3,49
Kernel Manager for Franco Kernel ✨;SHOPPING;4.1;42871;Free;0
Key Ring: Cards Coupon & Sales;PERSONALIZATION;4.4;55525;Free;0
Keyboard - wallpapers ;PERSONALIZATION;4.1;797;Free;0
Keyboard for Sony Xperia J;TOOLS;4.4;121304;Free;0
Keyboard ManMan;PERSONALIZATION;4.5;248;Free;0
Keyboard Theme Dusk BK Purple;PERSONALIZATION;4.5;75;Free;0
Keyboard Theme Gate Flat BW;TOOLS;4.2;428581;Free;0
Keypad Lock Screen;LIFESTYLE;2.8;1189;Free;0
KFC CZ;EDUCATION;4.6;85375;Free;0
Khan Academy;EDUCATION;4.6;85375;Free;0
Khan Academy;EDUCATION;4.6;85375;Free;0
Khan Academy;BOOKS_AND_REFERENCE;NaN;0;Free;0
Khrifa Hla Bu (Solfa);TOOLS;4.6;7;Free;0
Kiamichi EC;HEALTH_AND_FITNESS;NaN;0;Free;0
Kick Axe Bx;GAME;4.3;1000417;Free;0
Kick the Buddy;GAME;4.3;1000417;Free;0
Kick the Buddy;GAME;4.3;1003269;Free;0
Kick the Buddy;GAME;3.3;294;Free;0
kick the buddy;GAME;4.3;1004709;Free;0
Kick the Buddy;SPORTS;4.3;56270;Free;0
kicker football news;LIFESTYLE;4.1;124;Paid;3,99
Kicker U;LIFESTYLE;4.1;438;Free;0
Kicker U Lite;FAMILY;4.5;64;Free;0
Kiddopia - Preschool Learning Games;ENTERTAINMENT;4.6;732;Free;0
Kidjo TV Kids Have Fun & Learn;FAMILY;4.1;51895;Free;0
Kids Animals Jigsaw Puzzles 😄;FAMILY;4.2;26426;Free;0
Kids A-Z;FAMILY;4.1;38021;Free;0
Kids Balloon Pop Game Free 🎈;FAMILY;4.1;38021;Free;0
Kids Balloon Pop Game Free 🎈;FAMILY;4.5;6404;Free;0
Kids Corner: Interactive Tales and Games for kids;PARENTING;4.1;99;Free;0
Kids Craft Ideas;FAMILY;3.8;515;Free;0
Kids Doctor ER Emergency Rescue Kids Hospital Game;FAMILY;4.5;1455;Free;0
Kids Educational :All in One;FAMILY;4.3;24936;Free;0
Kids Educational Game 3 Free;PARENTING;4.6;349;Free;0
Kids Fang - Infant Videos;EDUCATION;4.4;2078;Free;0
Kids Learn Languages by Mondly;EDUCATION;3.8;2469;Free;0
Kids Mode;ART_AND_DESIGN;4.7;121;Free;0
Kids Paint Free - Drawing Fun;PHOTOGRAPHY;4.6;15700;Free;0
Kids Photo Frames;PARENTING;4.1;559;Free;0
Kids Videos;COMMUNICATION;4.3;2451136;Free;0
Kik;GAME;4.4;579519;Free;0
Kill Shot Bravo: Sniper FPS;FAMILY;NaN;11;Free;0
Kim Bu Youtuber?;GAME;4.3;1017408;Free;0
KIM KARDASHIAN: HOLLYWOOD;MEDICAL;5;5;Free;0
Kimbrough AH;VIDEO_PLAYERS;4.5;1013867;Free;0
KineMaster – Pro Video Editor;FAMILY;3.6;445;Free;0
King Burger Dash;FAMILY;4.2;306652;Free;0
King of Avalon: Dragon Warfare;FAMILY;4;4;Free;0
King of B.S.;FAMILY;4.4;766;Paid;2,99
King of Math;FAMILY;4.3;5623;Free;0
Kingdom in Chaos;FAMILY;4.3;34898;Free;0
Kingdoms at War: Hardcore PVP;BOOKS_AND_REFERENCE;4.4;98;Free;0
Kinot & Eichah for Tisha B'Av;LIFESTYLE;4.5;82;Free;0
Kinot Tisha'a Be'av - Ashkenaz;NEWS_AND_MAGAZINES;NaN;55;Free;0
Kiosko BS;TRAVEL_AND_LOCAL;NaN;0;Free;0
Kiosque CD;FAMILY;3.5;191;Free;0
Kiss Me! Lip Kissing Test;FAMILY;4;1469;Free;0
KISW 99.9 FM SEATTLE;HOUSE_AND_HOME;4;515;Free;0
Kitchen Island Ideas;FOOD_AND_DRINK;4.6;22015;Free;0
Kitchen Stories - Recipes & Cooking;WEATHER;4.6;36900;Free;0
Klara weather;WEATHER;3.6;7623;Free;0
Klart.se - Sweden's best weather;NEWS_AND_MAGAZINES;4;3647;Free;0
Klix.ba;TRAVEL_AND_LOCAL;3.7;7705;Free;0
KLM - Royal Dutch Airlines;NEWS_AND_MAGAZINES;3.8;265;Free;0
KMTV 3 News Now;GAME;4.5;461137;Free;0
Knife Hit;GAME;4.5;462614;Free;0
Knife Hit;GAME;3.1;440;Free;0
Knife&Axe Throwing;FAMILY;4.2;254;Free;0
Knightfall™ AR;FAMILY;4.4;148826;Free;0
Knights N Squires;COMMUNICATION;4.6;94;Paid;2,49
Koch Morse Trainer Pro;SHOPPING;4.5;79261;Free;0
Kohl's: Scan;PERSONALIZATION;4.2;290241;Free;0
Koi Free Live Wallpaper;PERSONALIZATION;4.6;14026;Paid;0,99
Koi Live Wallpaper;NEWS_AND_MAGAZINES;5;10;Free;0
Kolkata News:Anandbazar Patrika;BUSINESS;NaN;3;Free;0
Konferencija.eu;BOOKS_AND_REFERENCE;4.8;29551;Free;0
Koran Read &MP3 30 Juz Offline;GAME;4.7;703;Free;0
Korean Dungeon: K-Word 1000;FAMILY;4.4;634;Free;0
Korean English Translator;FAMILY;4.9;55;Free;0
K-Otic Universe;BUSINESS;NaN;17;Free;0
Kovax Europe B.V.;SOCIAL;4.8;19047;Free;0
KPOP Amino for K-Pop Entertainment;FAMILY;4;369;Free;0
K-pop Music;FAMILY;4.2;6418;Free;0
Kpop Music Quiz (K-pop Game);FAMILY;4.9;37;Free;0
KPS CHAUHAN DY/DX;TOOLS;4;9;Free;0
K-Rain BL;SHOPPING;4.7;10318;Free;0
Krazy Coupon Lady;BOOKS_AND_REFERENCE;4.8;238;Free;0
Kristian Hla Bu;SHOPPING;4.3;38961;Free;0
Kroger;PERSONALIZATION;4.3;1098;Free;0
Kromium BW Theme for NEXT;PRODUCTIVITY;4.6;38;Free;0
Krypton by krypt.co;FAMILY;4.8;39;Free;0
K-Spapp;FINANCE;3.8;42644;Free;0
KTB Netbank;EVENTS;4.4;4298;Free;0
KudaGo - things to do in NY;GAME;4;271214;Free;0
Kung Fu Do Fighting;NEWS_AND_MAGAZINES;4.2;40167;Free;0
Kurio - Read the Latest News;PHOTOGRAPHY;4.1;23440;Free;0
KVAD Camera +: Selfie;AUTO_AND_VEHICLES;4.3;47;Free;0
Kymco AK 550;HEALTH_AND_FITNESS;NaN;2;Free;0
L!FE Premium Training;GAME;4.2;3946;Free;0
L.A. Crime Stories 2 Mad City Crime;GAME;4;30008;Free;0
L.A. Crime Stories Mad City Crime;FAMILY;4.3;10088;Free;0
L.O.L. Surprise Ball Pop;LIFESTYLE;4;45224;Free;0
L.POINT - 엘포인트 [ 포인트;BOOKS_AND_REFERENCE;4.5;314;Free;0
La citadelle du musulman;BOOKS_AND_REFERENCE;NaN;10;Free;0
La Fe de Jesús;BOOKS_AND_REFERENCE;NaN;8;Free;0
La Fe de Jesus;SHOPPING;4.5;5123;Free;0
La La-Shop Designer Brands Street;SPORTS;4.5;180938;Free;0
La Liga - Spanish Soccer League Official;FAMILY;4.4;265;Free;0
La Poupée du Voyant;GAME;4.2;17453;Free;0
LA Stories 4 New Order Sandbox 2018;NEWS_AND_MAGAZINES;3.6;3311;Free;0
LA Times: Your California News;MEDICAL;4.5;133;Paid;2,99
Lab Values + Medical Reference;MEDICAL;3.6;27;Free;0
LabCorp | Patient;MEDICAL;5;1;Free;0
Labs on Demand;MEDICAL;4.3;573;Free;0
LactMed;HEALTH_AND_FITNESS;4;12906;Free;0
Ladies' Ab Workout FREE;BEAUTY;NaN;30;Free;0
Lady adviser (beauty;COMICS;4.6;4895;Free;0
Laftel - Watching and Announcing Snooping;FINANCE;4;732;Free;0
Lake Michigan CU Mobile;LIFESTYLE;5;3;Free;0
Lakeside AG Moultrie;SHOPPING;4.4;61392;Free;0
Lalafo Pulsuz Elanlar;PHOTOGRAPHY;4.7;50424;Free;0
LALALAB prints your photos;LIBRARIES_AND_DEMO;NaN;5;Free;0
Lamp detector;MEDICAL;NaN;10;Paid;74,99
Language Therapy: Aphasia;FAMILY;4.7;185;Paid;4,99
Lanterns: The Harvest Festival;PHOTOGRAPHY;4.3;12865;Paid;2,99
Lapse It • Time Lapse • Pro;HEALTH_AND_FITNESS;4.1;3405;Free;0
Lark - 24/7 Health Coach;HEALTH_AND_FITNESS;4.1;3405;Free;0
Lark - 24/7 Health Coach;PRODUCTIVITY;3.1;67;Free;0
Larry H Miller Automotive;SPORTS;4.9;10;Free;0
Las Vegas Lights FC;GAME;4.5;2311785;Free;0
Last Day on Earth: Survival;GAME;4.5;2308916;Free;0
Last Day on Earth: Survival;FAMILY;4.2;853495;Free;0
Last Empire - War Z: Strategy;GAME;4.4;93033;Free;0
Last Shelter: Survival;TRAVEL_AND_LOCAL;4.1;2419;Free;0
LateRooms: Find Hotel Deals;HOUSE_AND_HOME;NaN;174;Free;0
Latest 2018 Home Designs;NEWS_AND_MAGAZINES;4.5;104;Free;0
Latest Barcelona News 24h;FAMILY;4.7;19;Free;0
Latest DP and Status Pro 2018;PARENTING;4.6;60;Free;0
Latest Emmanuella Comedy Video;DATING;NaN;0;Free;0
Latin Dating;ENTERTAINMENT;4.3;1856;Free;0
Laugh Out Loud by Kevin Hart;PERSONALIZATION;4.5;102923;Free;0
Launcher;PERSONALIZATION;4.5;13466;Free;0
Launcher Oreo 8.1;PERSONALIZATION;4;649;Free;0
Launcher Theme for LG K10 2018;PERSONALIZATION;4.1;12008;Free;0
Lavender Emoji Keyboard Theme;GAME;4.5;13118;Free;0
Law of Creation: A Playable Manga;SHOPPING;4.2;1573054;Free;0
Lazada - Online Shopping & Deals;NEWS_AND_MAGAZINES;NaN;25;Free;0
Lazionews.eu;EVENTS;4.6;3874;Free;0
LBB - Find New & Unique Things To Do Around You;PHOTOGRAPHY;3;1;Paid;3,49
LC-DB;PHOTOGRAPHY;NaN;0;Free;0
LC-DB-LITE;BOOKS_AND_REFERENCE;NaN;3;Free;0
Le Fe de Jesus;NEWS_AND_MAGAZINES;4.2;83558;Free;0
Le Monde;FINANCE;4.1;54;Free;0
Lead'er;FINANCE;NaN;31;Free;0
LEADS FA;SPORTS;4.5;68072;Free;0
League of Gamers - Be an E-Sports Legend!;GAME;4.4;32496;Paid;0,99
League of Stickman 2018- Ninja Arena PVP(Dreamsky);SPORTS;4.3;14123;Free;0
League18;BUSINESS;NaN;6;Paid;89,99
Lean EQ;EDUCATION;4.4;55256;Free;0
Learn 50 languages;EDUCATION;4.4;55256;Free;0
Learn 50 languages;FAMILY;4.8;23;Free;0
Learn alif ba ta;FAMILY;4.6;27;Free;0
Learn Artificial Intelligence;FAMILY;4.7;27;Free;0
Learn Basic C - For Beginners;FAMILY;4;7243;Free;0
Learn Body Parts in English;FAMILY;4.7;3049;Free;0
Learn Bulgarian Free;FAMILY;4.5;349;Free;0
Learn C [NEW];FAMILY;4.3;109;Free;0
learn c in hindi;FAMILY;4.3;43;Free;0
Learn C Programming (Examples) (OFFLINE);FAMILY;4;1320;Free;0
Learn C# - .Net - C Sharp Programming Tutorial App;EDUCATION;4.6;73404;Free;0
Learn C++;FAMILY;4.6;73404;Free;0
Learn C++;BOOKS_AND_REFERENCE;4.1;10;Free;0
Learn CT Scan Of Head;FAMILY;NaN;0;Paid;2,49
Learn CW;FAMILY;4.3;9;Free;0
Learn DS [BETA];FAMILY;4.5;7881;Free;0
Learn English Daily;EDUCATION;4.5;1929;Free;0
Learn English for beginners;EDUCATION;4.3;423;Free;0
Learn English from Persian: Persian to English;FAMILY;4.5;205914;Free;0
Learn English Vocabulary - 6;EDUCATION;4.6;75112;Free;0
Learn English with Aco;FAMILY;4.2;6133;Free;0
Learn English with El Chavo.;EDUCATION;4.2;5695;Free;0
Learn English with Phrases;EDUCATION;4.7;314299;Free;0
Learn English with Wlingua;EDUCATION;4.7;314300;Free;0
Learn English with Wlingua;EDUCATION;4.6;172640;Free;0
Learn English Words Free;FAMILY;4;25;Free;0
Learn German: Die Bienenretter;EDUCATION;4.7;61749;Free;0
Learn HTML;FAMILY;4.7;1719;Paid;4,99
Learn Italian with MosaLingua;EDUCATION;4.9;133136;Free;0
Learn Japanese;EDUCATION;4.7;52743;Free;0
Learn Java;EDUCATION;4.6;25183;Free;0
Learn JavaScript;EDUCATION;4.7;1107903;Free;0
Learn languages;EDUCATION;4.7;1107884;Free;0
Learn languages;EDUCATION;4.7;1107903;Free;0
Learn languages;EDUCATION;4.7;1107948;Free;0
Learn languages;FAMILY;4.2;840;Free;0
Learn Math with el Chavo;COMMUNICATION;4;27;Free;0
Learn Morse Code - G0HYN Learn Morse;FAMILY;4.7;143;Paid;1,99
Learn Music Notes;EDUCATION;4.1;12733;Free;0
Learn programming;FAMILY;NaN;3;Paid;1,49
Learn Quran with Elif Ba;FAMILY;3.5;6;Free;0
Learn R - Programming Concepts;FAMILY;4.1;17;Free;0
Learn R Language Easy Way;BOOKS_AND_REFERENCE;NaN;0;Free;0
Learn R Programming;FAMILY;NaN;1;Free;0
Learn R Programming Free EBook;BOOKS_AND_REFERENCE;NaN;11;Free;0
Learn R Programming Full;BOOKS_AND_REFERENCE;NaN;2;Free;0
Learn SAP BW;BOOKS_AND_REFERENCE;NaN;0;Free;0
Learn SAP BW on HANA;EDUCATION;4.7;32346;Free;0
Learn Spanish - Español;EDUCATION;4.7;19277;Free;0
Learn SQL;PARENTING;NaN;31;Free;0
Learn the letters and words;FAMILY;3.9;5933;Free;0
Learn to code with el Chavo;FAMILY;4.4;7320;Free;0
Learn To Draw Glow Flower;FAMILY;4.5;3323;Free;0
Learn To Draw Glow Princess;ART_AND_DESIGN;3.2;55;Free;0
Learn To Draw Kawaii Characters;FAMILY;4;20763;Free;0
Learn to Read with Tommy Turtle;EDUCATION;4.4;33646;Free;0
Learn to Speak English;FAMILY;4.7;61600;Free;0
Learn Top 300 English Words;FAMILY;3.9;623;Free;0
Learners Test Free: AU Driver Knowledge Test (DKT);PARENTING;NaN;67;Free;0
Learning English for children;TOOLS;4.4;207706;Free;0
LED Flashlight;TOOLS;4.2;5;Free;0
LEDSHOWTW;FAMILY;4.5;75719;Free;0
Left vs Right: Brain Training;SOCIAL;4.5;228737;Free;0
Legend - Animate Text in Video;SPORTS;4.1;79464;Free;0
Leghe Fantagazzetta;FAMILY;4.3;143087;Free;0
Legion of Heroes;LIFESTYLE;4.9;66;Free;0
Legit Check App by Ch Daniel;FAMILY;4.1;10758;Paid;4,99
LEGO ® Batman: Beyond Gotham;FAMILY;4.2;2557;Paid;4,99
LEGO Batman: DC Super Heroes;MEDICAL;NaN;2;Free;0
Lego Ninjago Wallpaper;FAMILY;4.3;139545;Free;0
LEGO® DC Mighty Micros;FAMILY;4.4;854;Paid;4,99
LEGO® Friends;FAMILY;4.5;23671;Free;0
LEGO® Friends: Heartlake Rush;FAMILY;4.1;673203;Free;0
LEGO® Juniors Create & Cruise;FAMILY;4.1;672089;Free;0
LEGO® Juniors Create & Cruise;ENTERTAINMENT;3.7;17247;Free;0
LEGO® TV;FAMILY;3.7;17250;Free;0
LEGO® TV;PHOTOGRAPHY;2.6;8;Free;0
Leica CL;PHOTOGRAPHY;3.1;133;Free;0
Leica Q;TOOLS;4.7;76;Free;0
Length Converter: convert mm cm m;LIFESTYLE;3;552;Free;0
Lennox iComfort Wi-Fi;FAMILY;4.5;47644;Free;0
Leo and Tig;GAME;4.3;798522;Free;0
Lep's World 2 🍀🍀;GAME;4.3;771001;Free;0
Lep's World 3 🍀🍀🍀;GAME;4.3;696019;Free;0
Lep's World 🍀;EDUCATION;4;3847;Free;0
Lerni. Learn languages.;SOCIAL;4.5;63765;Free;0
Lesbian Chat & Dating - SPICY;LIFESTYLE;NaN;96;Free;0
lesparticuliers.fr;FAMILY;4.3;36;Free;0
Let us C - Example Programs;SHOPPING;4.5;973270;Free;0
letgo: Buy & Sell Used Stuff;SHOPPING;4.5;972256;Free;0
letgo: Buy & Sell Used Stuff;FAMILY;4.6;32;Free;0
Let's Learn Alif Ba Ta;GAME;3.4;9051;Free;0
Let's Poke The Egg;FAMILY;4.3;979;Free;0
Lettre de motivation et CV;FAMILY;4.6;302;Free;0
Lettre et demande d'emploi;LIFESTYLE;NaN;0;Free;0
Lexus Tech BH Service Pro;COMICS;3;28447;Free;0
Lezhin Comics - Daily Releases;LIFESTYLE;3.4;377;Free;0
LG AC Smart Diagnosis;TOOLS;3.4;2420;Free;0
LG AV REMOTE;TOOLS;3.7;2992;Free;0
LG BT Reader Plus;HEALTH_AND_FITNESS;3.3;20098;Free;0
LG Health;TOOLS;3.5;154;Free;0
LG Hi-Fi Plus Manager;HOUSE_AND_HOME;NaN;160;Free;0
LH Housing Promotion Notice;MEDICAL;2.4;102;Free;0
Libre Scan (Diabetes:M addon);FAMILY;3.1;306;Free;0
Lie Detector;FAMILY;3.9;80313;Free;0
Lie Detector Prank;FAMILY;4.4;222308;Free;0
Lie Detector Test Prank;SHOPPING;4.5;30834;Free;0
Life market;PRODUCTIVITY;4.2;56403;Free;0
lifebox;FAMILY;3.9;519;Free;0
Lifeguard Beach Rescue ER Emergency Hospital Games;LIFESTYLE;NaN;1;Free;0
LifePoint Church - FL;ENTERTAINMENT;4;35928;Free;0
Lifetime - Watch Full Episodes & Original Movies;ENTERTAINMENT;4;35931;Free;0
Lifetime - Watch Full Episodes & Original Movies;ENTERTAINMENT;4;35931;Free;0
Lifetime - Watch Full Episodes & Original Movies;HOUSE_AND_HOME;4.2;7573;Free;0
LIFULL HOME'S;PHOTOGRAPHY;4;26;Free;0
Light Meter - EV;PERSONALIZATION;4.6;252;Paid;0,99
Light X - Icon Pack;SHOPPING;4;41986;Free;0
LightInTheBox Online Shopping;PHOTOGRAPHY;4.6;617;Paid;1,99
LightMeter (noAds);PHOTOGRAPHY;4.1;5485;Free;0
LightMeter Free;COMMUNICATION;4.1;12578;Free;0
Lightning Web Browser;PHOTOGRAPHY;4.7;259450;Free;0
LightX Photo Editor & Photo Effects;FAMILY;4.4;17069;Free;0
Like A Boss;VIDEO_PLAYERS;4.6;921868;Free;0
LIKE – Magic Video Maker & Community;FAMILY;3.6;8091;Free;0
Lily & Leo - Crazy Circus Day;TOOLS;4.2;13005;Free;0
Limbo PC Emulator QEMU ARM x86;PHOTOGRAPHY;4.3;1517369;Free;0
LINE Camera - Photo editor;PHOTOGRAPHY;4.3;1517395;Free;0
LINE Camera - Photo editor;FAMILY;4;250257;Free;0
LINE I Love Coffee;PERSONALIZATION;4.4;733838;Free;0
LINE Launcher;COMICS;4.5;1013635;Free;0
LINE WEBTOON - Free Comics;COMICS;4.5;1013944;Free;0
LINE WEBTOON - Free Comics;COMMUNICATION;4.2;10790289;Free;0
LINE: Free Calls & Messages;COMMUNICATION;4.2;10790289;Free;0
LINE: Free Calls & Messages;COMMUNICATION;4.2;10790092;Free;0
LINE: Free Calls & Messages;GAME;4.2;187972;Free;0
Lineage 2: Revolution;SPORTS;4.3;1387;Free;0
LineStar For DK;SPORTS;4.3;1539;Free;0
LineStar for FanDuel;SOCIAL;4.2;1225339;Free;0
LinkedIn;SOCIAL;4.2;1225367;Free;0
LinkedIn;EDUCATION;4.6;7973;Free;0
LinkedIn Learning: Online Courses to Learn Skills;SPORTS;4.7;950;Free;0
Lionel Messi Wallpapers;MEDICAL;3.8;343;Free;0
Lippincott Nursing Advisor;FAMILY;3.6;569;Free;0
Lire avec Sami et Julie;VIDEO_PLAYERS;NaN;1;Free;0
List iptv FR;EDUCATION;4.3;1516;Free;0
Listen and learn English in seven days;PARENTING;4.7;69;Free;0
Listen to the story~The Story of the Fairy Tales;COMMUNICATION;4.3;76498;Free;0
Lite for Facebook Messenger;SOCIAL;3.8;108;Free;0
Lite Messenger for Facebook Lite;BOOKS_AND_REFERENCE;4.6;7831;Free;0
Litnet - E-books;FAMILY;4.4;344383;Free;0
Little Big City 2;FOOD_AND_DRINK;3.3;1726;Free;0
Little Caesars;FAMILY;4.4;12;Free;0
Little Eye Surgery Simulator - ER Doctor Game;FAMILY;4.2;3762;Free;0
Little Fire Station;FAMILY;4.2;17786;Free;0
Little Lovely Dentist;TOOLS;4.6;3703;Free;0
Little Magnet BT;TOOLS;4.6;251;Paid;0,99
Little Magnet BT Pro;FAMILY;4.2;3235;Free;0
Little Panda Run;FAMILY;4.6;18893;Free;0
Little Pets Animal Guardians;ART_AND_DESIGN;4.2;85;Free;0
Little Teddy Bear Colouring Book Game;PERSONALIZATION;4.3;6626;Free;0
Live 3D Neon Blue Love Heart Keyboard Theme;LIFESTYLE;4.6;116079;Free;0
Live 4D Results ! (MY & SG);TRAVEL_AND_LOCAL;4;64164;Free;0
Live Camera Viewer ★ World Webcam & IP Cam Streams;DATING;NaN;1;Free;0
Live chat - free video chat;DATING;4.8;20;Free;0
Live Chat - Free Video Chat Rooms;DATING;4.7;14;Free;0
Live Chat - Free Video Talk;PHOTOGRAPHY;2;16;Free;0
Live DV;DATING;4.8;125;Free;0
Live Girls Talk - Free Video Chat;DATING;4.8;125;Free;0
Live Girls Talk - Free Video Chat;SPORTS;4.2;798;Free;0
Live Golf Scores - US & European Golf;GAME;4.6;1123190;Free;0
Live Hold’em Pro Poker - Free Casino Games;MEDICAL;3.6;54;Free;0
live Point;FAMILY;4.2;69;Free;0
Live Radio BD;DATING;4.6;185;Free;0
Live Talk - Free Text and Video Chat;DATING;4.6;185;Free;0
Live Talk - Free Text and Video Chat;SPORTS;4.8;1660;Free;0
Live Tennis Rankings / LTR;DATING;4.7;478;Free;0
LIVE VIDEO TALK;WEATHER;4.5;13426;Free;0
Live Weather & Daily Local Weather Forecast;WEATHER;4.8;892;Free;0
Live Weather Pro;SOCIAL;4.5;457197;Free;0
LiveMe - Video chat;SOCIAL;4.5;456866;Free;0
LiveMe - Video chat;SPORTS;4.4;283662;Free;0
LiveScore: Live Sport Updates;HOUSE_AND_HOME;4;4465;Free;0
Living Room Decorating Ideas;HOUSE_AND_HOME;4.6;39189;Free;0
Living Smart Home;SHOPPING;4.1;28523;Free;0
LivingSocial - Local Deals;SHOPPING;4.1;28523;Free;0
LivingSocial - Local Deals;SHOPPING;4.1;28523;Free;0
LivingSocial - Local Deals;FINANCE;3.5;30;Free;0
loans.com.au Smart Money;DATING;3.7;101;Free;0
LOBSTR - go on a lunch date;BUSINESS;4.1;7;Free;0
Local Services ads by Google;WEATHER;4.4;5482;Free;0
Local weather Forecast;WEATHER;4.5;3478;Free;0
Local Weather Forecast & Visual Widget;SPORTS;4.6;200;Paid;2,49
LocaToWeb - Live GPS tracking;GAME;4.6;169;Paid;0,99
Lock 'n' Roll Pro - Ad Free;TOOLS;4;41137;Free;0
Lock Screen;TOOLS;4.5;5174;Free;0
Lock Screen - DU Locker & Lock screen wallpaper;TOOLS;4.4;1166;Free;0
Lock Screen Phone X Style OS 11;PRODUCTIVITY;4.5;208543;Free;0
LOCX Applock Lock Apps & Photo;ART_AND_DESIGN;4;450;Free;0
Logo Maker - Small Business;COMMUNICATION;4.1;14766;Free;0
LokLok: Draw on a Lock Screen;ENTERTAINMENT;4.4;67554;Free;0
LOL Pics (Funny Pictures);PERSONALIZATION;3.6;5525;Free;0
Lollipop Keyboard L Pro;PERSONALIZATION;4.1;131;Paid;4,99
Lollipop Launcher Plus;LIFESTYLE;4.4;132;Free;0
Long Realty AZ Home Search;TOOLS;4.4;951413;Free;0
Lookout Security & Antivirus;NEWS_AND_MAGAZINES;4;4332;Free;0
Loop - Caribbean Local News;PRODUCTIVITY;4.7;17955;Free;0
Loop - Habit Tracker;GAME;4.6;48256;Free;0
Looper!;MEDICAL;NaN;0;Free;0
Lord Fairfax EMS Council;GAME;4.4;3057481;Free;0
Lords Mobile: Battle of the Empires - Strategy RPG;TOOLS;1.9;8;Free;0
Loreal - BA Makeup;HEALTH_AND_FITNESS;4.9;38098;Free;0
Lose Belly Fat in 30 Days - Flat Stomach;HEALTH_AND_FITNESS;4.6;199;Free;0
Lose Belly Fat-Home Abs Fitness Workout;HEALTH_AND_FITNESS;4.4;69395;Free;0
Lose It! - Calorie Counter;HEALTH_AND_FITNESS;4.4;69395;Free;0
Lose It! - Calorie Counter;HEALTH_AND_FITNESS;4.4;69395;Free;0
Lose It! - Calorie Counter;HEALTH_AND_FITNESS;4.8;220125;Free;0
Lose Weight in 30 Days;GAME;4.5;32344;Paid;0,99
Lost Journey (Dreamsky);FAMILY;NaN;0;Free;0
Loteria BR;SHOPPING;3.6;8820;Free;0
Lotte Home Shopping LOTTE Homeshopping;FAMILY;4.4;70;Free;0
Lottery Driver- Florida Result;FAMILY;4.2;582;Free;0
Lottery Results: Florida;TOOLS;1;3;Free;0
Lottery Ticket Checker - Florida Results & Lotto;NEWS_AND_MAGAZINES;4.5;14221;Free;0
Lotto Results - Mega Millions Powerball Lottery US;FAMILY;4.7;244;Free;0
Louis CK;PHOTOGRAPHY;4.3;42677;Free;0
love;FAMILY;4.2;357049;Free;0
Love Balls;GAME;4.2;360630;Free;0
Love Balls;DATING;NaN;14;Free;0
Love Calendar - Couple Sharing Calendar & CoupleDay;PHOTOGRAPHY;4.3;251686;Free;0
Love Collage - Photo Editor;GAME;4;29462;Free;0
Love Dance;PERSONALIZATION;3.9;28694;Free;0
Love Fonts for FlipFont;SOCIAL;4.3;16404;Free;0
Love Images;GAME;4.4;212524;Free;0
Love Nikki-Dress UP Queen;FAMILY;4.3;1895;Free;0
Love Signal: D-Mate;COMMUNICATION;4.2;10;Free;0
love sms good morning;SOCIAL;4.6;33177;Free;0
Love Sticker;FAMILY;4.6;5546;Free;0
Loved by King Bs;PERSONALIZATION;4.3;2267;Free;0
Lovely Cute Pink Kitty Cat Keyboard Theme;SOCIAL;4;852455;Free;0
LOVOO;SOCIAL;4;852455;Free;0
LOVOO;MEDICAL;4.2;28;Free;0
Low Blood Pressure Symptoms;ENTERTAINMENT;4.5;23063;Free;0
Low Poly – Puzzle art game;MEDICAL;4;6;Paid;39,99
LTC AS Legal;GAME;4.2;131;Paid;1,61
Ludo - Don't get angry;GAME;4.5;17;Free;0
Ludo Dz;FAMILY;4.2;3593;Free;0
Ludo Family Dice Game;LIBRARIES_AND_DEMO;NaN;487;Free;0
Luffs;TRAVEL_AND_LOCAL;3.6;14544;Free;0
Lufthansa;HEALTH_AND_FITNESS;3.9;2057;Paid;1,99
Lullaby Add-on for Sleep as Android;EDUCATION;4.2;215301;Free;0
Lumosity: #1 Brain Games & Cognitive Training App;EDUCATION;4.2;215301;Free;0
Lumosity: #1 Brain Games & Cognitive Training App;LIFESTYLE;4.5;484;Paid;4,99
Lunar Calendar;LIFESTYLE;4.1;2954;Free;0
Lunar Calendar Lite;GAME;4.1;355;Free;0
Lust in Terror Manor - The Truth Unveiled | Otome;FAMILY;4;1518;Free;0
Lux Home Decorating Room Games;FAMILY;3.9;35989;Free;0
Luxury Car Simulator;DATING;3.9;742;Free;0
Luxy Pro- Elite Dating Single;EDUCATION;4.2;8599;Free;0
Lynda - Online Training Videos;EDUCATION;4.2;8599;Free;0
Lynda - Online Training Videos;PRODUCTIVITY;4.5;41624;Free;0
Lyra Virtual Assistant;FAMILY;5;4;Free;0
Lyrics of Ek Paheli Leela;TOOLS;4.3;246;Free;0
m;PERSONALIZATION;4.4;37234;Free;0
M Launcher -Marshmallow 6.0;TOOLS;4.2;2803;Free;0
M Notifier for M Launcher;COMMUNICATION;3.5;400;Free;0
M star Dialer;PERSONALIZATION;4.2;202;Free;0
M Theme - Dark Green Icon Pack;AUTO_AND_VEHICLES;4.5;189;Free;0
m.ride - your motorcycle app;COMMUNICATION;3.2;559;Free;0
m:go BiH;NEWS_AND_MAGAZINES;4.9;198;Free;0
M+;PRODUCTIVITY;4.3;184;Paid;2,99
m>notes notepad;GAME;4.4;596;Free;0
M3-X5-X6-M-İ3-İ8 RACİNG 2018;LIFESTYLE;NaN;2;Free;0
Málaga CF Wallpapers 4 Fans;PRODUCTIVITY;3.7;10490;Free;0
Můj T-Mobile Business;WEATHER;4.1;1238;Free;0
Météo Algérie DZ;WEATHER;4.5;29344;Free;0
Météociel;NEWS_AND_MAGAZINES;NaN;2;Free;0
México City D.F News;GAME;3.9;1202;Free;0
M-acceleration 3D Car Racing;SPORTS;3.9;188834;Free;0
Mackolik Live Results;GAME;5;14;Free;0
Mad Dash Fo' Cash;GAME;4.3;29270;Free;0
Mad Day - Truck Distance Game;FAMILY;4;8126;Free;0
Mad Libs;GAME;4.5;29940;Free;0
Mad Skills BMX 2;GAME;4;32522;Free;0
Mad Skills Motocross;FAMILY;3.8;48929;Free;0
Madagascar Surf n' Slides Free;FAMILY;4.5;1455952;Free;0
Madden NFL Football;FAMILY;4.6;171017;Free;0
MadLipz;GAME;4.5;168717;Free;0
Mafia City;FAMILY;4.8;65;Free;0
Magana Jari ce Littafi Na Uku : Part 3 of 3;SHOPPING;4.3;109124;Free;0
Magazine Luiza Online Shopping;GAME;4.6;4304;Free;0
Magic Tiles - Blackpink Edition (K-Pop);GAME;4.4;2351;Free;0
Magic Tiles - TWICE Edition (K-Pop);GAME;4.5;592068;Free;0
Magic Tiles 3;GAME;4.5;592282;Free;0
Magic Tiles 3;GAME;4.5;592504;Free;0
Magic Tiles 3;GAME;4.5;592504;Free;0
Magic Tiles 3;PHOTOGRAPHY;NaN;2;Free;0
Magical Insta DP;SOCIAL;4.1;207712;Free;0
magicApp Calling & Messaging;LIFESTYLE;2.7;135;Free;0
MagicLight BT;FAMILY;4.2;120035;Free;0
MagiMobile – Mighty Magiswords;VIDEO_PLAYERS;4.3;960726;Free;0
Magisto Video Editor & Maker;GAME;4.5;16815;Free;0
Magnum 3.0 Gun Custom SImulator;EDUCATION;4.3;1058;Free;0
Magoosh GMAT Prep & Practice;PRODUCTIVITY;4.2;25427;Free;0
Mahalaxmi Dindarshika 2018;FAMILY;4.6;166;Free;0
Maher EL Mouaikly - Offline;FAMILY;NaN;0;Free;0
Mahila Vashikaran(Ek rat me)-Hindi;FAMILY;4.5;33983;Free;0
Mahjong;COMMUNICATION;4.2;21;Free;0
mail.co.uk Mail;COMMUNICATION;4.2;44706;Free;0
mail.com mail;COMMUNICATION;4.6;837842;Free;0
Mail.Ru - Email App;COMMUNICATION;4.1;255;Free;0
Mail1Click - Secure Mail;BUSINESS;4.1;5448;Free;0
MailChimp - Email;BUSINESS;4.1;5448;Free;0
MailChimp - Email;TRAVEL_AND_LOCAL;3.6;7081;Free;0
MAIN;BUSINESS;NaN;45;Free;0
Majestic Cinema CI;GAME;4.6;520962;Free;0
Major Mayhem;FAMILY;3.8;125;Free;0
Make a burger king;COMICS;4;78;Free;0
Make your Be Like Bill;TRAVEL_AND_LOCAL;4.3;599872;Free;0
MakeMyTrip-Flight Hotel Bus Cab IRCTC Rail Booking;PHOTOGRAPHY;4.5;3378;Free;0
Makeup Editor -Beauty Photo Editor & Selfie Camera;PHOTOGRAPHY;4.4;10525;Free;0
Makeup Photo Editor: Makeup Camera & Makeup Editor;BEAUTY;3.8;9;Free;0
Makeup Videos;PHOTOGRAPHY;4.4;758780;Free;0
MakeupPlus - Your Own Virtual Makeup Artist;FAMILY;4.4;450013;Free;0
Maleficent Free Fall;NEWS_AND_MAGAZINES;4.3;697;Free;0
Mali 7 - Actualités au Mali;SOCIAL;3.2;185;Free;0
Mali J;LIBRARIES_AND_DEMO;NaN;102;Free;0
Mama Lala 's song;MEDICAL;4.4;726;Paid;3,99
Manage My Pain Pro;ART_AND_DESIGN;4.6;4326;Free;0
Mandala Coloring Book;COMICS;4.6;302;Free;0
Manga - read Thai translation;COMICS;3.3;125;Free;0
Manga AZ - Manga Comic Reader;COMICS;3.3;126;Free;0
Manga AZ - Manga Comic Reader;COMICS;3.8;7326;Free;0
Manga Books;COMICS;4.4;757;Free;0
Manga Mania - Best online manga reader;COMICS;4.6;24005;Free;0
Manga Master - Best manga & comic reader;COMICS;4.1;1010;Free;0
Manga Net – Best Online Manga Reader;COMICS;4.4;238970;Free;0
Manga Rock - Best Manga Reader;COMICS;4.2;15194;Free;0
Manga Zero - Japanese cartoon and comic reader;COMICS;3.4;291;Free;0
Manga-FR - Anime Vostfr;COMICS;3.9;834;Free;0
MangaToon - Comics updated Daily;EDUCATION;4;4815;Free;0
Mango Languages: Lovable Language Courses;EDUCATION;4;4815;Free;0
Mango Languages: Lovable Language Courses;BEAUTY;NaN;119;Free;0
Manicure - nail design;MAPS_AND_NAVIGATION;4.4;3652;Free;0
Map and Router Badge;GAME;4.3;211;Free;0
Map Callouts for CS:GO;MAPS_AND_NAVIGATION;4.3;16657;Free;0
Map Coordinates;HEALTH_AND_FITNESS;4.4;38343;Free;0
Map My Fitness Workout Trainer;HEALTH_AND_FITNESS;4.4;12858;Free;0
Map My Hike GPS Hiking;HEALTH_AND_FITNESS;4.5;106547;Free;0
Map My Ride GPS Cycling Riding;TRAVEL_AND_LOCAL;4.6;470;Free;0
Map of Cyprus offline;FAMILY;3.5;31538;Free;0
MapleStory M;MAPS_AND_NAVIGATION;4.1;15922;Free;0
Mappy - Plan;MAPS_AND_NAVIGATION;4.1;53481;Free;0
MapQuest: Directions;MAPS_AND_NAVIGATION;4.2;207440;Free;0
Maps;TRAVEL_AND_LOCAL;4.3;9235155;Free;0
Maps - Navigate & Explore;TRAVEL_AND_LOCAL;4.3;9235373;Free;0
Maps - Navigate & Explore;TRAVEL_AND_LOCAL;4.3;9231613;Free;0
Maps - Navigate & Explore;MAPS_AND_NAVIGATION;4.2;60838;Free;0
Maps & GPS Navigation — OsmAnd;MAPS_AND_NAVIGATION;4.2;60820;Free;0
Maps & GPS Navigation — OsmAnd;TRAVEL_AND_LOCAL;4.3;15209;Paid;8,99
Maps & GPS Navigation OsmAnd+;FINANCE;3.5;256;Free;0
Maps CU;TRAVEL_AND_LOCAL;4.5;932870;Free;0
MAPS.ME – Offline Map and Travel Navigation;MAPS_AND_NAVIGATION;4.5;56443;Free;0
Mapy.cz - Cycling & Hiking offline maps;MAPS_AND_NAVIGATION;4.5;56409;Free;0
Mapy.cz - Cycling & Hiking offline maps;FAMILY;4.3;694;Free;0
Marathi DP - status and message;TOOLS;NaN;1;Free;0
Marítimo EC;GAME;4.3;42053;Free;0
Marble - Temple Quest;GAME;4.6;155186;Free;0
Marble Woka Woka 2018 - Bubble Shooter Match 3;SPORTS;3.9;76340;Free;0
MARCA - Diario Líder Deportivo;SPORTS;3.9;76346;Free;0
MARCA - Sports Leader Diary;ENTERTAINMENT;3.6;2639;Free;0
Marcus Theatres;MEDICAL;NaN;0;Free;0
Maricopa AH;MEDICAL;NaN;0;Free;0
Maricopa AH;FAMILY;4.6;70335;Free;0
Marked by King Bs;COMMUNICATION;NaN;0;Free;0
MARKET FO;LIBRARIES_AND_DEMO;4.1;20145;Free;0
Market Update Helper;PERSONALIZATION;4.2;249;Free;0
Marvel and DC Wallpapers;GAME;4.2;304106;Free;0
MARVEL Avengers Academy;GAME;4.3;2468063;Free;0
MARVEL Contest of Champions;GAME;4.3;2468915;Free;0
MARVEL Contest of Champions;FAMILY;4.6;2354042;Free;0
MARVEL Future Fight;FAMILY;4.3;166312;Free;0
MARVEL Strike Force;GAME;4.3;165888;Free;0
MARVEL Strike Force;GAME;4.3;165928;Free;0
MARVEL Strike Force;COMICS;3.7;22551;Free;0
Marvel Unlimited;HOUSE_AND_HOME;NaN;13;Free;0
Mas Akıllı Ev;FAMILY;4.3;151374;Free;0
Masha and Bear: Cooking Dash;FAMILY;4;39779;Free;0
Masha and The Bear;FAMILY;4.4;15105;Free;0
Masha and the Bear;FAMILY;NaN;1;Paid;2,49
Masha and the Bear - Hair Salon and MakeUp Games;FAMILY;4.1;288523;Free;0
Masha and the Bear Child Games;FAMILY;4.1;288606;Free;0
Masha and the Bear Child Games;FAMILY;NaN;0;Paid;1,99
Masha and the Bear- House Cleaning Games for Girls;FAMILY;4.6;50060;Free;0
Masha and The Bear Jam Day Match 3 games for kids;FAMILY;4.3;13330;Free;0
Masha and The Bear Puzzle Game;FAMILY;4.5;46369;Free;0
Masha and the Bear. Educational Games;FAMILY;4.6;6231;Free;0
Masha and the Bear. Games for kids;FAMILY;4.5;2200;Free;0
Masha and the Bear: Climb Racing and Car Games;FAMILY;4.5;2062;Free;0
Masha and the Bear: Evolution;FAMILY;4.6;29155;Free;0
Masha and the Bear: Good Night!;FAMILY;4.5;43852;Free;0
Masha and the Bear: House Cleaning Games for Girls;GAME;3.4;4490;Free;0
Mass Effect: Andromeda APEX HQ;FAMILY;5;90;Free;0
Master E.K;TOOLS;4.6;2674051;Free;0
Master for Minecraft(Pocket Edition)-Mod Launcher;GAME;4.2;5829;Free;0
Master of Eternity(MOE);FAMILY;3.9;1036;Free;0
Masterchef Cooking Games: Fun Restaurant & Kitchen;SPORTS;NaN;24;Free;0
MasterDT;PRODUCTIVITY;NaN;5;Free;0
Mat|r viewer;DATING;3.7;76646;Free;0
Match™ Dating - Meet Singles;PERSONALIZATION;4.8;24;Free;0
Materialistic P Wallpapers;FAMILY;3.9;2371;Free;0
Math games for kids : times tables - AB Math;FAMILY;4.5;630;Paid;1,59
Math games for kids : times tables training;FAMILY;4.6;28;Paid;1,99
Math Games for Pre-K - Grade 4;FAMILY;4.3;159;Free;0
Math Quiz Free: Grades K;FAMILY;4.3;2250;Free;0
Math Solver;EDUCATION;4.5;342918;Free;0
Math Tricks;MEDICAL;4.3;2218;Free;0
Mayo Clinic;GAME;4.4;1294;Free;0
MazeMilitia Classic Multiplayer Shooting Game;SOCIAL;3.9;3047;Free;0
MB Notifications for FB (Free);MEDICAL;1;1;Free;0
MbH BM;MEDICAL;3.7;9;Free;0
MbH BP;MAPS_AND_NAVIGATION;3.8;82;Free;0
MBTA GPS - Track the T;TOOLS;4;5;Free;0
MBU DX Cluster;PRODUCTIVITY;NaN;130;Paid;8,49
MC.Fitting;NEWS_AND_MAGAZINES;4.3;80;Free;0
McClatchy DC Bureau;FOOD_AND_DRINK;3.3;60;Free;0
McDelivery Cyprus;FOOD_AND_DRINK;3.6;145323;Free;0
McDonald's;FOOD_AND_DRINK;3.6;145646;Free;0
McDonald's;FOOD_AND_DRINK;3.4;109784;Free;0
McDonald's - McDonald's Japan;FAMILY;5;22;Free;0
MCQ CE IT;ART_AND_DESIGN;NaN;61;Free;0
Mcqueen Coloring pages;FAMILY;NaN;65;Free;0
Mcqueen Coloring pages;FAMILY;3.4;131;Free;0
MCRAFT AR - EDITOR;MEDICAL;NaN;0;Free;0
MD PAWS AH;MEDICAL;3.4;650;Free;0
MDLIVE: Talk to a Doctor 24/7;HEALTH_AND_FITNESS;3.5;217;Free;0
MealLogger-Photo Food Journal;HEALTH_AND_FITNESS;3.5;217;Free;0
MealLogger-Photo Food Journal;EVENTS;NaN;250;Free;0
MeAuDote - An act of love that saves a life;SOCIAL;NaN;88;Free;0
Media Sosial TNI AU;FAMILY;NaN;0;Free;0
Mediabox CY;PRODUCTIVITY;4.1;71432;Free;0
MediaFire;TOOLS;3.6;11187;Free;0
Mediatek SmartDevice;HEALTH_AND_FITNESS;NaN;2;Free;0
MediBeat for AW - Android (1);MEDICAL;4.6;717;Paid;5,99
Medical ID - In Case of Emergency (ICE);MEDICAL;4.6;717;Paid;5,99
Medical ID - In Case of Emergency (ICE);MEDICAL;4.4;104;Paid;2,99
Medical terms (OFFLINE);HEALTH_AND_FITNESS;4.5;19074;Free;0
Meditate OM;HEALTH_AND_FITNESS;4.6;48226;Free;0
Meditation Music - Relax;HEALTH_AND_FITNESS;4.6;48226;Free;0
Meditation Music - Relax;HEALTH_AND_FITNESS;4.6;1026;Paid;3,99
Meditation Studio;MEDICAL;4;255;Free;0
MedM Blood Pressure;MEDICAL;4.5;20;Free;0
MedStar eVisit;TOOLS;NaN;0;Free;0
Mee-EW;FAMILY;NaN;13;Free;0
Me-eh;DATING;3.9;8661;Free;0
Meet;SOCIAL;4.6;60562;Free;0
Meet – Talk to Strangers Using Random Video Chat;SOCIAL;4.6;4435;Free;0
Meet U - Get Friends for Snapchat;DATING;NaN;2;Free;0
Meet With Strangers: Video Chat & Dating;DATING;4.2;57081;Free;0
Meet24 - Love;DATING;4.2;57083;Free;0
Meet24 - Love;DATING;4.2;40035;Free;0
Meet4U - Chat;DATING;4.2;40039;Free;0
Meet4U - Chat;SOCIAL;4.2;1259849;Free;0
MeetMe: Chat & Meet New People;SOCIAL;4.2;1259894;Free;0
MeetMe: Chat & Meet New People;SOCIAL;4.2;1259894;Free;0
MeetMe: Chat & Meet New People;SOCIAL;4.2;1259894;Free;0
MeetMe: Chat & Meet New People;SOCIAL;4.2;1259723;Free;0
MeetMe: Chat & Meet New People;SOCIAL;4.2;79129;Free;0
Meetup;SOCIAL;4.2;79129;Free;0
Meetup;SOCIAL;4.2;79130;Free;0
Meetup;SOCIAL;4.2;79130;Free;0
Meetup;PRODUCTIVITY;4;549973;Free;0
MEGA;PRODUCTIVITY;4;549214;Free;0
MEGA;GAME;4;267;Paid;1,99
MEGA MAN MOBILE;PHOTOGRAPHY;4.2;44941;Free;0
Mega Photo;COMMUNICATION;3.7;99559;Free;0
MegaFon Dashboard;FAMILY;4.6;877576;Free;0
MegaN64 (N64 Emulator);GAME;3.4;2218;Free;0
MegaNDS (NDS Emulator);FAMILY;4.3;322976;Free;0
Megatramp - a Story of Success!;ENTERTAINMENT;4;175528;Free;0
MEGOGO - Cinema and TV;FAMILY;NaN;0;Free;0
Mehmet Emin Ay İlahileri;PHOTOGRAPHY;4.5;462702;Free;0
Meitu – Beauty Cam;VIDEO_PLAYERS;3.5;81;Free;0
MelifeCam-M;PERSONALIZATION;4.7;1873;Free;0
Melior NUI - Material CM Theme;ENTERTAINMENT;4.2;38769;Free;0
Meme Creator;ENTERTAINMENT;4.6;3771;Paid;2,99
Meme Generator;FAMILY;4.4;303394;Free;0
Meme Generator Free;COMICS;4.4;5968;Free;0
Memes Button;EDUCATION;4.4;56897;Free;0
Memorado - Brain Games;PRODUCTIVITY;4.7;7566;Free;0
Memory Helper - To do list;MEDICAL;4.4;4207;Paid;3,99
Menstrual Calendar Premium;GAME;4.2;2460;Paid;0,99
Mental Hospital V;GAME;4.1;5341;Free;0
Mental Hospital:EB 2 Lite;SHOPPING;4.7;3860225;Free;0
Mercado Libre: Find your favorite brands;SHOPPING;4.4;101883;Free;0
Mercari: The Selling App;SPORTS;4.4;697;Free;0
Mercato foot by Maxifoot;BUSINESS;4.5;2;Free;0
Merck CE;GAME;4.5;214777;Free;0
Merge Dragons!;GAME;4.5;214819;Free;0
Merge Dragons!;FINANCE;4.7;3661;Free;0
Meritrust CU Mobile Banking;FAMILY;NaN;19;Free;0
Mermaid Princess Pre K Games;EDUCATION;4.2;14286;Free;0
Mermaids;FAMILY;NaN;11;Free;0
Meslek Lisesi YGS Ek Puan;TOOLS;NaN;0;Paid;2,99
Message AI - Write Better Messages;SOCIAL;3.7;3;Free;0
Message AI - Write Better Messages (Free);SOCIAL;4.4;49173;Free;0
Messages;SOCIAL;4.4;49580;Free;0
Messages;COMMUNICATION;4.1;28238;Free;0
Messaging+ SMS;SOCIAL;4.1;68025;Free;0
Messenger;COMMUNICATION;4;56642847;Free;0
Messenger – Text and Video Chat for Free;COMMUNICATION;4;56646578;Free;0
Messenger – Text and Video Chat for Free;COMMUNICATION;4;56642847;Free;0
Messenger – Text and Video Chat for Free;COMMUNICATION;4.3;125257;Free;0
Messenger for SMS;FAMILY;4.2;3478;Free;0
Messenger Kids – Safer Messaging and Video Chat;PERSONALIZATION;4;6263;Free;0
Messenger L SMS;COMMUNICATION;4.4;1429035;Free;0
Messenger Lite: Free Calls & Messages;COMMUNICATION;4.4;1429038;Free;0
Messenger Lite: Free Calls & Messages;SOCIAL;4.3;38826;Free;0
Messenger Messenger;SOCIAL;4.4;13762;Free;0
Messenger Pro;FAMILY;5;1;Paid;4,99
meStudying: AP English Lit;TOOLS;NaN;9;Free;0
Mesure CI;TOOLS;3.6;1166;Free;0
Metal Detector Pro 2015;GAME;4.4;153381;Free;0
Metal Soldiers 2;GAME;4.4;153649;Free;0
Metal Soldiers 2;FINANCE;4.6;260547;Free;0
MetaTrader 4;FINANCE;4.5;42410;Free;0
MetaTrader 5;WEATHER;3.9;100994;Free;0
METEO FRANCE;BEAUTY;4.7;257;Free;0
Methods of teeth whitening;PRODUCTIVITY;4;27800;Free;0
Metro name iD;LIFESTYLE;4.1;47497;Free;0
metroZONE;TOOLS;NaN;37;Free;0
Meu Calendário CP;FINANCE;4.1;15057;Free;0
Meu Cartão BV;LIFESTYLE;NaN;2;Free;0
MexiRoomies - roomies;FINANCE;4;142;Free;0
m-Faisaa;BUSINESS;4.4;236;Free;0
M-Files;AUTO_AND_VEHICLES;4.9;73;Free;0
MHD F-Series;TOOLS;4.1;114340;Free;0
Mi Remote controller - for TV;PRODUCTIVITY;3.7;3;Free;0
MiAI (Artificial Intelligence) Assistant;GAME;4;254518;Free;0
Miami crime simulator;GAME;4.1;154519;Free;0
Miami Crime Vice Town;HEALTH_AND_FITNESS;5;1;Free;0
MI-BP;FAMILY;NaN;0;Paid;0,99
Michael's AG Sound Board;SOCIAL;4.4;624557;Free;0
Mico- Stranger Chat Random video Chat;FAMILY;3.7;39;Free;0
Micro Fi;BUSINESS;NaN;6;Free;0
Micro.bg Cloud POS System;COMMUNICATION;4.3;27187;Free;0
Microsoft Edge;COMMUNICATION;4.3;27156;Free;0
Microsoft Edge;PRODUCTIVITY;4.5;1079491;Free;0
Microsoft Excel;PRODUCTIVITY;4.5;1079616;Free;0
Microsoft Excel;PERSONALIZATION;4.6;649568;Free;0
Microsoft Launcher;NEWS_AND_MAGAZINES;4.2;31504;Free;0
Microsoft News;PRODUCTIVITY;4.4;1038306;Free;0
Microsoft OneDrive;PRODUCTIVITY;4.4;1038303;Free;0
Microsoft OneDrive;PRODUCTIVITY;4.4;480643;Free;0
Microsoft OneNote;PRODUCTIVITY;4.4;480640;Free;0
Microsoft OneNote;PRODUCTIVITY;4.4;480638;Free;0
Microsoft OneNote;PRODUCTIVITY;4.3;3252896;Free;0
Microsoft Outlook;PRODUCTIVITY;4.3;3249518;Free;0
Microsoft Outlook;BUSINESS;4.5;1819;Free;0
Microsoft Power BI–Business data analytics;PRODUCTIVITY;4.5;618798;Free;0
Microsoft PowerPoint;PRODUCTIVITY;4.5;618796;Free;0
Microsoft PowerPoint;BUSINESS;4.2;97702;Free;0
Microsoft Remote Desktop;PRODUCTIVITY;4.1;14432;Free;0
Microsoft To-Do: List;PRODUCTIVITY;4.6;209696;Free;0
Microsoft Translator;PRODUCTIVITY;4.5;2084126;Free;0
Microsoft Word;PRODUCTIVITY;4.5;2084125;Free;0
Microsoft Word;PRODUCTIVITY;4.5;2078744;Free;0
Microsoft Word;SPORTS;4.5;152;Free;0
Middlesbrough FC Official;GAME;4.3;32551;Free;0
Might & Magic: Elemental Guardians;MEDICAL;4.6;156;Paid;3,49
Migraine;MEDICAL;4.7;26862;Free;0
Migraine Buddy - The Migraine and Headache tracker;SPORTS;4.2;2506;Paid;3,99
Mike V: Skateboard Party PRO;FINANCE;4.5;46106;Free;0
MileIQ - Free Mileage Tracker for Business;FOOD_AND_DRINK;NaN;0;Free;0
Miller's Bar B-Q;GAME;4.4;4396;Free;0
Millionaire : Who want to be?;DATING;3.9;852;Free;0
Millionaire Match: Rich Singles Dating App;DATING;3.9;853;Free;0
Millionaire Match: Rich Singles Dating App;FAMILY;3.8;66033;Free;0
Millionaire Quiz Free: Be Rich;FAMILY;4.6;15301;Paid;2,99
Mind Games Pro;PRODUCTIVITY;4.2;29;Free;0
Mind Map AR;EVENTS;5;1;Free;0
Mindvalley U Tallinn 2018;FAMILY;4.5;2376564;Paid;6,99
Minecraft;FAMILY;4.5;2375336;Paid;6,99
Minecraft;DATING;4.1;15081;Free;0
Mingle - Online Dating App to Chat & Meet People;DATING;4.3;37053;Free;0
Mingle2 - Free Online Dating & Singles Chat Rooms;GAME;4.1;94661;Free;0
Mini DAYZ: Zombie Survival;AUTO_AND_VEHICLES;3.5;12;Free;0
Mini DV;SOCIAL;4.1;260;Free;0
Mini for Facebook lite;TOOLS;4;710;Free;0
Mini for fb lite;GAME;4.5;531458;Free;0
Mini Golf King - Multiplayer Game;GAME;4.2;107497;Free;0
Mini Motor Racing WRT;SHOPPING;3.9;34171;Free;0
MiniInTheBox Online Shopping;VIDEO_PLAYERS;4.5;504823;Free;0
MiniMovie - Free Video and Slideshow Editor;FAMILY;4.5;10216997;Free;0
Minion Rush: Despicable Me Official Game;FAMILY;4.5;10216997;Free;0
Minion Rush: Despicable Me Official Game;FAMILY;4.5;10214862;Free;0
Minion Rush: Despicable Me Official Game;GAME;4.5;10216538;Free;0
Minion Rush: Despicable Me Official Game;PRODUCTIVITY;NaN;0;Free;0
MinT BI;FINANCE;4.3;129304;Free;0
Mint: Budget;FINANCE;4.3;129305;Free;0
Mint: Budget;FINANCE;4.3;129304;Free;0
Mint: Budget Bills;HOUSE_AND_HOME;NaN;0;Free;0
Minwa HA ( C.B );GAME;4.5;183846;Free;0
Miraculous Ladybug & Cat Noir - The Official Game;GAME;4.5;184210;Free;0
Miraculous Ladybug & Cat Noir - The Official Game;GAME;4.5;185382;Free;0
Miraculous Ladybug & Cat Noir - The Official Game;COMMUNICATION;4.5;51;Free;0
Mircules DX Cluster Lite;PERSONALIZATION;4.5;292;Free;0
Mirk V Launcher Theme;SOCIAL;4.1;17955;Free;0
Mirrativ: Live Stream Any App;LIFESTYLE;4.1;367505;Free;0
Mirror;BEAUTY;3.9;32090;Free;0
Mirror - Zoom & Exposure -;BEAUTY;4.1;9315;Free;0
Mirror Camera (Mirror + Selfie Camera);PHOTOGRAPHY;4.1;373606;Free;0
Mirror Photo:Editor Collage (HD);GAME;3.4;1995;Free;0
Mirror’s Edge™ Companion;NEWS_AND_MAGAZINES;NaN;0;Free;0
Miss FQ;MEDICAL;NaN;0;Free;0
Mitchell AH;WEATHER;4.2;2115;Free;0
MIUI Style GO Weather EX;PHOTOGRAPHY;4.4;111066;Free;0
MIX by Camera360;PRODUCTIVITY;3.6;64;Free;0
Mix Tank – Tank Mixing Ag App;TOOLS;4.2;2925;Free;0
Mix Virtual DJ 2018;LIBRARIES_AND_DEMO;NaN;16;Free;0
Mizanul-Hikmət 2-ci cild;FAMILY;3.7;126;Free;0
MJX H;LIFESTYLE;4;6676;Free;0
MK eCatalog;SPORTS;4.2;82882;Free;0
MLB At Bat;SPORTS;4.2;82882;Free;0
MLB At Bat;SPORTS;4.2;82883;Free;0
MLB At Bat;SPORTS;4.2;82883;Free;0
MLB At Bat;SPORTS;4.2;82857;Free;0
MLB At Bat;SPORTS;3.9;5510;Free;0
MLB Ballpark;SPORTS;3.9;5511;Free;0
MLB Ballpark;SPORTS;4.2;42767;Free;0
MLB Perfect Inning 2018;GAME;4.6;32506;Free;0
MLB TAP SPORTS BASEBALL 2018;FAMILY;3.8;7379;Free;0
MLP Colouring Adventures;GAME;4.4;41975;Free;0
MMX Hill Dash 2 – Offroad Truck;FAMILY;4.1;15246;Free;0
Moana Island Life;TOOLS;4.6;77311;Free;0
Mobi Calculator free & AD free!;TOOLS;4.6;77302;Free;0
Mobi Calculator free & AD free!;FINANCE;4.2;278082;Free;0
Mobile Bancomer;FAMILY;4.3;4624;Free;0
Mobile C [ C/C++ Compiler ];BUSINESS;4;13;Free;0
Mobile CS;GAME;3.1;1015;Free;0
Mobile CS:GO;BUSINESS;4.2;46505;Free;0
Mobile Doc Scanner (MDScan) Lite;BUSINESS;4.2;46505;Free;0
Mobile Doc Scanner (MDScan) Lite;SPORTS;4.1;5015;Free;0
Mobile FC;SPORTS;4.3;111809;Free;0
Mobile Kick;GAME;4.4;8219586;Free;0
Mobile Legends: Bang Bang;TOOLS;3.9;19758;Free;0
Mobile Number Tracker;PRODUCTIVITY;4.7;564759;Free;0
Mobile Security & Antivirus;PRODUCTIVITY;4.4;574719;Free;0
Mobile Security: Antivirus;FAMILY;3.9;903392;Free;0
Mobile Strike;ENTERTAINMENT;3.5;10939;Free;0
Mobile TV;BUSINESS;4.4;373;Free;0
MobileBiz Co - Cloud Invoice;SOCIAL;4;22695;Free;0
MobilePatrol Public Safety App;MEDICAL;2.5;124;Free;0
mobileRx Pharmacy;FINANCE;4.8;6;Free;0
Mobilight-BM;FINANCE;4.6;161440;Free;0
Mobills: Budget Planner;SPORTS;4.2;1904;Free;0
Mobitee GPS Golf Free;PRODUCTIVITY;4.3;1827212;Free;0
Mobizen Screen Recorder - Record;VIDEO_PLAYERS;4.5;58820;Free;0
Mobizen Screen Recorder for LG - Record;VIDEO_PLAYERS;4.4;953894;Free;0
Mobizen Screen Recorder for SAMSUNG;EVENTS;NaN;11;Free;0
mobLee Events;DATING;4.2;313769;Free;0
Moco - Chat;DATING;4.2;313724;Free;0
Moco - Chat;DATING;4.2;313724;Free;0
Moco - Chat;DATING;4.2;1545;Paid;3,99
Moco+ - Chat;DATING;4.2;1546;Paid;3,99
Moco+ - Chat;BOOKS_AND_REFERENCE;NaN;2;Free;0
MOD Black for BM;FAMILY;3.3;4288;Free;0
Mod GTA V for MCPE;SHOPPING;4.2;5121;Free;0
Modcloth – Unique Indie Women's Fashion & Style;SHOPPING;4.2;5121;Free;0
Modcloth – Unique Indie Women's Fashion & Style;GAME;4.2;492;Free;0
Modern Action Commando 3D;GAME;4.3;2903386;Free;0
Modern Combat 5: eSports FPS;FAMILY;4.1;17;Free;0
Modern Counter 3: FPS Multiplayers battlegro 3;GAME;4.1;297;Free;0
Modern Counter Global Strike 3D;GAME;4;368;Free;0
Modern Counter Global Strike 3D V2;GAME;4.2;340;Free;0
Modern Counter Terror Attack – Shooting Game;GAME;4;795;Free;0
Modern Counter Terrorist FPS Shoot;GAME;4.1;164;Free;0
Modern Sniper Strike: Best Commando Action 2k18;GAME;4.3;834117;Free;0
Modern Strike Online;PERSONALIZATION;4.2;868;Free;0
Modern: DU Launcher Theme;BOOKS_AND_REFERENCE;NaN;4;Free;0
Modlitební knížka CZ;TOOLS;4.2;271908;Free;0
MOD-MASTER for Minecraft PE (Pocket Edition) Free;FAMILY;3.5;173;Free;0
Mom Doctor ER Emergency Family Game;SOCIAL;4.5;19583;Free;0
Moment;PHOTOGRAPHY;4.2;1260143;Free;0
MomentCam Cartoons & Stickers;MEDICAL;3.2;45;Paid;3,99
MommyMeds;LIBRARIES_AND_DEMO;4.6;2580;Free;0
MOMOLAND BBoom BBoom;FINANCE;NaN;4;Free;0
mon guide au bank populaire -infos et instructions;MEDICAL;4.2;1135;Paid;9
Monash Uni Low FODMAP Diet;MEDICAL;4.2;1135;Paid;9
Monash Uni Low FODMAP Diet;TRAVEL_AND_LOCAL;NaN;12;Paid;1,99
Monastery of El Escorial;FINANCE;4.6;111254;Free;0
Monefy - Money Manager;FINANCE;4.4;126431;Free;0
Money Lover: Expense Tracker;FINANCE;4.4;126447;Free;0
Money Lover: Expense Tracker;FINANCE;4.2;2695;Free;0
Money Manager Ex for Android;FINANCE;4.6;134564;Free;0
Money Manager Expense & Budget;FINANCE;4.4;281635;Free;0
Moneycontrol – Stocks;FINANCE;4.4;281485;Free;0
Moneycontrol – Stocks;FAMILY;4.7;6188;Free;0
Monica Toy TV;HEALTH_AND_FITNESS;NaN;0;Paid;5,99
Monitor My BP;HEALTH_AND_FITNESS;4.5;126017;Free;0
Monitor Your Weight;SPORTS;4.4;32881;Free;0
Monster Fishing 2018;FAMILY;4.1;66661;Free;0
Monster High™;FAMILY;4.1;66660;Free;0
Monster High™;FAMILY;4.6;19170;Free;0
Monster High™ Minis Mania;FAMILY;3.7;128;Free;0
Monster Park AR - Jurassic Dinosaurs in Real World;GAME;5;1;Free;0
Monster Ride Pro;EDUCATION;4.4;748;Free;0
Monster Truck Driver & Racing;FAMILY;4.4;765;Free;0
Monster Truck Driver & Racing;AUTO_AND_VEHICLES;4.2;367;Free;0
Monster Truck Stunt 3D 2019;FAMILY;3.9;237;Free;0
Montessori Preschool;MEDICAL;NaN;0;Free;0
Monticello AH;GAME;4.6;9394;Paid;4,99
Monument Valley 2;MEDICAL;4.6;6035;Free;0
Moodpath - Depression & Anxiety Test;MEDICAL;4.5;503;Free;0
MoodSpace;MEDICAL;4.5;503;Free;0
MoodSpace;BOOKS_AND_REFERENCE;4.4;233757;Free;0
Moon+ Reader;WEATHER;4.2;11510;Free;0
Moonlight GO Weather EX;PHOTOGRAPHY;4.7;1320;Free;0
Moony Lab - Print Photos;EVENTS;NaN;13;Free;0
Moot Peru 2018;MAPS_AND_NAVIGATION;4.4;617477;Free;0
Moovit: Bus Time & Train Time Live Info;MAPS_AND_NAVIGATION;4.4;616742;Free;0
Moovit: Bus Time & Train Time Live Info;GAME;4.2;30630;Free;0
Mopar Drag N Brag;COMMUNICATION;3.9;1436;Free;0
Morse Code Reader;COMMUNICATION;3.7;166;Paid;4,99
Morse Decoder for Ham Radio;COMMUNICATION;4.8;341;Paid;0,99
Morse Machine for Ham Radio;TOOLS;4.6;79;Free;0
Morse Notifier Free;FAMILY;5;12;Paid;1,99
Morse Player;FAMILY;4.2;268;Free;0
Morse Player Free;COMMUNICATION;4.6;265;Paid;2,99
Morse Trainer for Ham Radio;GAME;4.4;3039889;Free;0
MORTAL KOMBAT X;HOUSE_AND_HOME;4.3;4435;Free;0
Mortgage by Zillow: Calculator & Rates;HOUSE_AND_HOME;4.3;4435;Free;0
Mortgage by Zillow: Calculator & Rates;FAMILY;4.4;1595;Free;0
Mosaic puzzles;FAMILY;4.3;6;Paid;399,99
most expensive app (H);TOOLS;4.2;18239;Free;0
Moto Display;GAME;3.9;85410;Free;0
Moto Fighter 3D;TOOLS;4.1;38655;Free;0
Moto File Manager;TOOLS;4.1;38679;Free;0
Moto File Manager;LIFESTYLE;3.4;4082;Free;0
Moto LED for Moto X & E [Root];PHOTOGRAPHY;3.3;3492;Free;0
Moto Photo Editor;GAME;4.2;115176;Free;0
Moto Rider;TOOLS;4.6;308;Free;0
Moto Suggestions ™;TOOLS;4.1;33216;Free;0
Moto Voice;TOOLS;2.2;605;Free;0
Moto Z Market;LIFESTYLE;NaN;1;Free;0
MOTOBAZAR EU;FAMILY;4;105954;Free;0
Motocross Beach Jumping 3D;FAMILY;3.8;22570;Free;0
Motocross Fun Simulator;GAME;3.8;35171;Free;0
Motocross Mayhem;GAME;3.6;51366;Free;0
Motocross Motorbike Simulator Offroad;GAME;3.9;178723;Free;0
Motorbike Driving Simulator 3D;TOOLS;4.2;24199;Free;0
Motorola Alert;TOOLS;4.1;37333;Free;0
Motorola Assist;PHOTOGRAPHY;3.6;219745;Free;0
Motorola Camera;VIDEO_PLAYERS;3.9;54807;Free;0
Motorola FM Radio;VIDEO_PLAYERS;3.9;54815;Free;0
Motorola FM Radio;VIDEO_PLAYERS;3.9;121916;Free;0
Motorola Gallery;ENTERTAINMENT;4.6;22508;Free;0
Motorola Spotlight Player™;DATING;2.7;3;Free;0
MouseMingle;DATING;2.7;3;Free;0
MouseMingle;SOCIAL;5;20;Free;0
Movement BE;FINANCE;3.8;861;Free;0
Moven - Smart Finances;FAMILY;NaN;10;Free;0
Movie DB;VIDEO_PLAYERS;4.7;70;Free;0
Movie Downloader Torrent : Az Torrent;ENTERTAINMENT;4.5;653008;Free;0
Movies by Flixster;ENTERTAINMENT;4.5;653008;Free;0
Movies by Flixster;ENTERTAINMENT;4.5;653008;Free;0
Movies by Flixster;PARENTING;4.7;107;Free;0
Mozart Baby Sleep;TOOLS;NaN;1;Free;0
MPS CL;COMMUNICATION;4.2;177263;Free;0
Mr. Number-Block calls & spam;VIDEO_PLAYERS;3.3;30;Free;0
M-Sight Pro;FINANCE;4.5;78361;Free;0
MSN Money- Stock Quotes & News;SPORTS;4.5;35394;Free;0
MSN Sports - Scores & Schedule;ENTERTAINMENT;3.8;35279;Free;0
MTV;ENTERTAINMENT;3.8;35279;Free;0
MTV;BUSINESS;NaN;30;Free;0
Mu Elite BR;BUSINESS;4.5;43;Free;0
Mu Mobile BR;GAME;5;2;Paid;0,99
Mu.F.O.;MEDICAL;NaN;1;Free;0
Mukwonago AH;FAMILY;4.1;227;Free;0
Multi Surgery ER Emergency Hospital : Doctor Game;FAMILY;4.2;23;Free;0
Multi Surgery Hospital Pro: Virtual Doctor ER Game;GAME;4;14563;Free;0
Multicraft Miner Exploration;PRODUCTIVITY;4.3;30443;Free;0
Multiling O Keyboard + emoji;PRODUCTIVITY;4.2;182;Free;0
MultiMessage for FB Messenger;PERSONALIZATION;4.3;505;Paid;1,99
MultiPicture Live Wallpaper dn;MEDICAL;4.5;131;Free;0
Multiple Sclerosis Dx & Mgmt.;VIDEO_PLAYERS;4.4;4706;Free;0
Multiple Videos at Same Time;EVENTS;4.9;69;Free;0
Mummatikabalkuragi;FOOD_AND_DRINK;3.9;464;Free;0
Munchery: Chef Crafted Fresh Food Delivered;GAME;4;41759;Free;0
Mupen64+AE FREE (N64 Emulator);GAME;4.2;4569;Paid;0,99
Mupen64Plus AE (N64 Emulator);MEDICAL;4.2;168;Paid;24,99
Muscle Premium - Human Anatomy;MEDICAL;4.2;168;Paid;24,99
Muscle Premium - Human Anatomy;MEDICAL;4.4;1361;Paid;2,99
Muscle Trigger Point Anatomy;VIDEO_PLAYERS;4.4;259605;Free;0
Music - Mp3 Player;FAMILY;NaN;0;Free;0
music (CG);LIFESTYLE;3.5;155;Free;0
Music Collector Inventory Organizer UPC Discogs;VIDEO_PLAYERS;4.3;47;Free;0
Music for Youtube - Tube Music BG;LIFESTYLE;4.7;1133393;Free;0
Muslim Pro - Prayer Times;DATING;3.7;1439;Free;0
Mutual - LDS Dating;SPORTS;4.4;4549;Free;0
MUTV - Manchester United TV;DATING;3.8;5164;Free;0
muzmatch: Muslim & Arab Singles;DATING;3.8;5164;Free;0
muzmatch: Muslim & Arab Singles;DATING;3.8;5168;Free;0
muzmatch: Muslim & Arab Singles;PHOTOGRAPHY;4.4;70189;Free;0
Muzy - Share photos & collages;PHOTOGRAPHY;4.4;70189;Free;0
Muzy - Share photos & collages;VIDEO_PLAYERS;4.5;6474426;Free;0
MX Player;VIDEO_PLAYERS;4.5;6474672;Free;0
MX Player;VIDEO_PLAYERS;4.5;6469179;Free;0
MX Player;LIBRARIES_AND_DEMO;4.3;332083;Free;0
MX Player Codec (ARMv7);SPORTS;4.8;3346;Free;0
My AEK - Official ΑΕΚ FC app;PRODUCTIVITY;NaN;1;Free;0
My Ag Report;PRODUCTIVITY;4.3;1498393;Free;0
My Airtel-Online Recharge;FAMILY;4.5;681;Free;0
My Android Device S/W & H/W;PARENTING;3.7;4976;Free;0
My baby firework;FAMILY;4.1;30;Paid;0,99
My baby firework (Remove ad);PARENTING;3.8;3614;Free;0
My baby Game (Balloon POP!);PARENTING;3.7;9293;Free;0
My baby Phone;PARENTING;3.9;17941;Free;0
My baby Piano;COMMUNICATION;4.1;141;Free;0
My BF App;FAMILY;4.4;899748;Free;0
My Boo - Your Virtual Pet Game;GAME;4.3;531074;Free;0
My Boy! Free - GBA Emulator;HEALTH_AND_FITNESS;2.6;186;Free;0
My BP Lab;FINANCE;4.7;19784;Paid;2,99
My Budget Book;PRODUCTIVITY;4.1;376;Free;0
My C Spire;MEDICAL;4.7;156410;Free;0
My Calendar - Period Tracker;MEDICAL;4.3;44;Free;0
My Cancer Coach;PRODUCTIVITY;NaN;0;Free;0
My CG;HEALTH_AND_FITNESS;4.4;7586;Free;0
My Chakra Meditation;HEALTH_AND_FITNESS;4.3;1288;Free;0
My Chakra Meditation 2;PARENTING;4.5;1025;Free;0
My Child from eDziecko.pl;PRODUCTIVITY;3.2;11200;Free;0
My Claro Peru;EDUCATION;4.1;9348;Free;0
My Class Schedule: Timetable;EDUCATION;4.1;9348;Free;0
My Class Schedule: Timetable;SHOPPING;3.2;661;Free;0
My College Bookstore;FOOD_AND_DRINK;4.5;22071;Free;0
My CookBook (Recipe Manager);FOOD_AND_DRINK;4.6;2129;Paid;3,49
My CookBook Pro (Ad Free);PRODUCTIVITY;4.6;48;Free;0
My CU - Caucasus University;TOOLS;3;1;Free;0
My CW;HEALTH_AND_FITNESS;4.3;26652;Free;0
My Cycles Period and Ovulation;LIFESTYLE;4.1;49147;Free;0
My Day - Countdown Calendar 🗓️;HEALTH_AND_FITNESS;4.5;93691;Free;0
My Days - Ovulation Calendar & Period Tracker ™;HEALTH_AND_FITNESS;4.4;141163;Free;0
My Diet Coach - Weight Loss Motivation & Tracker;HEALTH_AND_FITNESS;4.1;18539;Free;0
My Diet Diary Calorie Counter;HEALTH_AND_FITNESS;4.1;18539;Free;0
My Diet Diary Calorie Counter;LIFESTYLE;4.1;12452;Free;0
My Dressing - Fashion closet;LIFESTYLE;4.1;12452;Free;0
My Dressing - Fashion closet;LIFESTYLE;4.2;9;Free;0
My Dy Dice - 3D Dice Roller;WEATHER;4.4;3471;Free;0
My Earthquake Alerts - US & Worldwide Earthquakes;FAMILY;3.3;4114;Free;0
My EF;FAMILY;2.8;89;Free;0
My EF Center;PRODUCTIVITY;4.6;14089;Free;0
My Effectiveness: To do;FAMILY;4.1;245839;Free;0
My Emma :);FAMILY;3.8;4;Free;0
My EU;FAMILY;3.7;3258;Free;0
My Ex Girlfriend Comes Back;LIFESTYLE;2.8;3187;Free;0
My EZ-Link Mobile;FINANCE;3.8;1054;Free;0
my face;TOOLS;NaN;2;Free;0
My FR App;MAPS_AND_NAVIGATION;3.7;96;Free;0
My G:;PRODUCTIVITY;NaN;0;Free;0
MY GULFPORT FL;FAMILY;4.5;3776;Free;0
My Handbook : EE;FAMILY;4.5;1333338;Free;0
My Horse;BOOKS_AND_REFERENCE;3.3;7993;Free;0
My Little Pony AR Guide;FAMILY;4.3;63160;Free;0
My Little Pony Celebration;FAMILY;4.3;63192;Free;0
My Little Pony Celebration;FAMILY;4.3;33785;Free;0
My Little Pony Rainbow Runners;FAMILY;4.1;148295;Free;0
My Little Pony: Harmony Quest;FAMILY;4.1;148405;Free;0
My Little Pony: Harmony Quest;FAMILY;4.4;1309728;Free;0
MY LITTLE PONY: Magic Princess;FAMILY;4.2;11002;Free;0
My Little Pony: Story Creator;FAMILY;4.3;169;Paid;2,99
My Little Princess : Stores;FAMILY;4.3;560;Paid;3,99
My Little Work – Garage;MAPS_AND_NAVIGATION;4.3;29768;Free;0
My Location: GPS Maps;TOOLS;3.5;163997;Free;0
My love;COMMUNICATION;3.9;42370;Free;0
My magenta;LIFESTYLE;4.1;1213;Free;0
My MLS App;LIFESTYLE;4.6;6477;Paid;7,99
My Movies Pro - Movie & TV Collection Library;FAMILY;3.6;783;Free;0
My Nexus for CS:S & CS:GO;FAMILY;4.6;106750;Free;0
My Oasis - Calming and Relaxing Idle Clicker Game;GAME;4.2;51787;Free;0
My OldBoy! Free - GBC Emulator;TOOLS;4.2;3606;Free;0
My Ooredoo Algeria;PHOTOGRAPHY;4.3;56114;Free;0
My Photo Keyboard;PHOTOGRAPHY;4.1;211620;Free;0
My Photo Keyboard;FOOD_AND_DRINK;4.6;11707;Free;0
My Recipes Cookbook : RecetteTek;BUSINESS;4.5;67000;Free;0
My Space - Employment Center;EDUCATION;4.3;47847;Free;0
My Study Life - School Planner;PERSONALIZATION;4.5;314;Free;0
My Style CM 13 Theme;FAMILY;4.5;9876369;Free;0
My Talking Angela;GAME;4.5;9881829;Free;0
My Talking Angela;GAME;4.5;9881908;Free;0
My Talking Angela;GAME;4.5;9883367;Free;0
My Talking Angela;ENTERTAINMENT;4.6;6238;Paid;4,99
My Talking Pet;FAMILY;4.5;14885236;Free;0
My Talking Tom;GAME;4.5;14891223;Free;0
My Talking Tom;GAME;4.5;14892469;Free;0
My Talking Tom;FAMILY;4.3;28735;Free;0
My Tamagotchi Forever;FAMILY;4;155276;Free;0
My Teacher - Classroom Play;TOOLS;3.1;45838;Free;0
My Telcel;COMMUNICATION;4.3;158679;Free;0
My Tele2;FAMILY;4.2;128;Free;0
My Theme Park: RollerCoaster & Water Park Tycoon;TOOLS;2.5;247;Free;0
My Truck;FAMILY;4.3;105;Paid;0,99
My Virtual Boyfriend;COMMUNICATION;3.7;25021;Free;0
My Vodacom SA;COMMUNICATION;3.8;12667;Free;0
My Vodafone (GR);FAMILY;4.5;26916;Free;0
My Wild Pet: Online Animal Sim;EVENTS;4.6;573;Free;0
my4D;MEDICAL;3.7;236;Free;0
myAir™ for Air10™ by ResMed;BUSINESS;4.6;822;Free;0
Myanmar 2D/3D;BUSINESS;4.4;380837;Free;0
MyASUS - Service Center;PRODUCTIVITY;3.7;80847;Free;0
myAT&T;PRODUCTIVITY;3.7;80816;Free;0
myAT&T;LIFESTYLE;3.8;250;Free;0
MyAV Remote for Denon & Marantz AV Receivers;MEDICAL;4.2;19473;Free;0
MyChart;LIFESTYLE;3.5;6747;Free;0
myChevrolet;FINANCE;3;4;Free;0
MYCU TX Mobile Banking;PRODUCTIVITY;4.6;84;Paid;4,29
myGrow;EDUCATION;4;28392;Free;0
myHomework Student Planner;SOCIAL;NaN;1;Free;0
Myjob@BM;PRODUCTIVITY;4.3;4441;Free;0
MyLifeOrganized: To-Do List;TRAVEL_AND_LOCAL;4.2;556;Free;0
myLPG.eu;COMMUNICATION;4.5;305218;Free;0
myMail – Email for Hotmail;TOOLS;4;26189;Free;0
myMetro;FINANCE;4.2;21996;Free;0
MyMo by GSB;PRODUCTIVITY;4;8550;Free;0
MyMTN;MEDICAL;4.6;64;Free;0
myNaida CI;SHOPPING;4.3;1315242;Free;0
Myntra Online Shopping App;HEALTH_AND_FITNESS;4.6;24094;Free;0
MyPlate Calorie Tracker;HEALTH_AND_FITNESS;4.6;24094;Free;0
MyPlate Calorie Tracker;TOOLS;3.6;3642;Free;0
myQ;MEDICAL;4;3803;Free;0
MyQuest for Patients;WEATHER;4.5;178934;Free;0
MyRadar NOAA Weather Radar;WEATHER;4.5;3005;Paid;2,99
MyRadar NOAA Weather Radar Ad Free;TOOLS;4.5;342336;Free;0
MyScript Calculator;TOOLS;NaN;0;Free;0
mySharpBranded CI Test;COMMUNICATION;4.3;37320;Free;0
mysms SMS Text Messaging Sync;MEDICAL;4.6;21189;Free;0
mySugr: the blood sugar tracker made just for you;MEDICAL;4.6;21189;Free;0
mySugr: the blood sugar tracker made just for you;MEDICAL;4.6;21187;Free;0
mySugr: the blood sugar tracker made just for you;FAMILY;4.2;17108;Free;0
Myth Defense 2: DF;FAMILY;4.6;1764;Paid;3,99
Myth Defense 2: DF Platinum;MAPS_AND_NAVIGATION;2.9;30;Free;0
MYTO CZ;MEDICAL;3.8;122;Free;0
myvi by;PRODUCTIVITY;4.1;1092367;Free;0
MyVodafone (India) - Online Recharge & Pay Bills;MEDICAL;NaN;0;Free;0
MyWoundDoctor - Provider;PRODUCTIVITY;4.3;369;Free;0
N Files - File Manager & Explorer;PERSONALIZATION;4.4;32597;Free;0
N Launcher - Nougat 7.0;PERSONALIZATION;4.3;2538;Paid;2,99
N Launcher Pro - Nougat 7.0;PERSONALIZATION;4.2;128;Free;0
N Launcher: Nougat Theme;NEWS_AND_MAGAZINES;NaN;2;Free;0
N+ News Bulgaria;HOUSE_AND_HOME;4.5;7619;Free;0
N1.RU - Real estate: apartments;NEWS_AND_MAGAZINES;4.3;2746;Free;0
Naidunia: MP News & CG News;ART_AND_DESIGN;4.3;132;Free;0
Name Art DP - Focus n Filter Text 2018;ART_AND_DESIGN;4.4;8788;Free;0
Name Art Photo Editor - Focus n Filters;EVENTS;4.1;3089;Free;0
Name days;FAMILY;4.1;154;Free;0
Nancy Drew Codes and Clues;FAMILY;4.7;244797;Free;0
Narcos: Cartel Wars;COMICS;4.5;564387;Free;0
Narrator's Voice;SOCIAL;NaN;7;Free;0
Naruto & Boruto FR;VIDEO_PLAYERS;3.9;141515;Free;0
Naruto Shippuden - Watch Free!;GAME;4.4;267395;Free;0
NARUTO X BORUTO NINJA VOLTAGE;SPORTS;4.2;80900;Free;0
NASCAR MOBILE;FAMILY;4.7;557;Free;0
Nasihat - Chalo ae Pyaara;FAMILY;4.3;45579;Free;0
Nasty Goats;MAPS_AND_NAVIGATION;3.5;18857;Free;0
National Rail Enquiries;NEWS_AND_MAGAZINES;NaN;0;Free;0
NATIVE ENTERTAINMENT MAGAZINE - ISSUE # 1;BUSINESS;NaN;2;Free;0
NativeScript Developer Day EU;BEAUTY;4.7;1150;Free;0
Natural recipes for your beauty;LIFESTYLE;4.8;28588;Free;0
Nature Sounds;MEDICAL;4.7;11;Paid;15,99
Navi Radiography Pro;TRAVEL_AND_LOCAL;4.1;928;Free;0
Navigation Plus;TRAVEL_AND_LOCAL;3.6;892;Paid;2,49
Navigator PRO - GPS Navigation with Offline Maps;MAPS_AND_NAVIGATION;4.2;41225;Free;0
NAVITIME - Map & Transfer Navi;MAPS_AND_NAVIGATION;3.7;6939;Free;0
NAVITIME Bus Transit JAPAN;TRAVEL_AND_LOCAL;4;5960;Free;0
Navmii GPS USA (Navfree);FINANCE;4.4;43313;Free;0
Navy Federal Credit Union;GAME;4;103199;Free;0
Navy Gunner Shoot War 3D;FINANCE;4.1;44;Free;0
NB|AZ Business Mobile Banking;FINANCE;4;463;Free;0
NB|AZ Mobile Banking;SPORTS;4.4;108318;Free;0
NBA;FAMILY;4.3;56444;Paid;4,99
NBA JAM by EA SPORTS™;SPORTS;4.4;1690802;Free;0
NBA LIVE Mobile Basketball;FAMILY;4.1;413;Free;0
N-Back;NEWS_AND_MAGAZINES;4.1;63020;Free;0
NBC News;NEWS_AND_MAGAZINES;4.1;63020;Free;0
NBC News;SPORTS;3.1;78442;Free;0
NBC Sports;SPORTS;2.9;3017;Free;0
NBC Sports Gold;SPORTS;4.1;34123;Free;0
NCAA March Madness Live;SPORTS;3.9;4272;Free;0
NCAA Sports;MEDICAL;5;1;Free;0
NCLEX Multi-topic Nursing Exam Review-Quiz & notes;MEDICAL;NaN;2;Free;0
NCLEX-RN Q&A FLASH CARDS - FA Davis;COMMUNICATION;3.3;960;Free;0
N-Com Wizard;GAME;4.1;14002;Free;0
NDS Emulator - For Android 6;GAME;3.4;107778;Free;0
nds4droid;TOOLS;3.3;35;Free;0
NDS-controller;FINANCE;4.2;6076;Free;0
Nedbank Money;GAME;NaN;0;Free;0
Nedir Bu ?;GAME;4.4;3344300;Free;0
Need for Speed™ No Limits;LIFESTYLE;3.9;2042;Free;0
Neighborhoods & Apartments;BUSINESS;5;4;Free;0
NEMA ei;MEDICAL;4.4;65;Free;0
Nemours CareConnect;BUSINESS;4.6;7;Free;0
Neon Blue Gaming Wallpaper&Theme fo Lenovo K8 Note;PERSONALIZATION;4.8;557;Paid;0,99
Neon Glow C - Icon Pack;PERSONALIZATION;4.7;25;Paid;0,99
Neon-R (Red);FINANCE;4.6;2417;Free;0
NerdWallet: Personal Finance;VIDEO_PLAYERS;4.2;1008;Free;0
Nero AirBurn;BUSINESS;NaN;0;Free;0
NetApp CE;BUSINESS;3.5;125;Free;0
NetClient CS;ENTERTAINMENT;4.4;5456208;Free;0
Netflix;ENTERTAINMENT;4.4;5456208;Free;0
Netflix;ENTERTAINMENT;4.4;5456599;Free;0
Netflix;ENTERTAINMENT;4.4;5456708;Free;0
Netflix;FAMILY;4.4;5453997;Free;0
Netflix;TOOLS;4.1;9496;Free;0
NETGEAR WiFi Analytics;FINANCE;4.2;15993;Free;0
NetSpend Prepaid;FINANCE;3.9;1098;Free;0
Netspend Skylight ONE;TOOLS;4.1;33926;Free;0
Network Signal Info;EDUCATION;4.5;248555;Free;0
NeuroNation - Focus and Brain Training;LIFESTYLE;4.7;57;Free;0
Neuvaine au Saint-Esprit;LIFESTYLE;NaN;17;Free;0
Neuvaines et prières au Coeur Sacré de Jésus;NEWS_AND_MAGAZINES;4.4;158196;Free;0
NEW - Read Newspaper;PERSONALIZATION;4.6;298321;Free;0
New 2018 Keyboard;WEATHER;4.5;2332;Free;0
New 2018 Weather App & Widget;PRODUCTIVITY;4.5;25985;Free;0
New Calendar;PERSONALIZATION;NaN;0;Free;0
New CL 2ne1 Wallpaper KPOP live;PRODUCTIVITY;4.6;12;Free;0
New Holland Agriculture T5 EC;PERSONALIZATION;4.4;142393;Free;0
New Launcher 2018;LIBRARIES_AND_DEMO;4.1;3781;Free;0
New Ringtones 2018;PERSONALIZATION;4.7;8642;Free;0
NEW Theme for Phone X;PERSONALIZATION;NaN;1;Free;0
New Wallpapers Toyota FJ Cruiser Theme;GAME;4.1;42079;Free;0
New YAHTZEE® With Buddies Dice Game;GAME;4.5;514;Paid;6,99
New York Mysteries (Full);FAMILY;2.8;4;Free;0
New: CL-150;SHOPPING;4.5;35497;Free;0
Newegg Mobile;SHOPPING;4.5;35479;Free;0
Newegg Mobile;NEWS_AND_MAGAZINES;NaN;1;Free;0
News :DW Bangali;NEWS_AND_MAGAZINES;3.7;1032;Free;0
News 5 Cleveland;NEWS_AND_MAGAZINES;4.2;1137;Free;0
News 8 San Diego;NEWS_AND_MAGAZINES;4.2;522205;Free;0
News by The Times of India Newspaper - Latest News;SOCIAL;NaN;3;Free;0
News Dz;NEWS_AND_MAGAZINES;3.8;881;Free;0
News Minecraft.fr;NEWS_AND_MAGAZINES;4.3;479594;Free;0
News Republic;NEWS_AND_MAGAZINES;NaN;1;Free;0
News.aw;NEWS_AND_MAGAZINES;NaN;1;Free;0
news.com.au;NEWS_AND_MAGAZINES;4.3;25;Free;0
News: DW Español;NEWS_AND_MAGAZINES;4.9;9;Free;0
News: DW Hausa;NEWS_AND_MAGAZINES;4.7;10;Free;0
News: RFI Hausa;NEWS_AND_MAGAZINES;4.1;30693;Free;0
News24;NEWS_AND_MAGAZINES;4.4;30722;Free;0
News360: Personalized News;NEWS_AND_MAGAZINES;4.4;291901;Free;0
NewsDog - Latest News;NEWS_AND_MAGAZINES;4.5;76;Free;0
News-Journal-Daytona Beach;NEWS_AND_MAGAZINES;4.2;201737;Free;0
Newsroom: News Worth Sharing;NEWS_AND_MAGAZINES;4.2;201737;Free;0
Newsroom: News Worth Sharing;PHOTOGRAPHY;3.5;77;Paid;19,99
NewTek NDI;COMMUNICATION;4;122595;Free;0
Newton Mail - Email App for Gmail;EDUCATION;4.3;206;Free;0
Next Gen Science Standards;FAMILY;3.9;29;Free;0
Next Island: Dino Village;PERSONALIZATION;4.4;175;Paid;0,99
Next Launcher 3D Bold-CF Theme;PERSONALIZATION;4.4;83;Paid;1,7
Next Launcher 3D Theme Hit-B;PERSONALIZATION;4.2;59;Paid;1,7
Next Launcher 3D Theme Hit-G;PERSONALIZATION;4.4;2839;Free;0
Next Launcher 3D Theme Stun-BW;TOOLS;4.3;1320;Free;0
Next Portuguese(BR) Langpack;MAPS_AND_NAVIGATION;4.3;891;Free;0
NEXTCHARGE - Charging Stations;SOCIAL;4.3;51502;Free;0
Nextdoor - Local neighborhood news & classifieds;SOCIAL;4.3;51504;Free;0
Nextdoor - Local neighborhood news & classifieds;SPORTS;4.1;459795;Free;0
NFL;SPORTS;4.1;459795;Free;0
NFL;SPORTS;4.1;459797;Free;0
NFL;EVENTS;4.8;8;Free;0
NFP 2018;SPORTS;4;68935;Free;0
NHL;LIFESTYLE;4;42;Free;0
Niche: College;ENTERTAINMENT;4.2;123279;Free;0
Nick;ENTERTAINMENT;4.2;123279;Free;0
Nick;ENTERTAINMENT;4.2;123279;Free;0
Nick;ENTERTAINMENT;4.2;123279;Free;0
Nick;FAMILY;4.2;123322;Free;0
Nick;FAMILY;4.2;123309;Free;0
Nick;ENTERTAINMENT;4.2;8968;Free;0
Nick Jr. - Shows & Games;NEWS_AND_MAGAZINES;4.3;37882;Free;0
Nigeria News NAIJ.com;PHOTOGRAPHY;3.6;100;Free;0
Night Camera Blur Effect;PHOTOGRAPHY;4.5;4400;Free;0
Night Photo Frame;PERSONALIZATION;4.3;1419;Free;0
Night: DU Launcher Theme;GAME;4.5;20;Paid;0,99
Nightenfell: Shared AR;GAME;4;47151;Free;0
Nights at Cube Pizzeria 3D – 2;FAMILY;4;15875;Free;0
Nights at Cube Pizzeria 3D – 3;GAME;4.1;7728;Free;0
Nights at Cube Pizzeria 3D – 4;GAME;4.1;2628;Free;0
Nights at Slender Pizzeria 3D;LIFESTYLE;4.5;16426;Free;0
Nights Keeper (do not disturb);FAMILY;4.3;382;Paid;2,99
Nighty Night Circus;FAMILY;4.3;382;Paid;2,99
Nighty Night Circus;SHOPPING;4.7;67071;Free;0
Nike;HEALTH_AND_FITNESS;4.6;251534;Free;0
Nike Training Club - Workouts & Fitness Plans;HEALTH_AND_FITNESS;4.6;251534;Free;0
Nike Training Club - Workouts & Fitness Plans;HEALTH_AND_FITNESS;4.6;251618;Free;0
Nike Training Club - Workouts & Fitness Plans;HEALTH_AND_FITNESS;4.4;708674;Free;0
Nike+ Run Club;HEALTH_AND_FITNESS;4.4;708710;Free;0
Nike+ Run Club;HEALTH_AND_FITNESS;4.4;708710;Free;0
Nike+ Run Club;HEALTH_AND_FITNESS;4.4;708753;Free;0
Nike+ Run Club;COMMUNICATION;4.2;42925;Free;0
Ninesky Browser;FAMILY;4.7;8508;Free;0
Ninja Dash - Ronin Jump RPG;FAMILY;4.8;12;Free;0
Ninja FN Button;FAMILY;4.3;344283;Free;0
Ninja Turtles: Legends;GAME;4.3;421000;Free;0
NinJump;LIFESTYLE;2.3;853;Free;0
NissanConnect® EV & Services;PHOTOGRAPHY;4.6;819774;Free;0
No Crop & Square for Instagram;PHOTOGRAPHY;4.6;819694;Free;0
No Crop & Square for Instagram;FAMILY;3.3;24091;Free;0
No Pimple - Fun games;FAMILY;4.8;269194;Free;0
No. Color - Color by Number;FAMILY;4.4;23474;Free;0
No.Color – Color by Number;FAMILY;4.6;9016;Free;0
No.Diamond – Colors by Number;ENTERTAINMENT;4.5;235496;Free;0
No.Draw - Colors by Number 2018;FAMILY;4.5;235906;Free;0
No.Draw - Colors by Number 2018;DATING;4.2;1939;Free;0
NoBuffDating - Free Dating App;TOOLS;4.4;12215;Free;0
Nokia mobile support;NEWS_AND_MAGAZINES;5;3;Free;0
NOMISMA.com.cy by FMW;BOOKS_AND_REFERENCE;4.7;19080;Free;0
NOOK App for NOOK Devices;BOOKS_AND_REFERENCE;4.7;19090;Free;0
NOOK App for NOOK Devices;BOOKS_AND_REFERENCE;3.5;2539;Free;0
NOOK Audiobooks;BOOKS_AND_REFERENCE;4.5;155446;Free;0
NOOK: Read eBooks & Magazines;BOOKS_AND_REFERENCE;4.5;155466;Free;0
NOOK: Read eBooks & Magazines;FAMILY;4.5;74;Free;0
Noot-Noot-er!;SHOPPING;4.6;2278;Free;0
Nordstrom;PERSONALIZATION;4.1;12180;Free;0
Northern Lights FREE (Aurora);TOOLS;4.6;1170641;Free;0
Norton Security and Antivirus;FAMILY;NaN;0;Paid;39,99
Norwegian For Kids & Babies F;FAMILY;3.2;37584;Free;0
Nose Doctor X: Booger Mania;FAMILY;3.1;269;Free;0
Nose Surgery ER Simulator Lite;PRODUCTIVITY;4.4;57033;Free;0
Note Everything;PERSONALIZATION;4.4;7;Free;0
Note FE Theme And Launcher For Samsung Galaxy;PRODUCTIVITY;4.2;80581;Free;0
Notepad;PRODUCTIVITY;4.3;226295;Free;0
Notepad & To do list;PRODUCTIVITY;4.3;226295;Free;0
Notepad & To do list;LIFESTYLE;4.6;10484;Free;0
Notes : Colorful Notepad Note;PRODUCTIVITY;4.5;57449;Free;0
NoteToDo. Notes. To do list;SOCIAL;NaN;2;Free;0
Noticias DF;NEWS_AND_MAGAZINES;5;4;Free;0
Noticias FC Barcelona;PERSONALIZATION;NaN;0;Free;0
Nougat Android 7 Launcher : AW;PERSONALIZATION;4.6;1121805;Free;0
Nova Launcher;PERSONALIZATION;4.6;1121805;Free;0
Nova Launcher;NEWS_AND_MAGAZINES;3.7;2375;Free;0
Novinky.cz;NEWS_AND_MAGAZINES;4;24790;Free;0
NPR News;NEWS_AND_MAGAZINES;4;24790;Free;0
NPR News;NEWS_AND_MAGAZINES;3.9;13217;Free;0
NPR One;PRODUCTIVITY;4.4;427185;Free;0
NQ Mobile Security & Antivirus;FINANCE;4.1;13868;Free;0
NSE Mobile Trading;TRAVEL_AND_LOCAL;4.3;165299;Free;0
NTES;FINANCE;4.7;130582;Free;0
Nubank;MEDICAL;3.7;20;Free;0
Nucleus Smart;FAMILY;3.4;2714;Free;0
Nuke Em All;FAMILY;4.3;1024;Free;0
Number Counting games for toddler preschool kids;MEDICAL;NaN;0;Paid;14,99
Number Therapy;PRODUCTIVITY;4.4;457;Free;0
Numbers Into Words;FINANCE;3.8;472;Free;0
Numerica CU;LIBRARIES_AND_DEMO;5;15;Free;0
Nur təfsiri 1-ci cild;MEDICAL;4.5;1686;Free;0
Nurse Grid;MEDICAL;4.5;1686;Free;0
Nurse Grid;MEDICAL;3;4;Paid;0,99
Nursing Care Plan NANDA Tables;MEDICAL;4.3;168;Free;0
Nursing Central;FINANCE;3.5;805;Free;0
Nusenda CU– Mobile Banking;SPORTS;3.3;1391;Free;0
NUsport;FINANCE;2.8;851;Free;0
NY mobilbank DK - Danske Bank;GAME;4.5;371318;Free;0
Nyan Cat: Lost In Space;NEWS_AND_MAGAZINES;3.9;63647;Free;0
NYTimes - Latest News;NEWS_AND_MAGAZINES;3.9;63647;Free;0
NYTimes - Latest News;NEWS_AND_MAGAZINES;3.9;63640;Free;0
NYTimes - Latest News;BOOKS_AND_REFERENCE;NaN;14;Paid;0,99
O Céu e o Inferno;TOOLS;4.3;2059;Free;0
O Launcher;TOOLS;4.4;11393;Free;0
O Launcher 8.0 for Android™ O Oreo Launcher;TOOLS;3.9;145;Free;0
O Multiple - App Cloner;SHOPPING;3.9;671;Free;0
O Shopping;NEWS_AND_MAGAZINES;4.8;311;Free;0
أحداث وحقائق | خبر عاجل في اخبار العالم;FAMILY;4.5;108130;Free;0
الفاتحون Conquerors;ART_AND_DESIGN;4.4;13;Free;0
صور حرف H;GAME;NaN;4;Paid;0,99
Obbligo o Verità? PRO;MEDICAL;4.4;34;Free;0
OB-GYN USMLE Stp2 CK 300 Q & A;NEWS_AND_MAGAZINES;NaN;2;Free;0
OBJECTIFINFOS.CD;VIDEO_PLAYERS;3.8;19738;Free;0
OBJECTIVE;NEWS_AND_MAGAZINES;4.5;75;Free;0
Ocala Star Banner;TRAVEL_AND_LOCAL;3;331;Free;0
Octo U: Your driving companion;GAME;4.6;1475;Paid;4,99
Oddworld: New 'n' Tasty;BUSINESS;3.4;15;Free;0
ODTMobile;BUSINESS;4;3;Free;0
ODTMobile v4;MEDICAL;3.4;16;Free;0
OE TRACKER CE Attendance App;COMMUNICATION;NaN;0;Free;0
Of the wall Arapaho bk;SHOPPING;4.6;591312;Free;0
OfferUp - Buy. Sell. Offer Up;FAMILY;3.8;21149;Free;0
Office Bike Racing Simulator;BUSINESS;4.3;1002861;Free;0
OfficeSuite : Free Office + PDF Editor;BUSINESS;4.3;1002859;Free;0
OfficeSuite : Free Office + PDF Editor;BUSINESS;4.2;88073;Free;0
OfficeSuite Pro + PDF (Trial);TRAVEL_AND_LOCAL;4.2;1291;Free;0
Official AL Fishing & Hunting;LIFESTYLE;4.9;301;Free;0
Official Madhuban Murli;LIFESTYLE;3.2;3031;Free;0
Official Matsumoto Kiyoshi application;MEDICAL;4.4;137;Free;0
Official NBSTSA CSFA Exam Prep;MEDICAL;4.4;2159;Free;0
Official NBSTSA CST Exam Prep;PRODUCTIVITY;4.4;3031;Free;0
"Official QR Code® Reader ""Q""";BOOKS_AND_REFERENCE;3.4;116;Paid;4,6
Officiel du SCRABBLE LAROUSSE;BOOKS_AND_REFERENCE;4.2;860;Free;0
Offline English Dictionary;MAPS_AND_NAVIGATION;4.6;7314;Free;0
Offline Jízdní řády CG Transit;TRAVEL_AND_LOCAL;4.7;192641;Free;0
Offline Maps & Navigation;TRAVEL_AND_LOCAL;4.7;193364;Free;0
Offline Maps & Navigation;BOOKS_AND_REFERENCE;4.7;967;Free;0
Offline: English to Tagalog Dictionary;FAMILY;4.3;26224;Free;0
Offroad 4x4 Car Driving;FAMILY;4.3;64884;Free;0
Offroad Car G;FAMILY;4.2;1960;Free;0
Offroad Car H;FAMILY;4.1;24668;Free;0
Offroad Car Q;FAMILY;4.3;42432;Free;0
Offroad Cruiser;GAME;3.5;2071;Free;0
Offroad drive : 4x4 driving game;FAMILY;4.4;7715;Free;0
Offroad G-Class 2018;AUTO_AND_VEHICLES;4.3;542;Free;0
Offroad Oil Tanker Driver Transport Truck 2019;GAME;4.4;29168;Free;0
Offroad Outlaws;FAMILY;4.3;4551;Free;0
Offroad Pickup Truck F;FAMILY;4.4;6367;Free;0
Offroad Pickup Truck R;FAMILY;4.2;5178;Free;0
Offroad Pickup Truck S;FAMILY;4.3;9149;Free;0
Offroad Police Car DE;FAMILY;4.2;109;Free;0
OFF-ROAD SIMULATOR 4x4 : REAL;FAMILY;4.3;1216;Free;0
OffRoad US Army Train Driving Simulator;GAME;4.5;49971;Free;0
Oggy;FAMILY;3;4;Free;0
Ohio State Fair 4-H;LIFESTYLE;3.7;33264;Free;0
OK cashbag [point of pleasure];FAMILY;4.5;76608;Free;0
OK K.O.! Lakewood Plaza Turbo;DATING;4.1;285726;Free;0
OkCupid Dating;DATING;4.1;285726;Free;0
OkCupid Dating;DATING;4.1;285838;Free;0
OkCupid Dating;COMMUNICATION;NaN;0;Free;0
Oklahoma Ag Co-op Council;FAMILY;3.8;120;Free;0
Old: CL-150;FAMILY;3.8;589;Free;0
O-Level Past Papers & Solution (up to 2017);SHOPPING;4.2;857923;Free;0
OLX - Buy and Sell;SHOPPING;4.2;4977;Free;0
OLX Uganda Sell Buy Cellphones;FOOD_AND_DRINK;4.6;556;Free;0
Om Waleed Sweets;MEDICAL;NaN;0;Free;0
OMD Protocols;PERSONALIZATION;4.2;12;Paid;0,99
OMEGA Black UI Theme - CM 12+;FAMILY;3.7;70105;Free;0
OMG Gross Zit - Date Nightmare;VIDEO_PLAYERS;4.4;169965;Free;0
Omlet Arcade - Stream;COMMUNICATION;3.9;40751;Free;0
Omlet Chat;MEDICAL;4.7;25;Paid;4,99
OmniMedix Medical Calculator;LIFESTYLE;NaN;0;Free;0
On a Bu Pour Vous OBPV;DATING;4.4;222888;Free;0
Once - Quality Matches Every day;DATING;4.4;222888;Free;0
Once - Quality Matches Every day;GAME;4.7;37139;Free;0
Once Upon a Tower;PERSONALIZATION;4.3;26601;Free;0
One Launcher;GAME;3.3;2717;Free;0
One Night at Golden Freddy's;LIFESTYLE;4.5;2586;Free;0
One Today by Google;FAMILY;NaN;40;Free;0
ONEC DZ;SPORTS;4.7;911995;Free;0
Onefootball - Soccer Scores;VIDEO_PLAYERS;3.8;5555;Free;0
OnePlus Gallery;PERSONALIZATION;4.8;440;Free;0
OnePlus Icon Pack;PERSONALIZATION;4.7;229;Free;0
OnePlus Icon Pack - Square;PERSONALIZATION;4;24215;Free;0
OnePlus Launcher;NEWS_AND_MAGAZINES;4;13950;Free;0
Onet - news;MEDICAL;3.9;6266;Free;0
OneTouch Reveal;DATING;4.7;18;Free;0
Online Chat Girls Meet;DATING;4.8;5323;Free;0
Online Girls Chat;DATING;5;5;Free;0
Online Girls Chat Group;FINANCE;4;37;Free;0
Online Kerala EB Bill Pay;SPORTS;4.5;1312936;Free;0
Online Soccer Manager (OSM);VIDEO_PLAYERS;3.1;167;Paid;0,99
Online TV CZ/SK PRO;BOOKS_AND_REFERENCE;4.6;1065;Free;0
Only 30 days in English;GAME;4.5;100;Paid;3,99
ONScripter Plus (Ad Free);MEDICAL;4.3;6079;Free;0
OnTrack Diabetes;PERSONALIZATION;4.4;14832;Free;0
OO Launcher for Android O 8.0 Oreo™ Launcher;SOCIAL;4.3;1157004;Free;0
ooVoo Video Calls;SOCIAL;4.3;1157003;Free;0
ooVoo Video Calls;PHOTOGRAPHY;4.3;116880;Free;0
Open Camera;PHOTOGRAPHY;4.3;116880;Free;0
Open Camera;PHOTOGRAPHY;4.3;116769;Free;0
Open Camera;FAMILY;4.7;7;Free;0
Open Heart Surgery Hospital ER: Crazy Doctor Sim;TOOLS;4.2;12121;Free;0
Open in WhatsApp (click to chat);MEDICAL;4.4;197;Free;0
Open Sesame - Touch Free Control;LIBRARIES_AND_DEMO;3.7;12657;Free;0
OpenCV Manager;TOOLS;4.6;78;Free;0
OpenGL ES CapsViewer;TOOLS;4.2;513;Free;0
OpenGL ES Extensions - The OpenGL Utility;TOOLS;4.3;249;Free;0
OpenGL-ES Info;FOOD_AND_DRINK;3.6;14952;Free;0
OpenRice;FOOD_AND_DRINK;4.6;90242;Free;0
OpenTable: Restaurants Near Me;TOOLS;4.2;154578;Free;0
OpenVPN Connect – Fast & Safe SSL VPN Client;COMMUNICATION;4.4;2473509;Free;0
Opera Browser: Fast and Secure;COMMUNICATION;4.4;2473693;Free;0
Opera Browser: Fast and Secure;COMMUNICATION;4.4;2473795;Free;0
Opera Browser: Fast and Secure;COMMUNICATION;4.5;5149854;Free;0
Opera Mini - fast web browser;COMMUNICATION;4.5;5150471;Free;0
Opera Mini - fast web browser;COMMUNICATION;4.5;5150801;Free;0
Opera Mini - fast web browser;COMMUNICATION;4.4;401530;Free;0
Opera Mini browser beta;NEWS_AND_MAGAZINES;4.5;51684;Free;0
Opera News - Trending news and videos;FAMILY;4.3;254861;Free;0
Operate Now: Hospital;MEDICAL;3.9;10;Paid;5,99
OptoDrum;MEDICAL;3.4;1838;Free;0
OptumRx;LIFESTYLE;5;103;Free;0
Oración CX;BUSINESS;4;282;Free;0
Oracle BI Mobile;BUSINESS;4.4;48;Free;0
Oracle CX Cloud Mobile;HEALTH_AND_FITNESS;3.3;14210;Free;0
Oral-B App;FAMILY;4.6;116973;Free;0
Orbita AI — Exciting mobile puzzles & riddles;TRAVEL_AND_LOCAL;4.4;33256;Free;0
Orbitz - Hotels;TRAVEL_AND_LOCAL;4.4;33256;Free;0
Orbitz - Hotels;FAMILY;4.1;242722;Free;0
Order & Chaos 2: 3D MMO RPG;FOOD_AND_DRINK;NaN;0;Free;0
orderin.bm;COMMUNICATION;4.2;44233;Free;0
Orfox: Tor Browser for Android;PRODUCTIVITY;4.4;936;Paid;2,99
Organizer;TRAVEL_AND_LOCAL;NaN;3;Free;0
ORLANDO FLORIDA MAP;SPORTS;4.2;6;Paid;3,02
O'Route Orienteering;MEDICAL;NaN;0;Paid;5,99
OrthoFlow;TOOLS;4.2;134203;Free;0
osmino Wi-Fi: free WiFi;TOOLS;4.2;134203;Free;0
osmino Wi-Fi: free WiFi;TOOLS;NaN;2;Free;0
OSRAM BT Control;FAMILY;3.7;4444;Free;0
OST);DATING;NaN;1;Free;0
Ost. Zombies Cast - New Music and Lyrics;DATING;4.4;59;Free;0
O-Star;DATING;4.4;59;Free;0
O-Star;DATING;4.4;59;Free;0
O-Star;PERSONALIZATION;3.9;916;Free;0
OS-X EMUI 4/5/8 THEME;FAMILY;4.5;1318;Free;0
OTOME of Ikemen cafe;SOCIAL;NaN;0;Free;0
Otto DM;SHOPPING;4.3;10355;Free;0
Ouedkniss;FAMILY;4.3;3146;Free;0
OurHome – chores;DATING;3.4;2519;Free;0
OurTime Dating for Singles 50+;GAME;NaN;3;Free;0
Out of Bounds BH Demo;FAMILY;4.4;1516;Paid;2,99
Out There Chronicles - Ep. 1;FAMILY;4.5;144;Paid;2,99
Out There Chronicles - Ep. 2;EVENTS;2.9;7;Free;0
Outdoor Movies BC;LIFESTYLE;5;7;Free;0
Overcomers CF - GA;SHOPPING;4.4;25719;Free;0
Overstock – Home Decor;SHOPPING;4.4;25717;Free;0
Overstock – Home Decor;MEDICAL;4.8;53743;Free;0
Ovia Fertility Tracker & Ovulation Calculator;MEDICAL;4.8;53747;Free;0
Ovia Fertility Tracker & Ovulation Calculator;MEDICAL;4.7;6185;Free;0
Ovia Parenting & Baby Development Tracker;MEDICAL;4.8;102858;Free;0
Ovia Pregnancy Tracker & Baby Countdown Calendar;HEALTH_AND_FITNESS;4.5;40296;Free;0
OvuView: Ovulation and Fertility;FAMILY;4.6;834;Free;0
OWLIE BOO;BOOKS_AND_REFERENCE;4;5300;Free;0
Oxford A-Z of English Usage;BOOKS_AND_REFERENCE;4.1;363934;Free;0
Oxford Dictionary of English : Free;BOOKS_AND_REFERENCE;4.1;364452;Free;0
Oxford Dictionary of English : Free;FAMILY;NaN;0;Paid;0,99
P Icon Pack;PERSONALIZATION;4.4;38;Free;0
P Icon Pack for Pixel;PERSONALIZATION;3.9;35;Free;0
P Launcher for Android™ 9.0;PERSONALIZATION;3.9;213;Free;0
P Launcher Theme For Android™ 9.0;PERSONALIZATION;4.5;216;Free;0
P Theme for Android™ P 9.0 Style Launcher;PERSONALIZATION;4.4;147;Free;0
P XPERIA Theme™ | Design For SONY 🎨;PERSONALIZATION;NaN;12;Free;0
P XPERIA Theme™ | INDIGO - Design For SONY 🎨;PERSONALIZATION;NaN;3;Free;0
P XPERIA Theme™ | PURPLE - Design For SONY 🎨;TOOLS;4.3;1162;Free;0
P9 Launcher - Android™ 9.0 P Launcher Style;FAMILY;NaN;2;Free;0
På sporet ABC (BM);GAME;4.3;11379;Free;0
Pacific Navy Fighter C.E. (AS);HEALTH_AND_FITNESS;4.5;10253;Free;0
Pacifica - Stress & Anxiety;PERSONALIZATION;NaN;1;Paid;0,99
Pacify (Android P theme) - Theme for Xperia™;PERSONALIZATION;NaN;5;Paid;1,49
Pacify Exceed (Android P) - Theme for Xperia™;GAME;4.2;685981;Free;0
PAC-MAN;GAME;4.2;685450;Free;0
PAC-MAN;GAME;4.5;1692;Paid;4,99
PAC-MAN CE DX;FAMILY;4.3;24877;Free;0
PAC-MAN Pop;TRAVEL_AND_LOCAL;3.8;43935;Free;0
PagesJaunes - local search;MEDICAL;4.3;3;Paid;2,99
Pain Tracker & Diary;TOOLS;NaN;10;Free;0
Painel EJ SSH - INTERNET GRÁTIS;FAMILY;3.5;807;Free;0
Paint By Number;GAME;4.4;37023;Free;0
Paint Hit;FAMILY;3;17;Free;0
Paint Space AR;ART_AND_DESIGN;3.8;2206;Free;0
Paint Splash!;FAMILY;4.1;213;Free;0
Painting By Numbers;BOOKS_AND_REFERENCE;NaN;7;Free;0
Painting Lulu DC Super Friends;AUTO_AND_VEHICLES;4.4;15168;Free;0
PakWheels: Buy & Sell Cars;FAMILY;4.1;47213;Free;0
Palace Pets in Whisker Haven;GAME;3.9;783;Free;0
Palavras la cq;MEDICAL;4.6;66;Paid;0,99
palmPEDi: Pediatric Tape;FOOD_AND_DRINK;4.2;10159;Free;0
Panera Bread;FOOD_AND_DRINK;4.2;10225;Free;0
Panera Bread;ART_AND_DESIGN;4.4;167;Free;0
Paper flowers instructions;FOOD_AND_DRINK;4.1;1268;Paid;4,99
Paprika Recipe Manager;FAMILY;4.4;496;Free;0
Papumba Academy - Fun Learning For Kids;FAMILY;4.4;496;Free;0
Papumba Academy - Fun Learning For Kids;FAMILY;4.4;496;Free;0
Papumba Academy - Fun Learning For Kids;TOOLS;4.6;1092;Free;0
Papyrus Ex;SPORTS;4.6;549;Free;0
Paraglider Dashboard;PERSONALIZATION;4.6;3062845;Free;0
Parallel Space - Multiple accounts & Two face;TOOLS;4.1;3315;Free;0
Parallel U - App Cloner;MEDICAL;4.5;163;Paid;1,99
Paramedic Meds;MEDICAL;4.3;460;Free;0
Paramedic Pocket Prep;MEDICAL;4.5;171;Paid;10
Paramedic Protocol Provider;MEDICAL;4.5;171;Paid;10
Paramedic Protocol Provider;TOOLS;3.6;448;Free;0
ParaTek Ai Speech generator;MAPS_AND_NAVIGATION;4.2;453;Paid;2,99
Paris ci la Sortie du Métro;FAMILY;4.8;4;Free;0
Park Limousine: Realistic Limo Parking Simulator;MEDICAL;NaN;3;Free;0
Parkinson Exercices FR;GAME;4.6;541144;Free;0
Partymasters - Fun Idle Game;LIFESTYLE;3.5;7869;Free;0
PASS by KT (formerly KT certified);TRAVEL_AND_LOCAL;3.9;442;Free;0
Passenger rights;FOOD_AND_DRINK;4.7;6118;Free;0
Pastry & Cooking (Without Net);BUSINESS;NaN;0;Free;0
Patchcord.ca Inc. App Launcher;SOCIAL;4.4;1520959;Free;0
Path;LIBRARIES_AND_DEMO;NaN;31;Free;0
Patience Words;MEDICAL;2.8;66;Free;0
Patient Portal;MEDICAL;NaN;1;Free;0
PatientPORTAL by InteliChart;SOCIAL;4;3677;Free;0
Patook - make platonic friends;TOOLS;3.9;64;Free;0
Patron DB;FAMILY;4.3;3484;Free;0
Paw Patrol by ShuffleCards;BUSINESS;NaN;0;Free;0
PAY DT;MAPS_AND_NAVIGATION;NaN;38;Free;0
payermonstationnement.fr;FINANCE;4.3;659741;Free;0
PayPal;FINANCE;4.3;659760;Free;0
PayPal;SPORTS;4.3;242096;Free;0
PBA® Bowling Challenge;FAMILY;4.3;12919;Free;0
PBS KIDS Games;EDUCATION;4.2;36212;Free;0
PBS KIDS Video;FAMILY;4.2;36214;Free;0
PBS KIDS Video;PRODUCTIVITY;4.3;16149;Free;0
pCloud: Free Cloud Storage;MEDICAL;NaN;0;Free;0
PCOS Guide - Fight PCOS naturally;AUTO_AND_VEHICLES;4.8;736;Free;0
PDD-UA;BOOKS_AND_REFERENCE;4.4;1322;Free;0
Pdf Book Download - Read Pdf Book;BUSINESS;4.3;54520;Free;0
PDF Reader - Scan、Edit & Share;TOOLS;4.1;1648;Free;0
PDF Reader – PDF Editor 2018;PRODUCTIVITY;4.1;40437;Free;0
PDF Viewer & Book Reader;EDUCATION;4.4;272145;Free;0
Peak – Brain Games & Training;FAMILY;4.4;272321;Free;0
Peak – Brain Games & Training;MEDICAL;4.6;129;Paid;5,49
Pedi STAT;MEDICAL;4.6;129;Paid;5,49
Pedi STAT;MEDICAL;NaN;0;Free;0
Pediatric Emergency Guide;MEDICAL;4.9;14;Free;0
Pediatric Nursing;HEALTH_AND_FITNESS;4.4;400592;Free;0
Pedometer;HEALTH_AND_FITNESS;4.6;548021;Free;0
Pedometer;HEALTH_AND_FITNESS;4.8;31139;Free;0
Pedometer - Step Counter Free & Calorie Burner;ENTERTAINMENT;4.1;141980;Free;0
Peers.TV: broadcast TV channels First;GAME;4.1;166251;Free;0
Peggle Blast;SOCIAL;NaN;0;Free;0
Pekalongan CJ;PHOTOGRAPHY;4.4;16523;Free;0
Pencil Photo Sketch-Sketching Drawing Photo Editor;ART_AND_DESIGN;3.9;136;Free;0
Pencil Sketch Drawing;MEDICAL;NaN;0;Free;0
Penn State Health OnDemand;MEDICAL;NaN;0;Free;0
Penn State Health OnDemand;SHOPPING;4.2;470;Paid;2,99
Penny Finder;TOOLS;3;19;Paid;4,99
Penny Puss;FINANCE;3.6;10697;Free;0
People's Bank;FAMILY;4.3;2223;Free;0
PeopleTV - Watch Celebrity News;FAMILY;3.8;52;Paid;2,99
Peppa Pig: Party Time;COMICS;NaN;1;Free;0
Pepsi Cards DC;GAME;4.2;828489;Free;0
Perfect Piano;COMICS;4.4;51981;Free;0
Perfect Viewer;HEALTH_AND_FITNESS;NaN;0;Free;0
Period Tracker;HEALTH_AND_FITNESS;4.5;325738;Free;0
Period Tracker;MEDICAL;4.9;100082;Free;0
Period Tracker;HEALTH_AND_FITNESS;4.8;4559407;Free;0
Period Tracker - Period Calendar Ovulation Tracker;HEALTH_AND_FITNESS;4.8;570242;Free;0
Period Tracker Clue: Period and Ovulation Tracker;SOCIAL;4;479908;Free;0
Periscope - Live Video;SOCIAL;4;479909;Free;0
Periscope - Live Video;SOCIAL;4;479939;Free;0
Periscope - Live Video;FAMILY;4.6;227;Free;0
Permit Test AZ Arizona MVD DOT;FAMILY;4.5;41;Free;0
Permit Test CO Colorado DMV;FAMILY;4.6;186;Free;0
Permit Test Connecticut CT DMV;FAMILY;4.7;246;Free;0
Permit Test FL Florida DHSMV;SPORTS;4.4;1721943;Free;0
PES 2018 PRO EVOLUTION SOCCER;SPORTS;4.4;783025;Free;0
PES CLUB MANAGER;FAMILY;3.8;20292;Free;0
Pet Beauty Salon;DATING;NaN;0;Free;0
Pet Lovers Dating;FAMILY;3.7;11748;Free;0
Pet Vet Dr - Animals Hospital;PERSONALIZATION;4.2;112479;Free;0
Petals 3D live wallpaper;FAMILY;4.8;1499466;Free;0
PewDiePie's Tuber Simulator;SPORTS;4;11151;Free;0
PGA TOUR;SPORTS;4;11151;Free;0
PGA TOUR;SPORTS;3.4;1845;Free;0
PGA TOUR LIVE;HEALTH_AND_FITNESS;4.4;2599;Free;0
Pharmacie de Garde CI et Prix;HEALTH_AND_FITNESS;4.5;5509;Free;0
Pharmacy CI - Pharmacies de garde Côte d'Ivoire;HEALTH_AND_FITNESS;4.1;131;Free;0
PHARMAGUIDE (DZ);LIFESTYLE;3.1;10006;Free;0
Philips Hue;MEDICAL;NaN;2;Free;0
Philips IQon Spectral CT Fundamentals.;SOCIAL;4.3;9606;Free;0
Phoenix - Facebook & Messenger;TRAVEL_AND_LOCAL;4.1;134;Free;0
Phoenix and Arizona Cameras;PHOTOGRAPHY;4;35724;Free;0
Phogy;PHOTOGRAPHY;4;35725;Free;0
Phogy;PERSONALIZATION;5;4;Paid;0,99
P-Home for KLWP;TOOLS;3.6;45483;Free;0
Phone;PRODUCTIVITY;4.5;81502;Free;0
Phone Clean Best Speed Booster;COMMUNICATION;4.3;72065;Free;0
PHONE for Google Voice & GTalk;SOCIAL;4.3;231325;Free;0
Phone Tracker : Family Locator;SOCIAL;4.3;231446;Free;0
Phone Tracker : Family Locator;TOOLS;4.2;54063;Free;0
Phone X Launcher;FAMILY;3.8;4;Paid;2,99
Phonics Puzzles;PHOTOGRAPHY;4.3;307453;Free;0
Phonto - Text on Photos;LIFESTYLE;3.7;34079;Free;0
Photo Background Changer 2018 - Blur Background;PHOTOGRAPHY;3.8;11;Free;0
Photo BG Changer;PHOTOGRAPHY;4.3;542561;Free;0
Photo Collage - InstaMag;PHOTOGRAPHY;4.5;285788;Free;0
Photo Collage - Layout Editor;PHOTOGRAPHY;4.2;1028637;Free;0
Photo Collage Editor;PHOTOGRAPHY;4.3;751766;Free;0
Photo Collage Maker;TOOLS;4.1;6267;Free;0
Photo Compress 2.0 - Ad Free;ART_AND_DESIGN;4.7;3632;Free;0
Photo Designer - Write your name with shapes;PHOTOGRAPHY;4.3;42079;Free;0
Photo Editor;PHOTOGRAPHY;4.1;114680;Free;0
Photo Editor;PHOTOGRAPHY;4.3;68070;Free;0
Photo Editor-;PHOTOGRAPHY;4.3;68071;Free;0
Photo Editor-;PHOTOGRAPHY;4.5;42;Free;0
Photo Editor - BPhoto;ART_AND_DESIGN;4.1;159;Free;0
Photo Editor & Candy Camera & Grid & ScrapBook;BEAUTY;4.5;134;Free;0
Photo Editor 2018;PHOTOGRAPHY;4.4;1490732;Free;0
Photo Editor by Aviary;PHOTOGRAPHY;4.4;1490722;Free;0
Photo Editor by Aviary;PHOTOGRAPHY;4.5;192851;Free;0
Photo Editor by BeFunky;PHOTOGRAPHY;4.5;1519671;Free;0
Photo Editor Collage Maker Pro;PHOTOGRAPHY;4.3;1871416;Free;0
Photo Editor Pro;PHOTOGRAPHY;4.3;1871421;Free;0
Photo Editor Pro;PHOTOGRAPHY;4.3;527247;Free;0
Photo Editor Selfie Camera Filter & Mirror Image;PHOTOGRAPHY;4.3;527248;Free;0
Photo Editor Selfie Camera Filter & Mirror Image;PHOTOGRAPHY;4.4;1494491;Free;0
Photo Effects Pro;PHOTOGRAPHY;4.5;859;Free;0
Photo frame;PHOTOGRAPHY;4.5;74476;Free;0
Photo Frame;PHOTOGRAPHY;4.3;28578;Free;0
Photo Frames;TOOLS;4.1;225544;Free;0
photo keypad lockscreen;PHOTOGRAPHY;4.5;1536512;Free;0
Photo Lab Picture Editor: face effects;PERSONALIZATION;4.5;29203;Free;0
Photo Lock App - Hide Pictures & Videos;PHOTOGRAPHY;3.9;55427;Free;0
Photo Mixer;PHOTOGRAPHY;4.2;477831;Free;0
Photo Studio;FAMILY;3.7;353342;Free;0
Photo Warp;PHOTOGRAPHY;4.6;714340;Free;0
PhotoDirector Photo Editor App;PHOTOGRAPHY;4;1;Paid;4,99
PhotoFrame for Synology DS;PHOTOGRAPHY;4.3;316378;Free;0
PhotoFunia;PHOTOGRAPHY;4.6;7529865;Free;0
PhotoGrid: Video & Pic Collage Maker;PHOTOGRAPHY;4.5;81219;Free;0
PhotoLayers〜Superimpose;PHOTOGRAPHY;4.3;61990;Free;0
PhotoScan by Google Photos;PHOTOGRAPHY;4.4;852649;Free;0
PhotoWonder: Pro Beauty Photo Editor Collage Maker;PERSONALIZATION;4.5;189;Free;0
Pi Dark [substratum];GAME;4.5;785622;Free;0
Piano Free - Keyboard with Magic Tiles Music Games;FAMILY;4.6;46741;Free;0
Piano Kids - Music & Songs;GAME;4.7;8118880;Free;0
Piano Tiles 2™;PHOTOGRAPHY;4.6;1451000;Free;0
Pic Collage - Photo Editor;PHOTOGRAPHY;4.2;15426;Free;0
Pic Stitch - #1 Collage Maker;PHOTOGRAPHY;4;529;Free;0
Picai - Smart AI Camera;AUTO_AND_VEHICLES;3.9;142;Free;0
Pick Your Part Garage;LIFESTYLE;1.6;242;Free;0
Pick-a-Paint;EVENTS;4.5;1065;Free;0
Picktrainer: India's largest photo contest app;PHOTOGRAPHY;4.5;7594559;Free;0
PicsArt Photo Studio: Collage Maker & Pic Editor;PHOTOGRAPHY;4.5;7590099;Free;0
PicsArt Photo Studio: Collage Maker & Pic Editor;PHOTOGRAPHY;4;33439;Free;0
Picture Grid Builder;FAMILY;4.6;281;Free;0
Piczle Lines DX;MEDICAL;4;488;Free;0
Pill Identifier and Drug list;GAME;4.3;157264;Free;0
Pineapple Pen;FAMILY;4.6;19;Free;0
Pin-fo;SOCIAL;4.1;5285;Free;0
Pink Color for Facebook;PERSONALIZATION;3.7;10796;Free;0
Pink Diamond Princess Keyboard Theme;FAMILY;4.7;13;Free;0
Pink Guy - Ey B0ss;PERSONALIZATION;4.2;33074;Free;0
Pink Roses Live Wallpaper;ART_AND_DESIGN;4.2;1120;Free;0
Pink Silver Bow Keyboard Theme;LIBRARIES_AND_DEMO;4.3;1465;Free;0
Pink Water Sakura Keyboard Theme;FAMILY;3;2;Paid;2,99
Pinkalicious Party;EDUCATION;4.5;10852;Free;0
PINKFONG Baby Shark;FAMILY;4.8;61;Free;0
Pino chess;FAMILY;4.6;23;Free;0
Pinoy Kid Song Ako ay may Lobo;PERSONALIZATION;2.5;6;Free;0
Pint - FN Theme;SOCIAL;4.6;4305441;Free;0
Pinterest;SOCIAL;4.6;4305441;Free;0
Pinterest;SOCIAL;4.6;4300936;Free;0
Pinterest;BUSINESS;NaN;2;Free;0
PIO bv App;BUSINESS;NaN;0;Free;0
PIO bv Transport App;ART_AND_DESIGN;4.7;158;Free;0
PIP Camera - PIP Collage Maker;PHOTOGRAPHY;4.4;156322;Free;0
PIP Selfie Camera Photo Editor;PHOTOGRAPHY;4.6;8;Free;0
PIP-Camera FN Photo Effect;PERSONALIZATION;NaN;0;Paid;1,49
Pistachio Launcher for Android P 9.0;BOOKS_AND_REFERENCE;NaN;0;Paid;5,99
Pistolet CZ-70 CZ-50 expliqué;BOOKS_AND_REFERENCE;NaN;0;Paid;5,49
Pistolet FN 1906 expliqué;BOOKS_AND_REFERENCE;NaN;2;Paid;5,99
Pistolet FN GP35 expliqué;PERSONALIZATION;4.5;90;Paid;1,99
PitchBlack S - Samsung Substratum Theme “For Oreo”;FAMILY;4.5;12293;Free;0
PixBox Coloring - Color by number Sandbox;FAMILY;4.5;2442;Free;0
Pixel art pro-Sand box;GAME;4.7;1125017;Free;0
Pixel Art: Color by Number Game;GAME;4.7;1125438;Free;0
Pixel Art: Color by Number Game;GAME;4.7;1125566;Free;0
Pixel Art: Color by Number Game;ART_AND_DESIGN;4.3;967;Free;0
Pixel Draw - Number Art Coloring Book;GAME;4.5;4487182;Free;0
Pixel Gun 3D: Survival shooter & Battle Royale;PERSONALIZATION;4.8;18;Paid;1,49
Pixel Oreo/P Dark White AMOLED UI - Icon Pack;GAME;4.2;11408;Free;0
Pixel Z Gunner 3D - Battle Survival Fps;FAMILY;4.6;16041;Free;0
PixelDot - Color by Number Sandbox Pixel Art;PHOTOGRAPHY;4.6;108002;Free;0
PixelLab - Text on pictures;FAMILY;4.4;3588;Free;0
Pixelmania - Color by number & create pixel art;PHOTOGRAPHY;4.2;93726;Free;0
Pixgram- video photo slideshow;SOCIAL;4.2;86956;Free;0
pixiv;COMICS;4.4;18814;Free;0
pixiv comic - everyone's manga app;PHOTOGRAPHY;4.4;1163232;Free;0
Pixlr – Free Photo Editor;PHOTOGRAPHY;4.5;180697;Free;0
Pixlr-o-matic;FAMILY;4.9;55723;Free;0
PixPanda - Color by Number Pixel Art Coloring Book;PERSONALIZATION;4.8;60;Paid;0,99
Pixxy KWGT;FAMILY;4.8;22290;Free;0
Pixyfy: coloring by number coloring book;FOOD_AND_DRINK;4.4;321134;Free;0
Pizza Hut;FAMILY;4.1;13731;Free;0
PJ Masks: HQ;FAMILY;4.4;86961;Free;0
PJ Masks: Moonlight Heroes;FAMILY;4.4;86961;Free;0
PJ Masks: Moonlight Heroes;FAMILY;4.4;87045;Free;0
PJ Masks: Moonlight Heroes;FAMILY;5;2;Free;0
PK and DK Audio App;COMMUNICATION;4.1;2063;Free;0
PlacarTv Futebol Ao Vivo;FAMILY;4.4;7;Free;0
Placement Tips for BE (CE/IT);MAPS_AND_NAVIGATION;3.3;19;Free;0
Plan B;PERSONALIZATION;4.6;354;Paid;0,99
Planet O - Icon Pack;FAMILY;3.9;475944;Free;0
Planet of Cubes Survival Craft;GAME;4.7;7196;Free;0
PLANK!;PRODUCTIVITY;4;10270;Free;0
Planner Pro-Personal Organizer;PRODUCTIVITY;4;10270;Free;0
Planner Pro-Personal Organizer;PRODUCTIVITY;4.3;5157;Free;0
Planning Center Services;FAMILY;4.4;4064868;Free;0
Plants vs. Zombies FREE;GAME;4.4;4066989;Free;0
Plants vs. Zombies FREE;GAME;4.4;4066980;Free;0
Plants vs. Zombies FREE;GAME;4.4;4067651;Free;0
Plants vs. Zombies FREE;GAME;4.4;4067651;Free;0
Plants vs. Zombies FREE;FAMILY;4.4;567632;Free;0
Plants vs. Zombies™ 2;FAMILY;4.4;379415;Free;0
Plants vs. Zombies™ Heroes;FAMILY;4.4;379245;Free;0
Plants vs. Zombies™ Heroes;FAMILY;3.5;33178;Free;0
Plants vs. Zombies™ Watch Face;FAMILY;3.7;3482;Free;0
Plastic Surgery Surgeon Simulator Er Doctor Games;LIBRARIES_AND_DEMO;4.3;375;Free;0
Platincoin Wallet - PLC Group AG;VIDEO_PLAYERS;4.3;15874;Free;0
Play Tube;EDUCATION;4.2;3692;Free;0
play2prep: ACT;LIFESTYLE;2.9;2160;Free;0
PLAYBULB X;ENTERTAINMENT;4.1;182103;Free;0
PlayKids - Educational cartoons and games for kids;FAMILY;4.1;182173;Free;0
PlayKids - Educational cartoons and games for kids;BUSINESS;NaN;0;Free;0
PlayMotiv dn edition;ENTERTAINMENT;4.2;613059;Free;0
PlayStation App;GAME;3.8;3543;Free;0
PlayTexas Hold'em Poker Free;FAMILY;4.4;14;Free;0
PLAYzone.cz;FAMILY;4.4;1771;Paid;4,99
Please;FAMILY;4.2;146;Paid;5,99
Please Don't Touch Anything 3D;PRODUCTIVITY;NaN;0;Free;0
PLMGSS FR;TOOLS;3.6;126;Free;0
Plug-in app (System AC);BUSINESS;3.1;4034;Free;0
Plugin:AOT v5.0;MAPS_AND_NAVIGATION;4.7;4501;Free;0
PlugShare;DATING;NaN;0;Free;0
PlusOne;ENTERTAINMENT;4.2;28948;Free;0
Pluto TV - It’s Free TV;MEDICAL;4.4;112;Free;0
PMHNP-BC Pocket Prep;MEDICAL;4.4;112;Free;0
PMHNP-BC Pocket Prep;NEWS_AND_MAGAZINES;4.5;256680;Free;0
Pocket;PHOTOGRAPHY;4.8;130;Paid;9,99
Pocket AC;MEDICAL;NaN;0;Free;0
POCKET ATLAS CARDIAC MRI AND CT;MEDICAL;4.3;22;Free;0
POCKET ATLAS OF CT HEAD;MEDICAL;NaN;0;Free;0
POCKET BOOK CT ABDOMEN;EDUCATION;4.3;656;Free;0
Pocket GMAT Math;FAMILY;4.5;96658;Free;0
Pocket Heroes;MEDICAL;4.3;214;Paid;2,99
Pocket Lab Values;FAMILY;4.1;47576;Free;0
Pocket Little Pony;FAMILY;4.5;174215;Free;0
Pocket Mortys;COMMUNICATION;4.5;192;Free;0
Pocket Prefix Plus;PRODUCTIVITY;4.1;4513;Free;0
Pocket RxTx Free;PRODUCTIVITY;4.3;253;Paid;3,99
Pocket RxTx Pro;EDUCATION;4;430;Free;0
Pocket SAT Math;FAMILY;3.9;93;Free;0
Pocket U ASW;HEALTH_AND_FITNESS;4.4;2107;Paid;2,99
Pocket Yoga;HEALTH_AND_FITNESS;4.4;2107;Paid;2,99
Pocket Yoga;NEWS_AND_MAGAZINES;4.6;413999;Free;0
Podcast Addict;NEWS_AND_MAGAZINES;4.6;66384;Free;0
Podcast App: Free & Offline Podcasts by Player FM;NEWS_AND_MAGAZINES;4.6;66407;Free;0
Podcast App: Free & Offline Podcasts by Player FM;NEWS_AND_MAGAZINES;4.5;66978;Free;0
Podcast Republic - Podcast Player & Radio Player;SOCIAL;4.2;1175794;Free;0
POF Free Dating App;SOCIAL;4.2;1175815;Free;0
POF Free Dating App;SOCIAL;4.2;1175188;Free;0
POF Free Dating App;FAMILY;3.8;32600;Free;0
POGO Games;GAME;4.1;10424925;Free;0
Pokémon GO;GAME;4.1;10421284;Free;0
Pokémon GO;FAMILY;4.2;117461;Free;0
Pokémon TV;TOOLS;4.7;92958;Free;0
Poke Genie - Safe IV Calculator;GAME;4;21;Paid;0,99
Poker Equity Calculator Pro for No Limit Hold'em;GAME;4.3;6143;Free;0
Poker Live! 3D Texas Hold'em;GAME;4.2;5442;Free;0
Poker Pro.Fr;GAME;4.6;14989;Free;0
PokerStars Play: Free Texas Holdem Poker Game;FAMILY;4.6;36813;Free;0
PokeType - Dex;FAMILY;4.8;1228;Free;0
POLARIS 2MFG;PRODUCTIVITY;4.3;549900;Free;0
Polaris Office - Word;PRODUCTIVITY;4.3;549900;Free;0
Polaris Office - Word;BUSINESS;4.2;30847;Free;0
Polaris Office for LG;GAME;3.8;83671;Free;0
Police Car Driver;FAMILY;4.1;72522;Free;0
Police Car Driving Sim;AUTO_AND_VEHICLES;4.3;3574;Free;0
Police Detector (Speed Camera Radar);PRODUCTIVITY;4.5;112;Paid;7,99
Police Field Interview FI Card;AUTO_AND_VEHICLES;4.5;737;Free;0
Police Lights;FAMILY;3.6;3502;Free;0
Police VAZ LADA Simulator;FINANCE;4.3;20;Free;0
Policy And FD Manager;FAMILY;4.4;2100;Free;0
Poly Art: Paint by Sticker;FAMILY;4.5;114;Free;0
Pony Friends 🦄 - Beepzz racing game for kids;SPORTS;3.9;5644;Free;0
Pool Billiards Classic - bi a;FAMILY;NaN;6;Free;0
Poop FR;HEALTH_AND_FITNESS;4.4;622;Free;0
Poop Tracker - Toilet Log;FOOD_AND_DRINK;3.7;61;Free;0
Popeyes® App;PERSONALIZATION;NaN;0;Paid;1,49
Popsicle Launcher for Android P 9.0 launcher;ART_AND_DESIGN;4.2;26;Free;0
Popsicle Sticks and Similar DIY Craft Ideas;FAMILY;NaN;13;Free;0
PopStar;HOUSE_AND_HOME;2.8;5;Free;0
Porch DV;SPORTS;4.4;552;Paid;1
PORTABLE SOCCER DX;SPORTS;4.2;15068;Free;0
PORTABLE SOCCER DX Lite;COMMUNICATION;3.9;138129;Free;0
Portable Wi-Fi hotspot;COMMUNICATION;4;1711;Free;0
Portable Wi-Fi hotspot Free;COMMUNICATION;3.7;481;Paid;0,99
Portable Wi-Fi hotspot Premium;TRAVEL_AND_LOCAL;3.7;25;Free;0
Portal AR - Step Into Scotland;SPORTS;3.1;500;Free;0
Portes du Soleil;SHOPPING;4.3;46153;Free;0
Poshmark - Buy & Sell Fashion;SHOPPING;4.3;46153;Free;0
Poshmark - Buy & Sell Fashion;FINANCE;4.5;60449;Free;0
Post Bank;MAPS_AND_NAVIGATION;3.6;8;Free;0
Posta App;SHOPPING;4.3;151095;Free;0
Postings (Craigslist Search App);SHOPPING;NaN;1;Free;0
postit.bm;FOOD_AND_DRINK;3.6;22875;Free;0
Postmates Food Delivery: Order Eats & Alcohol;FOOD_AND_DRINK;3.6;22875;Free;0
Postmates Food Delivery: Order Eats & Alcohol;FAMILY;NaN;3;Free;0
Poteau BA;FAMILY;4.3;10483141;Free;0
Pou;GAME;4.3;10485308;Free;0
Pou;GAME;4.3;10485334;Free;0
Pou;GAME;4.3;10486018;Free;0
Pou;FAMILY;4.3;12;Free;0
Power BI Ultimate Orientation;PRODUCTIVITY;4.5;9653;Free;0
Power Booster - Junk Cleaner & CPU Cooler & Boost;MAPS_AND_NAVIGATION;3.7;13;Free;0
Power Plug EV charger;GAME;4.4;104303;Free;0
Power Pop Bubbles;GAME;4.3;194969;Free;0
Power Rangers Dino Charge;GAME;4.3;264755;Free;0
Power Rangers: Legacy Wars;FAMILY;4.3;70903;Free;0
Power Spheres by BoBoiBoy;TOOLS;4.2;928;Paid;1,99
Power Widget;VIDEO_PLAYERS;4.5;714665;Free;0
PowerDirector Video Editor App: 4K;VIDEO_PLAYERS;4.5;712737;Free;0
PowerDirector Video Editor App: 4K;TOOLS;4;498;Free;0
Powershop AU;TRAVEL_AND_LOCAL;4;26665;Free;0
Poynt;MEDICAL;NaN;3;Free;0
PPCNP-BC Pocket Prep;PARENTING;4.6;37;Free;0
PPS Online;HEALTH_AND_FITNESS;4.8;31665;Free;0
Prana Breath: Calm & Meditate;SPORTS;4.4;27;Free;0
Predator Calls for Hunting AU;TOOLS;3.5;13;Free;0
Preferences Manager and SQLite DB Viewer;HEALTH_AND_FITNESS;4.6;48286;Free;0
Pregnancy & Baby Tracker;MEDICAL;4.8;69126;Free;0
Pregnancy Calculator and Tracker app;HEALTH_AND_FITNESS;4.1;2681;Free;0
Pregnancy Tracker;PARENTING;4.7;658087;Free;0
Pregnancy Tracker & Countdown to Baby Due Date;MEDICAL;4.8;78825;Free;0
Pregnancy Week By Week;FAMILY;3.8;127229;Free;0
Pregnant Emergency Surgery;FAMILY;4;325;Free;0
Pregnant Mom ER Emergency Doctor Hospital Games;FAMILY;4.3;95;Free;0
Pregnant Mom Surgery Newborn Twins Baby Birth Care;SPORTS;4.3;63580;Free;0
Premier League - Official App;SPORTS;4.3;63782;Free;0
Premier League - Official App;FAMILY;4.1;9019;Free;0
Preschool All-In-One;MEDICAL;4;2;Free;0
Prestige AH;COMMUNICATION;3.7;21;Paid;0,99
pretty Easy privacy p≡p;PHOTOGRAPHY;4.5;26361;Free;0
Pretty Makeup;TRAVEL_AND_LOCAL;4.4;48930;Free;0
Priceline Hotel Deals;TRAVEL_AND_LOCAL;4.4;48930;Free;0
Priceline Hotel Deals;TRAVEL_AND_LOCAL;4.4;48930;Free;0
Priceline Hotel Deals;NEWS_AND_MAGAZINES;NaN;6;Free;0
PRIMATURE.CD;PERSONALIZATION;4.1;324;Paid;6,99
Prime Key for Nougat Launcher& O Launcher &KitKat;MEDICAL;5;3;Free;0
PrimeDelivery;FAMILY;4.4;382;Free;0
Princess Adventures Puzzles;FAMILY;4.5;29495;Free;0
Princess Closet : Otome games free dating sim;EDUCATION;4.5;9770;Free;0
Princess Coloring Book;FAMILY;4.5;9779;Free;0
Princess Coloring Book;FAMILY;4.4;11442;Free;0
Princess Palace: Royal Pony;FINANCE;4.7;178;Free;0
PriorityONE Credit Union of Fl;FINANCE;4.6;16961;Free;0
Prism Pay Bills;DATING;NaN;0;Paid;2,99
Private Dating;SPORTS;4.6;101455;Free;0
Pro 2018 - Series A and B;SHOPPING;4.1;5618;Free;0
Pro App for Craigslist;GAME;3.8;25275;Free;0
PRO MX MOTOCROSS 2;TOOLS;NaN;2;Free;0
ProconLegis-DF;PRODUCTIVITY;4.5;24;Free;0
Professional AV Solution & Products information;FAMILY;4.1;188;Free;0
Professor Online SEDUC-CE;PRODUCTIVITY;NaN;0;Paid;2,99
PROFESSOR SEE-BA LINGUAGENS E SUAS TECNOLOGIAS;FAMILY;4.3;131;Free;0
Profile Pictures - Best DP Status;SOCIAL;4.3;48;Free;0
Profile Pictures and DP for Whatsapp;PERSONALIZATION;4.7;10786;Free;0
Profile pictures for WhatsApp;SOCIAL;4.7;37090;Free;0
Profile Tracker - Who Viewed My Facebook Profile;PHOTOGRAPHY;4.2;348;Free;0
Profile w/o crop for Telegram;TOOLS;NaN;0;Free;0
ProGrade BT;COMMUNICATION;NaN;0;Free;0
Programi podrške EU;EDUCATION;4.3;55704;Free;0
Programming Hub;TOOLS;4.6;7342;Free;0
Project Fi by Google;GAME;3.7;7885;Free;0
Project Grand Auto Town Sandbox Beta;BEAUTY;4.8;104;Free;0
Prom MakeUp Tutorial;LIFESTYLE;4.6;2167;Free;0
Pronunciation and know the name of the caller from his number;BUSINESS;5;3;Free;0
Propel BI APP;LIFESTYLE;4.2;1506;Free;0
Propertyfinder;EVENTS;5;16;Free;0
Prosperity;FAMILY;NaN;38;Free;0
Proverbes du monde;FAMILY;2.4;11773;Free;0
PS4 Second Screen;COMMUNICATION;4.3;298041;Free;0
Psiphon Pro - The Internet Freedom VPN;MEDICAL;4.2;64;Paid;29,99
PTA Content Master;MEDICAL;4.2;64;Paid;29,99
PTA Content Master;EVENTS;4.6;99;Free;0
PTI Flex Maker;FAMILY;4.5;22167;Free;0
Pu - Cute giant panda bear;GAME;4.4;3715656;Free;0
PUBG MOBILE;GAME;4.4;3714270;Free;0
PUBG MOBILE;GAME;4.4;3716278;Free;0
PUBG MOBILE;GAME;4.4;3697174;Free;0
PUBG MOBILE;LIBRARIES_AND_DEMO;3.9;2087;Free;0
Public Digital Library;FINANCE;2;314;Free;0
Public Service CU Mobile;PRODUCTIVITY;4.1;22;Free;0
Puck AI Personal Assistant Robot;COMMUNICATION;4;18247;Paid;3,99
Puffin Browser Pro;SOCIAL;4;10743;Free;0
Puffin for Facebook;COMMUNICATION;4.3;541389;Free;0
Puffin Web Browser;COMMUNICATION;4.3;541389;Free;0
Puffin Web Browser;COMMUNICATION;4.3;541661;Free;0
Puffin Web Browser;PERSONALIZATION;4.6;7264;Paid;1,99
Pujie Black Watch Face for Android Wear OS;NEWS_AND_MAGAZINES;4.5;357944;Free;0
Pulse Nabd - World News;MEDICAL;4.5;330;Free;0
PulsePoint AED;MEDICAL;4.5;7837;Free;0
PulsePoint Respond;HEALTH_AND_FITNESS;4;49479;Free;0
PumpUp — Fitness Community;GAME;4.1;2208;Free;0
Punch em;TOOLS;3.4;16;Free;0
Punjab Online - Land Records • EB Bill Pay • RC/DL;GAME;4.8;21;Free;0
Puppy Shooting an AK-47: Platformer Zombie Game;PERSONALIZATION;NaN;0;Paid;1,49
Pureness Pacify (Android P) - Theme for Xperia™;PRODUCTIVITY;4.5;176873;Free;0
Pushbullet - SMS on PC;TOOLS;4.6;21;Free;0
Putzmeister Experts;TOOLS;4.3;32111;Free;0
Puzzle Alarm Clock ⏰;GAME;4.3;247;Free;0
Puzzle for CS:GO;FAMILY;4.6;1109;Free;0
Puzzle Kids - Animals Shapes and Jigsaw Puzzles;FAMILY;4.8;10;Free;0
Puzzles Volvo FH 16 Trucks;FAMILY;5;18;Free;0
Pyaar Ek Dhoka;FAMILY;NaN;8;Free;0
Pyaar Ek Dhoka hai Game - Anti Valentines;FOOD_AND_DRINK;3.1;8412;Free;0
Pyaterochka;MEDICAL;4.3;5521;Free;0
Pzizz - Sleep;FAMILY;4.2;69126;Free;0
Q;PRODUCTIVITY;NaN;0;Free;0
Q Actions - Digital Assistant;NEWS_AND_MAGAZINES;4.7;143;Paid;0,99
Q Alerts: QAnon Drop Notifications;COMICS;4.4;2012;Free;0
Q Avatar (Avatar Maker);FAMILY;4.8;4;Paid;1,49
Q Avatar Pro;TOOLS;NaN;20;Free;0
Q Call;PERSONALIZATION;4.2;4383;Free;0
Q Cat Live Wallpaper;FAMILY;4.1;41;Free;0
Q downloader : download your social media videos;PRODUCTIVITY;4;2194;Free;0
Q Link Wireless Zone;BUSINESS;3.4;24;Free;0
Q MINDshare Mobile;FINANCE;4.7;460;Free;0
Q Mobile Banking;BUSINESS;4.6;60;Free;0
Q Operator;FAMILY;3.9;159;Free;0
Q Quiz SK;TOOLS;3.8;4264;Free;0
Q Remote Control;FAMILY;3.8;156;Free;0
Q Wunder;GAME;4.3;13788;Free;0
Q*bert: Rebooted;HEALTH_AND_FITNESS;3;94;Free;0
Q7 SmartWatch;FINANCE;4.5;8662;Free;0
Qapital - Save Small. Live Large;SPORTS;NaN;9;Free;0
Qarabağ FK;TRAVEL_AND_LOCAL;4.3;11182;Free;0
Qatar Airways;FAMILY;NaN;4;Free;0
QC;SOCIAL;4.6;12111;Free;0
Qeek for Instagram - Zoom profile insta DP;TOOLS;NaN;0;Free;0
qEG APP / Química EG SRL;TOOLS;NaN;4;Free;0
QR & Barcode Scanner BX PRO;TOOLS;3.8;169369;Free;0
QR BARCODE SCANNER;PRODUCTIVITY;4.8;5865;Paid;4,49
QR Code Pro;TOOLS;4;495971;Free;0
QR Code Reader;PRODUCTIVITY;4.1;349151;Free;0
QR Droid;PRODUCTIVITY;3.8;8226;Free;0
QR Scanner & Barcode Scanner 2018;PRODUCTIVITY;3.8;8211;Free;0
QR Scanner & Barcode Scanner 2018;COMMUNICATION;4.2;1044;Free;0
QRZ Assistant;VIDEO_PLAYERS;2.2;32;Free;0
Q-See Plus;TOOLS;3.1;657;Free;0
Q-See QC View;TOOLS;3.6;7357;Free;0
Q-See QT View;BUSINESS;3;2;Free;0
Qserve EU MDR First Aid;TOOLS;4.5;2;Paid;1,76
Q-slope;FAMILY;2.5;706;Free;0
QST;FOOD_AND_DRINK;1.8;17;Free;0
Q-Tech Companion App;MAPS_AND_NAVIGATION;3.8;114;Free;0
Q-Ticketing;FAMILY;4.7;513;Free;0
Quadratic Equation Solver with Steps and Graphs;EVENTS;4.4;663;Free;0
Quake & Volcanoes: 3D Globe of Volcanic Eruptions;FAMILY;NaN;10;Free;0
Qu'est ce qui est jaune et qui attend ?;BUSINESS;NaN;1;Free;0
QuestionPro - CX;FAMILY;4.6;31134;Free;0
Questland: Turn Based RPG;FAMILY;NaN;7;Free;0
QUI EST CE ?;BUSINESS;4.2;80805;Free;0
Quick PDF Scanner + OCR FREE;BUSINESS;4.2;80805;Free;0
Quick PDF Scanner + OCR FREE;BUSINESS;4.2;80804;Free;0
Quick PDF Scanner + OCR FREE;BUSINESS;4.3;23175;Free;0
QuickBooks Accounting: Invoicing & Expenses;BUSINESS;4.3;23175;Free;0
QuickBooks Accounting: Invoicing & Expenses;BUSINESS;4.3;23175;Free;0
QuickBooks Accounting: Invoicing & Expenses;FINANCE;4.4;15141;Free;0
QuickBooks Self-Employed:Mileage Tracker and Taxes;PHOTOGRAPHY;4.6;847159;Free;0
QuickPic - Photo Gallery with Google Drive Support;PHOTOGRAPHY;4.6;847159;Free;0
QuickPic - Photo Gallery with Google Drive Support;PHOTOGRAPHY;4.6;847144;Free;0
QuickPic - Photo Gallery with Google Drive Support;PERSONALIZATION;4.6;41000;Free;0
QuickShortcutMaker;VIDEO_PLAYERS;4.7;696665;Free;0
Quik – Free Video Editor for photos;GAME;4.4;460;Free;0
Quiz CS:GO players;GAME;1.4;33;Free;0
Quiz DC;FAMILY;4;3788;Free;0
Quiz for Clash Royale™;GAME;4.6;2464;Free;0
Quiz TRUE or FALSE;EDUCATION;4;304;Free;0
Quiz&Learn Python;GAME;4.5;306764;Free;0
Quiz: Logo game;EDUCATION;4.6;211856;Free;0
Quizlet: Learn Languages & Vocab with Flashcards;EDUCATION;4.6;211856;Free;0
Quizlet: Learn Languages & Vocab with Flashcards;EDUCATION;4.6;211856;Free;0
Quizlet: Learn Languages & Vocab with Flashcards;EDUCATION;4.6;211856;Free;0
Quizlet: Learn Languages & Vocab with Flashcards;SOCIAL;4.5;313633;Free;0
Quora;SOCIAL;4.5;313403;Free;0
Quora;LIBRARIES_AND_DEMO;4.4;58;Free;0
Quotes;FAMILY;4.8;6696;Free;0
Quran for All (Al-Huda Int.);BOOKS_AND_REFERENCE;4.7;497826;Free;0
Quran for Android;FAMILY;4.6;2654;Free;0
Quran Juz-30 - Mahad al Zahra;FAMILY;5;41;Free;0
Quran Khmer Offline AY;SOCIAL;NaN;0;Free;0
quran-DZ;FINANCE;4.3;90;Free;0
R Bank;TOOLS;4.8;17;Free;0
R File Manager;FAMILY;4.1;135;Paid;4,84
R Instructor;BOOKS_AND_REFERENCE;3.9;54;Free;0
R Language Reference Guide;LIBRARIES_AND_DEMO;4.5;399;Free;0
R M Lock Screen;BOOKS_AND_REFERENCE;5;4;Free;0
R Programing Offline Tutorial;FAMILY;NaN;2;Free;0
R Programming;FAMILY;3.8;39;Free;0
R Programming Language;FAMILY;NaN;1;Free;0
R Programming Language (Paperset 1) MCQ Quiz;FAMILY;NaN;0;Free;0
R Programming Language (Paperset 2) MCQ Quiz;FAMILY;3.9;169;Free;0
R Programming Solution;FAMILY;NaN;5;Free;0
R Programming Tutorial;BOOKS_AND_REFERENCE;NaN;6;Free;0
R Quick Reference Big Data;SHOPPING;3.7;23;Free;0
R Studio;FAMILY;4.2;1696;Free;0
R. Lee Ermey's Official Sound;FAMILY;4.2;5369;Free;0
R. Physics Puzzle Game;BUSINESS;3.4;58;Free;0
R+F PULSE;GAME;5;2;Paid;1,49
Ra Ga Ba;FAMILY;NaN;24;Free;0
Rádio DF FM;COMMUNICATION;NaN;12;Free;0
Rádio Sol Nascente DF;COMICS;4.7;2249;Free;0
Röhrich Werner Soundboard;FAMILY;3.5;3347;Free;0
Rabbithole;FINANCE;3.4;31906;Free;0
Rabo Banking;GAME;3.8;196;Free;0
Race Manager FP;GAME;3.8;270687;Free;0
Race the Traffic Moto;GAME;NaN;4;Free;0
Racing CX;GAME;4.3;234110;Free;0
Racing in Car 2;GAME;4.3;234589;Free;0
Racing in Car 2;GAME;4.3;697805;Free;0
Racing Moto;MAPS_AND_NAVIGATION;4.5;44348;Free;0
Radarbot Free: Speed Camera Detector & Speedometer;WEATHER;4.5;54090;Free;0
RadarNow!;GAME;3.6;517;Free;0
Radial-G : Infinity;FAMILY;NaN;0;Free;0
Radio Belo Horizonte;FAMILY;NaN;53;Free;0
Radio BN;FAMILY;NaN;3;Free;0
Radio FG Paris Underground;ENTERTAINMENT;4.4;46916;Free;0
Radio Javan;FAMILY;4.5;39;Free;0
Radio K - KUOM;MEDICAL;4.8;12;Paid;6,99
Radiological Anatomy For FRCR1;MEDICAL;4.2;345;Free;0
Radiology CT Anatomy;MEDICAL;3.6;35;Free;0
Radiology CT Viewer;HOUSE_AND_HOME;4.4;6896;Free;0
RadPad: Apartment Finder App;MEDICAL;3.8;568;Free;0
RadRevision: Anatomy on CT;GAME;4.3;1489;Free;0
Rage Fight of Streets - Beat Em Up Game;GAME;4.1;11258;Free;0
Rage Z: Multiplayer Zombie FPS Online Shooter;MAPS_AND_NAVIGATION;4.2;3596;Free;0
Rail Planner Eurail/Interrail;FAMILY;5;4;Free;0
Railroad Radio Vancouver BC;PARENTING;4.8;6668;Free;0
Rainbow - Journal & Activities;BEAUTY;3.7;3871;Free;0
Rainbow Camera;WEATHER;3.7;26941;Free;0
Rainfall radar - weather;TOOLS;4.4;457;Paid;2,99
RAM Cleanup Ad-Free Option;BUSINESS;NaN;1;Free;0
Ramdor DM Mobile;PRODUCTIVITY;3.4;5;Paid;2,99
Ramfer - CNC Lathe G-code Tool;SOCIAL;3.2;398;Free;0
Rande.cz;DATING;3.6;11806;Free;0
RandoChat - Chat roulette;DATING;3;2;Free;0
Random Chat App with Strangers;FAMILY;3.7;3;Free;0
Random Love (BF);DATING;NaN;3;Free;0
Random Video Chat;DATING;NaN;3;Free;0
Random Video Chat;DATING;NaN;3;Free;0
Random Video Chat App With Strangers;DATING;NaN;3;Free;0
Random Video Chat App With Strangers;SPORTS;4.1;91935;Free;0
Range Master: Sniper Academy;LIFESTYLE;5;141;Free;0
Ríos de Fe;TOOLS;4.4;669901;Free;0
RAR;LIFESTYLE;3.8;17368;Free;0
Rate Guide Bill Letter;SHOPPING;4.3;3420;Free;0
Ratings by Consumer Reports;FINANCE;4;67;Paid;2,99
Ray Financial Calculator Pro;FAMILY;4.5;6;Free;0
Raytheon F-16 EW 360 VR;GAME;4.4;3250;Free;0
RC City Police Heavy Traffic Racer;GAME;4;38448;Free;0
RC Monster Truck - Offroad Driving Simulator;FINANCE;4.4;92;Free;0
RD/FD Calculator;NEWS_AND_MAGAZINES;4.8;46;Free;0
Rоhi.af;TOOLS;5;5;Free;0
ReactNative BG Geolocation;BOOKS_AND_REFERENCE;4.1;91615;Free;0
Read books online;LIFESTYLE;5;1;Free;0
Read it easy for BK;NEWS_AND_MAGAZINES;4.1;185058;Free;0
Read- Latest News;FAMILY;3.8;7462;Free;0
Read Unlimitedly! Kids'n Books;BOOKS_AND_REFERENCE;4.8;47303;Free;0
ReadEra – free ebook reader;FAMILY;NaN;2;Paid;3,99
Reading Race 1b: sh;EDUCATION;4.6;18372;Free;0
Ready4 GMAT (Prep4 GMAT);EDUCATION;4.6;13612;Free;0
Ready4 SAT (Prep4 SAT);COMMUNICATION;4.6;8;Free;0
ReadyOp DT;FAMILY;3.8;949;Free;0
Real AI;FAMILY;3.3;21735;Free;0
Real Airplane Flight Simulator: Pilot Games;SPORTS;4.5;1605267;Free;0
Real Basketball;FAMILY;4.2;3345;Free;0
Real Car Dr Parking Master: Parking Games 2018;GAME;4.1;341;Free;0
Real Casino:Slot;GAME;3.7;413609;Free;0
Real City Car Driver;FAMILY;4;68664;Free;0
Real DJ Simulator;SHOPPING;4.3;568273;Free;0
Real Estate;LIFESTYLE;4.4;3114;Free;0
Real Estate by Movoto;HOUSE_AND_HOME;NaN;10;Free;0
Real estate court auction information site - Hyundai court auction;HOUSE_AND_HOME;4.1;65913;Free;0
Real Estate sale & rent Trovit;SPORTS;4.1;585564;Free;0
Real Football;GAME;4.3;285814;Free;0
Real Gangster Crime;SPORTS;4.6;161423;Free;0
Real Madrid App;FAMILY;4.5;354384;Free;0
Real Racing 3;FAMILY;4.5;354454;Free;0
Real Racing 3;FAMILY;3.5;2;Paid;2,99
Real Sheet ∞: Pathfinder + DT;WEATHER;4.4;4184;Free;0
Real time Weather Forecast;AUTO_AND_VEHICLES;4;1598;Free;0
Real Tractor Farming;BUSINESS;4.4;128;Free;0
realcommercial.com.au;HOUSE_AND_HOME;3.8;14657;Free;0
realestate.com.au - Buy;HOUSE_AND_HOME;3.8;14653;Free;0
realestate.com.au - Buy;HOUSE_AND_HOME;4.1;1372;Free;0
reality.cz;HOUSE_AND_HOME;4.5;162243;Free;0
Realtor.com Real Estate: Homes for Sale and Rent;HOUSE_AND_HOME;4.5;162243;Free;0
Realtor.com Real Estate: Homes for Sale and Rent;SHOPPING;4.5;72596;Free;0
Receipt Hog - Receipts to Cash;FOOD_AND_DRINK;NaN;95;Free;0
Recettes Faciles et Rapides;FOOD_AND_DRINK;4.4;1962;Free;0
Recipe Keeper;BEAUTY;NaN;35;Free;0
Recipes and tips for losing weight;HEALTH_AND_FITNESS;4.5;1203;Free;0
Recipes for hair and face tried;BOOKS_AND_REFERENCE;4.6;2084;Free;0
Recipes of Prophetic Medicine for free;FOOD_AND_DRINK;4.7;14065;Free;0
Recipes Pastries and homemade pies More than 500 recipes for pastries;MEDICAL;4.2;9;Paid;7,49
Recognise Foot;LIFESTYLE;4;47;Free;0
Recycling Cy;GAME;4.4;1432447;Free;0
Red Ball 4;FAMILY;4.4;42069;Free;0
Red Bull TV: Live Sports;ENTERTAINMENT;4.4;42050;Free;0
Red Bull TV: Live Sports;FAMILY;4.3;616;Free;0
Red Embrace (BL/Yaoi Game);GAME;4.2;93608;Free;0
Red Hands – 2-Player Games;FINANCE;3.3;343;Free;0
Red River CU;MAPS_AND_NAVIGATION;4.3;11100;Free;0
Red Transporte DF;ENTERTAINMENT;4.1;115033;Free;0
Redbox;MEDICAL;4.3;56;Free;0
REDCap Mobile App;NEWS_AND_MAGAZINES;4.6;697212;Free;0
Reddit: Social News;HOUSE_AND_HOME;4.6;36857;Free;0
Redfin Real Estate;HOUSE_AND_HOME;4.6;36857;Free;0
Redfin Real Estate;TOOLS;NaN;0;Paid;0,99
ReDNAKET DB Normalization Tool;FINANCE;3.8;480;Free;0
Redwood CU v3.1.0;FOOD_AND_DRINK;3.5;10741;Free;0
Refreshing app Free application that can use deal coupons;AUTO_AND_VEHICLES;3.9;3971;Free;0
REG - Check the regnumber;ENTERTAINMENT;4.3;32732;Free;0
Regal Cinemas;PRODUCTIVITY;NaN;0;Free;0
Register.ca Mobile;MEDICAL;4.3;283;Free;0
Registered Dietitian Pocket Prep;SHOPPING;4.4;3878;Free;0
REI – Shop Outdoor Gear;FINANCE;2.9;320;Free;0
REI Co-op Mastercard;TOOLS;4.2;7339;Free;0
Reindeer VPN - Proxy VPN;SOCIAL;NaN;0;Free;0
Reisedealz.eu;SOCIAL;NaN;0;Free;0
Rejoin Your Ex;BOOKS_AND_REFERENCE;NaN;0;Paid;0,99
Reksio cz. 1;HEALTH_AND_FITNESS;4.4;26540;Free;0
Relax Meditation: Sleep with Sleep Sounds;HEALTH_AND_FITNESS;4.4;26540;Free;0
Relax Meditation: Sleep with Sleep Sounds;HEALTH_AND_FITNESS;4.8;19543;Paid;2,99
Relax Melodies P: Sleep Sounds;HEALTH_AND_FITNESS;4.5;233243;Free;0
Relax Melodies: Sleep Sounds;HEALTH_AND_FITNESS;4.5;233243;Free;0
Relax Melodies: Sleep Sounds;LIFESTYLE;4.5;9464;Free;0
Relax Ocean ~ Nature Sounds;LIFESTYLE;4.6;118034;Free;0
Relax Rain ~ Rain Sounds;HEALTH_AND_FITNESS;4.3;2885;Free;0
Relax with Andrew Johnson Lite;HEALTH_AND_FITNESS;4.6;4642;Free;0
Relaxing Sounds;GAME;4.3;1655;Free;0
Reload: The Z-Team;EDUCATION;4.5;108613;Free;0
Remind: School Communication;EVENTS;4.5;7074;Free;0
Reminder;SHOPPING;4.2;867;Free;0
Remix Second Hand;TOOLS;4.4;15911;Free;0
Remote | Fire TV | Android TV | KODI | CetusPlay;PRODUCTIVITY;2.4;166;Free;0
Remote Control For All AC - Universal Remote;TOOLS;3.5;3988;Free;0
Remote CT - Smart Remote;COMMUNICATION;2.3;223;Paid;1,49
Remote EX for NISSAN;TOOLS;2.5;20;Free;0
Remote For ATT U-verse TV - NOW FREE;TOOLS;3.7;701;Free;0
Remote for Onkyo AV Receivers & Smart TV/Blu-Ray;TOOLS;3.7;533;Free;0
Remote for Panasonic TV+BD+AVR;TOOLS;3.4;150;Free;0
Remote For Pioneer AV Receivers and Blu-Ray;TOOLS;3.3;1988;Free;0
Remote for Samsung TV & BluRay Players (Read Desc);TOOLS;3.4;3491;Free;0
Remote for Sony TV & Sony Blu-Ray Players MyAV;TOOLS;4.5;87055;Free;0
Remote Link (PC Remote);MEDICAL;NaN;0;Free;0
Renesas PMA;HOUSE_AND_HOME;4;7508;Free;0
Rent.com Apartment Homes;GAME;4.3;205830;Free;0
Rento - Dice Board Game Online;AUTO_AND_VEHICLES;3.9;22;Free;0
Repair Hyundai Santa Fe;FAMILY;4.5;45458;Free;0
Replika;AUTO_AND_VEHICLES;3.9;356;Free;0
REPUVE;GAME;4;27557;Free;0
Rescue Robots Survival Games;FAMILY;3.6;21095;Free;0
Resources For Virtual DJ;AUTO_AND_VEHICLES;4;1403;Free;0
Restart Navigator;TRAVEL_AND_LOCAL;4.1;12564;Free;0
Restaurant Finder;HEALTH_AND_FITNESS;3.5;143;Free;0
Restaurant Inspections - FL;TRAVEL_AND_LOCAL;4.1;46;Free;0
Restaurantführer Südbaden;FAMILY;4.5;86;Free;0
Results for CT Lottery;FAMILY;4.4;160;Free;0
Results for DC Lottery;NEWS_AND_MAGAZINES;4.6;146;Free;0
Results for FL Lottery;FAMILY;NaN;1;Free;0
Results for FL Lottery (Florida);PRODUCTIVITY;4.5;48;Free;0
Resume & CV Creator by Desygner;BUSINESS;4.5;416;Free;0
Resume ( CV Editor );BUSINESS;3.6;125;Free;0
Resume / CV;BUSINESS;4.4;11310;Free;0
Resume App;BUSINESS;4;12;Free;0
Resume Builder - Curriculum Vitae & Resume Maker;BUSINESS;4.6;770;Free;0
Resume Builder - Free CV Maker & Premium Templates;BUSINESS;4.4;25;Free;0
Resume Builder / CV Maker & Templates;PRODUCTIVITY;4.3;2303;Free;0
Resume Builder and CV maker app;BUSINESS;4.4;72202;Free;0
Resume Builder Free;BUSINESS;4.4;20921;Free;0
Resume Builder Free;PRODUCTIVITY;4.5;27820;Free;0
Resume Free;BUSINESS;4.3;740;Free;0
Resume Maker - Creator;TOOLS;4.2;54;Free;0
Resume Maker / CV creator & Templates;BUSINESS;4.2;715;Free;0
Resume Maker:Free CV Maker;BUSINESS;4.4;2147;Free;0
Resume PDF Maker / CV Builder;SHOPPING;4.4;210208;Free;0
RetailMeNot - Coupons;SHOPPING;4.4;210208;Free;0
RetailMeNot - Coupons;SHOPPING;4.4;210208;Free;0
RetailMeNot - Coupons;PHOTOGRAPHY;4.3;6120977;Free;0
Retrica;PHOTOGRAPHY;4;125616;Free;0
Retro Camera;GAME;4.7;416;Paid;2,99
Retro City Rampage DX;PERSONALIZATION;4.2;86743;Free;0
Retro Clock Widget;PERSONALIZATION;5;13;Paid;1,49
RETRO Shocked DW-6000;GAME;3.8;21423;Free;0
RetroArch;PHOTOGRAPHY;4.1;106080;Free;0
RetroSelfie - Selfie Editor;COMMUNICATION;NaN;31;Free;0
retteMi.ch;GAME;4.1;13;Free;0
R-EU-READY;NEWS_AND_MAGAZINES;4.3;13169;Free;0
Reuters News;NEWS_AND_MAGAZINES;4.3;13166;Free;0
Reuters News;FAMILY;4.4;2558;Free;0
REV Robotic Enhance Vehicles;NEWS_AND_MAGAZINES;NaN;10;Free;0
Revista BS;HEALTH_AND_FITNESS;4.8;10;Free;0
Revita.bg;FINANCE;3.8;57;Free;0
Rewards;BUSINESS;NaN;0;Free;0
RGN CI-Control;FAMILY;4.3;4207;Free;0
Rhythm Patrol;SHOPPING;4;13232;Free;0
ricardo.ch;GAME;4.6;8778;Free;0
RIDE ZERO;GAME;4.5;655067;Free;0
Rider;GAME;4.5;655145;Free;0
Rider;FAMILY;4;5118;Free;0
RightNow English Conversation;COMMUNICATION;3.9;517;Free;0
Ring;VIDEO_PLAYERS;4.4;326232;Free;0
Ringdroid;PERSONALIZATION;4.3;495905;Free;0
Ringtone Maker;PERSONALIZATION;4.3;495748;Free;0
Ringtone Maker;PERSONALIZATION;4.2;89342;Free;0
Ringtones & Wallpapers for Me;FAMILY;4.5;6;Free;0
Ringtones Of Ek Onkar;GAME;4.7;4328;Paid;2,99
Riptide GP: Renegade;FAMILY;4;68559;Free;0
RISK: Global Domination;FAMILY;4;174127;Free;0
Rivals at War: 2084;GAME;4.4;344819;Free;0
Rivals at War: Firefight;FAMILY;NaN;0;Free;0
RIV-BM FPV;FAMILY;3;1279;Free;0
Rized ‼️ Color By Number & Pixel Coloring Book;FAMILY;NaN;4;Free;0
RMEduS - 음성인식을 활용한 R 프로그래밍 실습 시스템;PRODUCTIVITY;3.3;48;Free;0
R-net for Android;GAME;4.5;617732;Free;0
Robbery Bob;MAPS_AND_NAVIGATION;4.2;55313;Free;0
Robin - AI Voice Assistant;FAMILY;NaN;1;Free;0
Robin - DC Movie Collection;FINANCE;4.6;57493;Free;0
Robinhood - Investing;FINANCE;4.6;57493;Free;0
Robinhood - Investing;FAMILY;4.5;4449910;Free;0
ROBLOX;FAMILY;4.5;4450855;Free;0
ROBLOX;FAMILY;4.5;4450890;Free;0
ROBLOX;FAMILY;4.5;4443407;Free;0
ROBLOX;GAME;4.5;4447388;Free;0
ROBLOX;GAME;4.5;4447346;Free;0
ROBLOX;GAME;4.5;4448791;Free;0
ROBLOX;GAME;4.5;4449882;Free;0
ROBLOX;GAME;4.5;4449910;Free;0
ROBLOX;GAME;4.5;3432;Free;0
Robocar X Ray;FAMILY;4.6;41;Free;0
RoboPad;FAMILY;4.4;77;Free;0
RoboPad++;GAME;4.4;30;Free;0
Robot Fighting Games™ - Real Boxing Champions 3D;FAMILY;4.5;278;Free;0
Robots Vs Zombies: Transform To Race And Fight;GAME;4.7;6187;Free;0
Rock N' Cash Casino Slots -Free Vegas Slot Games;GAME;3.7;80;Free;0
Rock n Roll Music Quiz Game;COMMUNICATION;4.4;32254;Free;0
RocketDial Dialer & Contacts;EVENTS;NaN;49;Free;0
Rockmaraton Info;FAMILY;3.4;642;Paid;1,99
Rockstars of Ooo;TOOLS;2.8;27;Free;0
Roland DG Mobile Panel;NEWS_AND_MAGAZINES;3.7;24;Free;0
Roll Call News;GAME;4.5;1385093;Free;0
Roll the Ball® - slide puzzle;GAME;4.6;10795;Paid;5,99
RollerCoaster Tycoon® Classic;GAME;3.6;2065;Free;0
Rolling G Sky;GAME;4.5;1117212;Free;0
Rolling Sky;GAME;4.4;98123;Free;0
Rolly Vortex;TOOLS;4.4;52;Free;0
Roman Clock AW-7;FAMILY;NaN;350;Free;0
Romance et Mystères au Lycée;PERSONALIZATION;4.4;18918;Free;0
Romantic Love Photo Frames;SHOPPING;4.6;135043;Free;0
ROMWE - Women's Fashion;HOUSE_AND_HOME;3.9;59660;Free;0
Room Creator Interior Design;HOUSE_AND_HOME;4;4450;Free;0
Room Painting Ideas;HOUSE_AND_HOME;4;4281;Free;0
Room planner: Interior & Floorplan Design for IKEA;GAME;4.4;45871;Free;0
Rope Hero 3;GAME;4.3;9951;Free;0
Rope Hero Return of a Legend;GAME;4.4;452589;Free;0
Rope Hero: Vice Town;GAME;4.4;6735;Free;0
Rope Superhero Unlimited;GAME;4;166033;Free;0
Rope'n'Fly 3 - Dusk Till Dawn;GAME;4.1;234606;Free;0
Rope'n'Fly 4;PERSONALIZATION;NaN;1;Free;0
Rose Gold DW Watch Theme;EDUCATION;4.5;172505;Free;0
Rosetta Stone: Learn to Speak & Read New Languages;EDUCATION;4.5;172508;Free;0
Rosetta Stone: Learn to Speak & Read New Languages;EDUCATION;4.5;172508;Free;0
Rosetta Stone: Learn to Speak & Read New Languages;EDUCATION;4.5;172508;Free;0
Rosetta Stone: Learn to Speak & Read New Languages;SHOPPING;4;15867;Free;0
Rossmann PL;GAME;4.1;41;Free;0
Roulette Advisor LITE;GAME;3.9;24697;Free;0
Route Z;PRODUCTIVITY;NaN;6;Free;0
RoutePlan.cz;FAMILY;4.4;2420;Free;0
Royale Tournaments;FAMILY;3.4;159;Paid;10,99
RPG ブレイジング ソウルズ アクセレイト;FAMILY;4.6;13492;Free;0
RPG Dragon Lapis;FAMILY;4.4;20368;Free;0
RPG End of Aspiration F;BUSINESS;NaN;2;Free;0
RRIMS FO;AUTO_AND_VEHICLES;3.2;250;Free;0
RST - Sale of cars on the PCT;MEDICAL;NaN;0;Free;0
RT 516 VET;MEDICAL;NaN;0;Free;0
RT 516 VET;NEWS_AND_MAGAZINES;4.6;56524;Free;0
RT News (Russia Today);NEWS_AND_MAGAZINES;3.7;533;Free;0
RTVBN;GAME;4.5;7687;Paid;1,99
R-TYPE;GAME;4.3;5682;Paid;1,99
R-TYPE II;SPORTS;2.7;17;Free;0
Rugby AU;HOUSE_AND_HOME;4.7;126;Free;0
Ruler;TOOLS;4.5;27180;Free;0
Ruler;TOOLS;4.3;10;Free;0
Ruler & Area Measurement (cm;TOOLS;3.6;661;Free;0
Ruler cm;TOOLS;3.4;2889;Free;0
Ruler(cm;GAME;4.2;1343866;Free;0
RULES OF SURVIVAL;GAME;4.2;1343106;Free;0
RULES OF SURVIVAL;GAME;4.4;661;Free;0
RUN JUMP RUN-fun games for free;HEALTH_AND_FITNESS;2.4;577;Free;0
Run on Earth;FAMILY;3.9;8;Free;0
Run R Script - Online Statistical Data Analysis;GAME;4.4;275447;Free;0
Run Sausage Run!;GAME;4.4;276105;Free;0
Run Sausage Run!;HEALTH_AND_FITNESS;4.5;183662;Free;0
Run with Map My Run;HEALTH_AND_FITNESS;4.5;183669;Free;0
Run with Map My Run;HEALTH_AND_FITNESS;4.5;183669;Free;0
Run with Map My Run;HEALTH_AND_FITNESS;4.5;501144;Free;0
Runkeeper - GPS Track Run Walk;HEALTH_AND_FITNESS;4.5;501144;Free;0
Runkeeper - GPS Track Run Walk;GAME;4.5;559;Free;0
Runner 3d like;HEALTH_AND_FITNESS;4.5;6238;Free;0
Running & Jogging;HEALTH_AND_FITNESS;4.7;77777;Free;0
Running Distance Tracker +;HEALTH_AND_FITNESS;4.4;20812;Free;0
Running Weight Loss Walking Jogging Hiking FITAPP;HEALTH_AND_FITNESS;4.5;50679;Free;0
Runtastic Mountain Bike GPS Tracker;HEALTH_AND_FITNESS;4.5;827597;Free;0
Runtastic Running App & Mile Tracker;HEALTH_AND_FITNESS;4.5;827651;Free;0
Runtastic Running App & Mile Tracker;HEALTH_AND_FITNESS;4.5;827653;Free;0
Runtastic Running App & Mile Tracker;HEALTH_AND_FITNESS;4.1;111462;Free;0
Runtastic Sleep Better: Sleep Cycle & Smart Alarm;HEALTH_AND_FITNESS;4.1;111465;Free;0
Runtastic Sleep Better: Sleep Cycle & Smart Alarm;GAME;4.6;260651;Free;0
Rush;DATING;4.2;1059;Free;0
Russian Dating & Chat for Russian speaking RusDate;PERSONALIZATION;4.2;11244;Free;0
S Launcher for Galaxy TouchWiz;PERSONALIZATION;4.1;47;Paid;4,99
S Launcher Pro for Galaxy;PRODUCTIVITY;4.1;12435;Free;0
S Note;TOOLS;3.8;560;Free;0
S Pen Keeper;PHOTOGRAPHY;4.4;972574;Free;0
S Photo Editor - Collage Maker ;TOOLS;4.6;14224;Free;0
S Player - Lightest and Most Powerful Video Player;TOOLS;4.4;22503;Free;0
S S9 Launcher - Galaxy S8/S9 Launcher;FAMILY;4.3;171220;Free;0
S.O.L : Stone of Life EX;BOOKS_AND_REFERENCE;4.7;119;Free;0
SA HLA BU;PRODUCTIVITY;4.1;15097;Free;0
S’more - Earn Cash Rewards;MAPS_AND_NAVIGATION;3.3;555;Free;0
Südtirol2Go;BOOKS_AND_REFERENCE;4.7;28237;Free;0
Sabbath School;FAMILY;4.3;2871;Free;0
Sabbath School 4;SOCIAL;4.2;17;Free;0
Sabka Malik Ek Sai;BUSINESS;4.4;2287;Free;0
sABN;LIBRARIES_AND_DEMO;NaN;20;Free;0
Sad hair without net;ART_AND_DESIGN;4.5;176;Free;0
Sad Poetry Photo Frames 2018;BUSINESS;4.7;3;Free;0
Safe Ag Systems™;PRODUCTIVITY;4.6;3362;Free;0
Safe Notes - Secure Ad-free notepad;FAMILY;5;2;Free;0
Safe Santa Fe;PRODUCTIVITY;2.9;32;Free;0
Safe Wi-Fi;PARENTING;4.4;11501;Free;0
Safe365 – Cell Phone GPS Locator For Your Family;COMMUNICATION;4.4;27540;Free;0
Safest Call Blocker;LIFESTYLE;3.7;4212;Free;0
Safety stepping stone;LIFESTYLE;4.3;33572;Free;0
Safeway;FAMILY;4.5;253;Paid;3,99
Sago Mini Babies;FAMILY;4.5;253;Paid;3,99
Sago Mini Babies;FAMILY;4.2;8;Paid;3,99
Sago Mini Big City;FAMILY;4.4;13155;Free;0
Sago Mini Friends;FAMILY;4.4;13155;Free;0
Sago Mini Friends;FAMILY;4.4;13155;Free;0
Sago Mini Friends;EDUCATION;4.9;11;Paid;3,99
Sago Mini Hat Maker;SPORTS;3.9;63938;Free;0
Sahadan Live Scores;PRODUCTIVITY;4.9;42;Free;0
Sai Baba - Sabka Malik Ek;FAMILY;3.8;5;Free;0
Saiyan Of CW;GAME;4.4;306;Free;0
Saiyan Z: Super SSJ Ultimate Combat;LIFESTYLE;4.5;532;Free;0
Salah Widget (DK+Malmo);TOOLS;NaN;83;Free;0
Sam.BN;TOOLS;NaN;11;Paid;0,99
Sam.BN Pro;SHOPPING;4.3;45362;Free;0
Sam's Club: Wholesale Shopping & Instant Savings;TOOLS;4.4;9602;Free;0
Samsung Calculator;HEALTH_AND_FITNESS;4.3;480208;Free;0
Samsung Health;TOOLS;4.3;330468;Free;0
Samsung Max - Data Savings & Privacy Protection;PRODUCTIVITY;3.9;15368;Free;0
Samsung Notes;LIBRARIES_AND_DEMO;4.3;6;Free;0
SAMSUNG RETAILMODE 2018;PHOTOGRAPHY;4;34753;Free;0
Samsung SMART CAMERA App;TOOLS;4.3;146913;Free;0
Samsung Smart Switch Mobile;TOOLS;4.2;27;Free;0
Samsung TV AV Guide 2016;VIDEO_PLAYERS;4.4;25922;Free;0
Samsung Video Library;LIFESTYLE;4.5;82145;Free;0
Samsung+;GAME;4.5;407788;Free;0
SAMURAI vs ZOMBIES DEFENSE;GAME;3.9;923;Free;0
San Andreas City : Auto Theft Car gangster;FAMILY;4.2;9403;Free;0
San Andreas Crime City Gangster 3D;GAME;4;162530;Free;0
San Andreas Crime Stories;GAME;4.1;2399;Free;0
San Andreas: Gang Crime V;MEDICAL;NaN;0;Free;0
San Dimas AH;FAMILY;4.7;412744;Free;0
Sandbox - Color by Number Coloring Pages;FAMILY;4.7;12784;Free;0
Sandbox Art-Sandbox Color by Number Coloring Pages;FAMILY;4.2;14356;Free;0
Sandbox Number Coloring Book Art - Color By Number;MEDICAL;4.5;1388;Free;0
Sanford Guide:Antimicrobial Rx;SPORTS;NaN;196;Free;0
Santa Fe App;FOOD_AND_DRINK;NaN;0;Free;0
Santa Fe Espresso & News;FINANCE;4.3;12;Free;0
Santa Fe FCU Mobile Banking;FAMILY;3.8;4;Free;0
Santa Fe Indian Market;TRAVEL_AND_LOCAL;NaN;2;Free;0
Santa Fe Map and Walks;NEWS_AND_MAGAZINES;4.1;25;Free;0
Santa Fe New Mexican e-Edition;HOUSE_AND_HOME;NaN;0;Free;0
Santa Fe Sentry;HEALTH_AND_FITNESS;5;2;Free;0
Santa Fe Thrive;TRAVEL_AND_LOCAL;NaN;1;Free;0
Santa Fe VIP Tours;GAME;4.1;101;Free;0
Santa Panda Bubble Christmas;GAME;5;4;Paid;1,99
Santa's Monster Shootout DX;TOOLS;NaN;1;Free;0
Sanu Ek Pal Chain - Raid;FAMILY;4.9;11;Free;0
Sanu Ek Pal Chain Song Videos - RAID Movie Songs;FAMILY;4;11;Free;0
SAP BW Tutorial;EVENTS;NaN;6;Free;0
Sarajevo Film Festival - Official;FOOD_AND_DRINK;4.8;1250;Free;0
SarashpazPapion (Cooking with Chef Bowls);EDUCATION;4.2;2277;Free;0
SAT Flashcards: Prep & Vocabulary;EDUCATION;4.1;2363;Free;0
SAT Test;EDUCATION;4.2;642;Free;0
SAT Vocabulary;BOOKS_AND_REFERENCE;4.1;9636;Free;0
Satellite AR;TOOLS;4.1;45610;Free;0
Satellite Director;COMMUNICATION;3.6;97;Free;0
Sat-Fi;COMMUNICATION;3.4;37;Free;0
Sat-Fi Voice;MEDICAL;3.7;3;Free;0
Saunders Comprehensive Review NCLEX-PN Examination;SHOPPING;3.7;2094;Free;0
Save.ca;SHOPPING;4.2;31519;Free;0
SavingStar - Grocery Coupons;Freebies;Sales;SHOPPING;1.1M;#�VALOR!
Savory - Deals;MEDICAL;NaN;0;Free;0
Sayers AH;SOCIAL;4.2;423105;Free;0
SayHi Chat;SOCIAL;4.2;423138;Free;0
SayHi Chat;SOCIAL;4.2;423138;Free;0
SayHi Chat;FAMILY;3.2;1011;Free;0
SAY-U;FINANCE;2.9;139;Free;0
SB · FN 1870 Mobile Banking;MAPS_AND_NAVIGATION;3.7;20605;Free;0
SBB Mobile;TOOLS;4.4;9;Paid;2,99
Scale Models DB;FAMILY;4.4;175509;Free;0
Scanner Radio - Fire and Police Scanner;FAMILY;3.4;1012;Free;0
Scanning body and undressing people;FAMILY;3.7;1443;Free;0
Scanning under clothes (prank);LIFESTYLE;4.4;16637;Free;0
Scarf Fashion Designer;LIFESTYLE;4.4;16637;Free;0
Scarf Fashion Designer;FAMILY;3.7;9296;Free;0
Scary Video Maker;FINANCE;4.2;112656;Free;0
SCB EASY;TOOLS;4;24;Free;0
Schengen/EU App;BOOKS_AND_REFERENCE;NaN;0;Paid;0,99
Schlaumeier;FAMILY;4.1;530792;Free;0
School of Dragons;FAMILY;4.1;530792;Free;0
School of Dragons;FAMILY;4.6;1553;Free;0
School scientific calculator fx 500 es plus 500 ms;SHOPPING;4;6;Free;0
Schulman B.V.;FAMILY;3.2;4;Free;0
Sci Fi Sounds;TOOLS;4.3;16395;Free;0
Scientific Calculator Free;HEALTH_AND_FITNESS;3.5;8;Free;0
SCI-Ex;PERSONALIZATION;3.6;128;Free;0
Sci-Fi Sounds and Ringtones;FAMILY;4.7;15;Paid;1,99
SCI-FI UI;BUSINESS;4.2;123;Free;0
SCM FPS Status;PHOTOGRAPHY;4.5;559931;Free;0
Scoompa Video - Slideshow Maker and Video Editor;GAME;4.6;5418675;Free;0
Score! Hero;GAME;4.6;5419676;Free;0
Score! Hero;GAME;4.6;5419676;Free;0
Score! Hero;LIFESTYLE;4.3;3;Free;0
Scoreboard FR;TOOLS;4.5;1439;Free;0
ScorePal;TRAVEL_AND_LOCAL;4.2;120373;Free;0
Scout GPS Navigation & Meet Up;GAME;3.9;172281;Free;0
SCRABBLE;GAME;3.3;152102;Free;0
Scratch Logo Quiz. Challenging brain puzzle;FAMILY;4.6;25;Free;0
Scratch-Off Guide for FL Lotto;TOOLS;4.2;68309;Free;0
Screen Lock;TOOLS;3.7;338449;Free;0
Screen Lock - with Fingerprint Simulator;TOOLS;4.1;172990;Free;0
Screen Off and Lock;BUSINESS;4;624;Free;0
ScreenMeet. Easy Phone Meeting;MEDICAL;3.8;700;Free;0
ScriptSave WellRx Rx Discounts;MEDICAL;3.8;700;Free;0
ScriptSave WellRx Rx Discounts;PRODUCTIVITY;4.4;7;Free;0
SCS eC;TOOLS;NaN;142;Free;0
SD card backup;BOOKS_AND_REFERENCE;4.5;8;Free;0
SDA Collegiate Quarterly;BOOKS_AND_REFERENCE;4.7;14773;Free;0
SDA Sabbath School Quarterly;TOOLS;3.2;67;Free;0
SDV Cam;FOOD_AND_DRINK;4.5;35218;Free;0
Seamless Food Delivery/Takeout;TRAVEL_AND_LOCAL;4.4;11514;Free;0
search.ch;EVENTS;4.4;15558;Free;0
SeatGeek – Tickets to Sports;SPORTS;3.3;974;Free;0
Seattle Sounders FC;GAME;4.4;1563;Free;0
SecondSecret ‐「恋を読む」BLノベルゲーム‐;TOOLS;3.6;6060;Free;0
Secret Codes For Android;BEAUTY;NaN;77;Free;0
Secrets of beauty;BUSINESS;3.8;14760;Free;0
Secure Folder;PRODUCTIVITY;4;212;Free;0
Security & Privacy;HOUSE_AND_HOME;4.4;137;Free;0
Security Camera CZ;TOOLS;4.7;24900999;Free;0
Security Master - Antivirus;SOCIAL;4.1;568;Free;0
See U - Random video chat;BUSINESS;4.3;14955;Free;0
SEEK Job Search;FINANCE;4.5;22808;Free;0
Seeking Alpha;FAMILY;4.5;118285;Free;0
Seen;FAMILY;3.7;1478;Free;0
SegPlay Mobile Paint by Number;HEALTH_AND_FITNESS;4.5;14394;Free;0
Self Healing;HEALTH_AND_FITNESS;4;2894;Free;0
Self-help Anxiety Management;BEAUTY;4.2;17934;Free;0
Selfie Camera;PHOTOGRAPHY;4.2;401820;Free;0
Selfie Camera - Photo Editor & Filter & Sticker;BEAUTY;4.1;187;Free;0
Selfie Camera Photo Editor & Filter & Sticker;PHOTOGRAPHY;4.7;31985;Free;0
Selfie Camera: Beauty Camera;TOOLS;2.8;29;Free;0
Selfie DV;PHOTOGRAPHY;4.6;11677;Free;0
Selfie Photo Editor;PHOTOGRAPHY;5;2;Free;0
Selfie With Champion AJ Style;PERSONALIZATION;3.9;168;Free;0
senior easy phone;BUSINESS;NaN;0;Free;0
Sensenuts eI;TOOLS;4.3;37;Free;0
SenseView BT Zephyr Sensor;MAPS_AND_NAVIGATION;4.1;2909;Free;0
Sentin Information Map;BEAUTY;4.5;26834;Free;0
Sephora: Skin Care;EVENTS;4.6;731;Free;0
Series Valley of the Wolves full of part;ENTERTAINMENT;4.3;64448;Free;0
SeriesGuide – Show & Movie Manager;GAME;4.8;35;Free;0
Sermon on Proverbs CH Spurgeon;TOOLS;4.3;668;Free;0
Servers Ultimate Pack B;FINANCE;4.7;6208;Free;0
Service CU Mobile Banking;TOOLS;4.3;534;Free;0
Service Disabler;TOOLS;NaN;55;Paid;1,99
Servidor Privado CR y CoC - Royale Servers PRO;FAMILY;4.6;3106;Free;0
Servidor Privado de CR y CoC - Light Royale;HEALTH_AND_FITNESS;4.5;75571;Free;0
Seven - 7 Minute Workout Training Challenge;HEALTH_AND_FITNESS;4.5;75571;Free;0
Seven - 7 Minute Workout Training Challenge;FAMILY;3.9;17067;Free;0
Sexy Hot Detector Prank;COMMUNICATION;4.3;46702;Free;0
Seznam.cz;PRODUCTIVITY;3.9;334;Free;0
SH Script Runner;BOOKS_AND_REFERENCE;NaN;2;Free;0
SH-02J Owner's Manual (Android 8.0);FAMILY;5;5;Free;0
Shabad Gurubani Punjabi mp3 free - Ek Onkar Satnam;GAME;4.6;10979062;Free;0
Shadow Fight 2;GAME;4.6;10981850;Free;0
Shadow Fight 2;GAME;4.5;10440;Paid;4,99
Shadow Fight 2 Special Edition;GAME;4.6;100609;Free;0
SHADOWGUN LEGENDS;GAME;4.2;47340;Free;0
Shadowverse CCG;PRODUCTIVITY;NaN;0;Free;0
Shaggy's DM Assistant;SHOPPING;4;7006;Free;0
Sharaf DG;SOCIAL;4.4;120;Free;0
Share G - Images Sharing - Wallpapers App;TOOLS;4.4;1280423;Free;0
Share Music & Transfer Files - Xender;TOOLS;4.4;1279109;Free;0
Share Music & Transfer Files - Xender;PARENTING;2;23;Paid;4,59
SharedCare™ Co-parenting;TOOLS;4.6;7790693;Free;0
SHAREit - Transfer & Share;TOOLS;4.6;7775146;Free;0
SHAREit - Transfer & Share;FAMILY;NaN;2;Free;0
She Will Be Loved Lyrics;MEDICAL;NaN;1;Free;0
Sherbourne AH;FAMILY;4.1;3433;Free;0
Shiver: Moonlit Grove CE;LIFESTYLE;NaN;4;Free;0
S-Home DK;GAME;4.6;29445;Free;0
Shoot Bubble - Fruit Splash;FAMILY;3.7;2850;Free;0
Shoot Em Down Free;GAME;4.3;320334;Free;0
Shoot Hunter-Gun Killer;FAMILY;3;2;Free;0
Shoot M-16 vs AK-47 : realistic weapon simulator;GAME;4.1;82827;Free;0
Shoot Strike War Fire;GAME;NaN;4;Free;0
Shoot! DX - lights for FREE;GAME;3.9;7972;Free;0
Shoot`Em Down: Shooting game;GAME;3.5;14823;Free;0
Shooter Sniper CS - FPS Games;GAME;4.4;257724;Free;0
Shooting King;SHOPPING;3.4;620;Free;0
Shop 'n Save;SHOPPING;4.3;94294;Free;0
Shopee - No. 1 Online Shopping;SHOPPING;4.2;609186;Free;0
Shopee: No.1 Belanja Online;SHOPPING;4.2;608753;Free;0
Shopee: No.1 Online Shopping;SHOPPING;4.4;279428;Free;0
Shopfully - Weekly Ads & Deals;SHOPPING;4.3;213735;Free;0
Shopkick: Free Gift Cards;SHOPPING;4.3;213735;Free;0
Shopkick: Free Gift Cards;FAMILY;4.3;169609;Free;0
Shopkins World!;FAMILY;4.3;169609;Free;0
Shopkins World!;SHOPPING;4.8;14;Paid;2,49
Shopping List S PRO;SHOPPING;4.1;110425;Free;0
ShopSavvy Barcode & QR Scanner;SHOPPING;4.7;57920;Free;0
Shopular: Coupons;SHOPPING;4.7;57920;Free;0
Shopular: Coupons;FAMILY;3.7;464;Free;0
Shortcuts for After Effects;COMMUNICATION;4.8;237468;Free;0
Should I Answer?;FAMILY;3.9;55;Free;0
Shoulder Surgery ER Emergency Doctor Game;ENTERTAINMENT;4.2;12398;Free;0
SHOWTIME;ENTERTAINMENT;4.2;12398;Free;0
SHOWTIME;ENTERTAINMENT;3.7;18523;Free;0
Showtime Anytime;FAMILY;3.7;18522;Free;0
Showtime Anytime;GAME;3.9;41683;Free;0
Shred! Downhill Mountainbiking;SHOPPING;4.2;106798;Free;0
Shrimp skin shopping: spend less;PHOTOGRAPHY;4.6;98716;Free;0
Shutterfly: Free Prints;PHOTOGRAPHY;4.6;98716;Free;0
Shutterfly: Free Prints;PHOTOGRAPHY;4.6;98716;Free;0
Shutterfly: Free Prints;PHOTOGRAPHY;4.6;98717;Free;0
Shutterfly: Free Prints;TRAVEL_AND_LOCAL;NaN;0;Free;0
SHUTTLLS CQ - Connect Ride Go;GAME;NaN;1;Paid;1,99
Sic Bo;GAME;4.2;152;Free;0
Sic Bo (Tai Xiu) - Multiplayer Casino;GAME;3.8;488;Free;0
Sic Bo Online! Free Casino;GAME;3.9;164;Free;0
Sic Bo Rave;GAME;4.4;28510;Free;0
Sid Story;FAMILY;4.4;1185;Free;0
Sight Words Pre-K to Grade-3;SOCIAL;NaN;38;Free;0
signály.cz;TOOLS;4.6;424;Free;0
Signal Info;TOOLS;4.4;875;Free;0
Signal Spy - Monitor Signal Strength & Data Usage;BUSINESS;4.3;8978;Free;0
SignEasy | Sign and Fill PDF and other Documents;BUSINESS;4.3;8978;Free;0
SignEasy | Sign and Fill PDF and other Documents;TOOLS;4.5;3356;Paid;2,95
Silence Premium Do Not Disturb;PHOTOGRAPHY;4.4;47090;Free;0
Silent Camera [High Quality];DATING;3.3;149;Free;0
SilverSingles: The 50+ Dating App;TOOLS;4.1;4234;Free;0
SIM Card Info;FAMILY;4.5;4218587;Free;0
SimCity BuildIt;FINANCE;4.4;7731;Free;0
Simple - Better Banking;FINANCE;4.4;7731;Free;0
Simple - Better Banking;MEDICAL;3.9;31;Free;0
Simple Blood Pressure log;PRODUCTIVITY;4.2;105;Free;0
Simple EV Calc;TOOLS;4.5;28030;Free;0
Simple Gallery;HEALTH_AND_FITNESS;4.7;11689;Free;0
Simple Habit Meditation;HEALTH_AND_FITNESS;4.7;11689;Free;0
Simple Habit Meditation;PERSONALIZATION;4.1;51145;Free;0
Simple Neon Blue Future Tech Keyboard Theme;PRODUCTIVITY;4.3;12321;Free;0
Simple Notepad;TOOLS;NaN;1;Free;0
Simple Photo BG Changer;FOOD_AND_DRINK;4.7;3803;Free;0
Simple Recipes;GAME;NaN;0;Free;0
Simple x3DS Emulator - BETA;TOOLS;NaN;4;Free;0
Simpli CT;HEALTH_AND_FITNESS;4.1;6826;Free;0
Simply Yoga - Fitness Trainer for Workouts & Poses;FAMILY;3.9;168;Free;0
Simulator Brawl Box for BS;GAME;4.2;2113;Free;0
Sin City Crime Simulator V - Gangster;GAME;4.1;3371;Free;0
Sin City Hero : Crime Simulator of Vegas;DATING;3.5;2593;Free;0
Single Parent Meet #1 Dating;FAMILY;5;3;Free;0
Sir C J New Primary School;PERSONALIZATION;4.2;42190;Free;0
Siren Ringtones;FAMILY;4.3;2282;Free;0
Sirens Fashion Style Game;BUSINESS;4.9;23;Free;0
Sisense Mobile BI;PHOTOGRAPHY;4;5967;Free;0
Six Pack Abs Photo Editor;HEALTH_AND_FITNESS;4.9;272337;Free;0
Six Pack in 30 Days - Abs Workout;HEALTH_AND_FITNESS;4.9;272172;Free;0
Six Pack in 30 Days - Abs Workout;HEALTH_AND_FITNESS;4.6;2880;Free;0
Six Packs for Man–Body Building with No Equipment;TRAVEL_AND_LOCAL;4.5;289;Free;0
Siyaha Dz;SPORTS;NaN;2;Free;0
SK Bosnia Online EU Teplice;AUTO_AND_VEHICLES;3.6;1379;Free;0
SK Enca Direct Malls - Used Cars Search;GAME;4.3;1167143;Free;0
Skater Boy;AUTO_AND_VEHICLES;3.7;4806;Free;0
SKencar;ART_AND_DESIGN;4.5;215644;Free;0
Sketch - Draw & Paint;VIDEO_PLAYERS;3.8;3965;Free;0
Sketch 'n' go;ENTERTAINMENT;4.3;256664;Free;0
SketchBook - draw and paint;FAMILY;4.3;906;Free;0
Sketchfab;FAMILY;4.5;48754;Paid;0,99
Ski Safari: Adventure Time;FAMILY;4.3;855;Free;0
Skill Tree - BL Pre Sequel;PRODUCTIVITY;NaN;0;Free;0
SKIN BK;BEAUTY;NaN;654;Free;0
Skin Care and Natural Beauty;BEAUTY;4;1;Free;0
Skin Disease;GAME;4.4;33661;Paid;2,99
Skip-Bo™;GAME;3.5;46801;Free;0
Skip-Bo™ Free;TRAVEL_AND_LOCAL;4.6;10035;Free;0
Skiplagged — Exclusive Flights & Hotels;SOCIAL;4.3;1064049;Free;0
SKOUT - Meet;SOCIAL;4.3;1064076;Free;0
SKOUT - Meet;PERSONALIZATION;4.5;4;Free;0
Skull Widget BW;NEWS_AND_MAGAZINES;4;30287;Free;0
Sky News;DATING;3.5;894;Free;0
Sky People (SPI): A secure blind date through authentication by Seoul National University;GAME;4.3;37513;Free;0
Sky Streaker - Gumball;FAMILY;3.3;2802;Free;0
Skylink Live TV CZ;DATING;3.5;69;Free;0
SkyLove – Dating and chat;COMMUNICATION;4.1;10484169;Free;0
Skype - free IM & video calls;COMMUNICATION;4.1;10484169;Free;0
Skype - free IM & video calls;COMMUNICATION;4.1;10484169;Free;0
Skype - free IM & video calls;BUSINESS;3.9;78172;Free;0
Skype for Business for Android;COMMUNICATION;4.2;33053;Free;0
Skype Lite - Free Video Call & Chat;TRAVEL_AND_LOCAL;4.5;481545;Free;0
Skyscanner;TRAVEL_AND_LOCAL;4.5;481546;Free;0
Skyscanner;TRAVEL_AND_LOCAL;4.5;481546;Free;0
Skyscanner;TRAVEL_AND_LOCAL;4.5;481546;Free;0
Skyscanner;TRAVEL_AND_LOCAL;4.5;481546;Free;0
Skyscanner;BUSINESS;2.9;28;Paid;17,99
SkyTest BU/GU Lite;WEATHER;NaN;15;Free;0
Skywatch BL;BUSINESS;4.4;51507;Free;0
Slack;BUSINESS;4.4;51507;Free;0
Slack;BUSINESS;4.4;51510;Free;0
Slack;PERSONALIZATION;NaN;1;Paid;4,85
SLANGY-Perfect BK World Theme;HEALTH_AND_FITNESS;2.6;114;Free;0
Sleep as Android Garmin Addon;HEALTH_AND_FITNESS;2.8;961;Free;0
Sleep as Android Gear Addon;LIFESTYLE;4.5;23966;Paid;5,99
Sleep as Android Unlock;LIFESTYLE;4.3;246201;Free;0
Sleep as Android: Sleep cycle tracker;LIFESTYLE;3.5;28;Free;0
Sleep as Microsoft Band Add-On;HEALTH_AND_FITNESS;4.8;51227;Free;0
Sleep Sounds;LIFESTYLE;4.2;2563;Free;0
SleepCloud Backup for Sleep as Android;FAMILY;4.6;19640;Free;0
Sleeping Delivery;LIFESTYLE;4.4;19621;Free;0
SleepyTime: Bedtime Calculator;GAME;4.4;12736;Free;0
Slendrina X;SHOPPING;4.2;16966;Free;0
Slice: Package Tracker;SHOPPING;4.5;33583;Free;0
Slickdeals: Coupons & Shopping;SHOPPING;4.5;33583;Free;0
Slickdeals: Coupons & Shopping;SHOPPING;4.5;33599;Free;0
Slickdeals: Coupons & Shopping;GAME;4.4;5234162;Free;0
slither.io;GAME;4.4;5234825;Free;0
slither.io;GAME;4.4;5234810;Free;0
slither.io;GAME;4.4;5235294;Free;0
slither.io;GAME;4.4;5235294;Free;0
slither.io;GAME;4.4;5231553;Free;0
slither.io;GAME;4.6;267229;Free;0
Slot Machines by IGG;TOOLS;3.3;4786;Free;0
Smart Air Conditioner;TOOLS;3.2;409;Free;0
Smart Air Conditioner(CAC);TOOLS;4.4;137562;Free;0
Smart AppLock (App Protect);PRODUCTIVITY;4.2;17415;Free;0
Smart File Manager;TOOLS;4.1;65597;Free;0
Smart Keyboard Trial;PERSONALIZATION;4.4;512102;Free;0
Smart Launcher 5;PERSONALIZATION;4.4;512106;Free;0
Smart Launcher 5;PERSONALIZATION;4.6;40704;Paid;4,49
Smart Launcher Pro 3;PERSONALIZATION;4.1;291;Paid;1,99
Smart Launcher theme b. gold;TOOLS;3.5;81747;Free;0
Smart TV Remote;COMMUNICATION;3.7;197;Paid;2,99
Smart Wi-Fi Hotspot PRO;FAMILY;1.8;3270;Free;0
Smart-AC Universal Remote Free;BUSINESS;NaN;2;Free;0
SmartCircle Remote DS;NEWS_AND_MAGAZINES;4.2;233305;Free;0
SmartNews: Breaking News Headlines;MEDICAL;NaN;0;Free;0
Smartshading AI;GAME;4.5;4147718;Free;0
Smash Hit;GAME;4.3;45558;Free;0
Smashy Road: Arena;WEATHER;3.5;11297;Free;0
SMHI Weather;PERSONALIZATION;4.3;1961;Free;0
Smoke Effect Name Art Maker-Avatar Text Art Editor;ART_AND_DESIGN;3.8;178;Free;0
Smoke Effect Photo Maker - Smoke Editor;FAMILY;3.9;3253;Free;0
Smokes for CS:GO;FAMILY;4.3;445;Free;0
Smokes Guide for CS:GO;TOOLS;3.8;89;Free;0
SMS AI Bot;FAMILY;NaN;17;Free;0
SMS Au revoir;AUTO_AND_VEHICLES;4.5;3617;Free;0
SMS Park;COMMUNICATION;NaN;12;Free;0
SMS Sender - sluzba.cz;SOCIAL;4.6;16801;Free;0
Snaappy – 3D fun AR core communication platform;BUSINESS;4.3;32584;Free;0
Snag - Jobs Hiring Now;GAME;4.2;422244;Free;0
Snake VS Block;MEDICAL;NaN;1;Free;0
SnakeBite911 ER;MEDICAL;NaN;1;Free;0
SnakeBite911 FR;PHOTOGRAPHY;4;5855;Free;0
Snap Cat Face Camera;SOCIAL;4;17014787;Free;0
Snapchat;SOCIAL;4;17014705;Free;0
Snapchat;SOCIAL;4;17015352;Free;0
Snapchat;SOCIAL;4;17000166;Free;0
Snapchat;PHOTOGRAPHY;4.1;32398;Free;0
Snapfish;MAPS_AND_NAVIGATION;4.5;37937;Free;0
Snapp;PHOTOGRAPHY;4.5;823109;Free;0
Snapseed;TRAVEL_AND_LOCAL;3.4;15750;Free;0
SNCF;GAME;4.4;70351;Free;0
Snes9x EX+;GAME;4.6;7671249;Free;0
Sniper 3D Gun Shooter: Free Shooting Games - FPS;GAME;4.6;7672495;Free;0
Sniper 3D Gun Shooter: Free Shooting Games - FPS;GAME;4.6;7672495;Free;0
Sniper 3D Gun Shooter: Free Shooting Games - FPS;GAME;4.6;7674252;Free;0
Sniper 3D Gun Shooter: Free Shooting Games - FPS;GAME;4.6;7674252;Free;0
Sniper 3D Gun Shooter: Free Shooting Games - FPS;GAME;4.6;7657490;Free;0
Sniper 3D Gun Shooter: Free Shooting Games - FPS;GAME;4.6;20;Free;0
Sniper Gun Shot 3D: Impossible Missions;GAME;4;119368;Free;0
Sniper Killer Shooter;GAME;3.2;655;Free;0
Sniper Traning for CS GO;SHOPPING;4.2;9975;Free;0
SnipSnap Coupon App;SHOPPING;4.2;9975;Free;0
SnipSnap Coupon App;FAMILY;4.2;47031;Free;0
Snoopy's Town Tale - City Building Simulator;PHOTOGRAPHY;4.3;1017237;Free;0
SNOW - AR Camera;GAME;3.8;4552;Free;0
Snowboard Racing Free Fun Game;GAME;3.6;12257;Free;0
SnowMobile Parking Adventure;DATING;3.5;1093;Free;0
SnpCupid Dating;SPORTS;3.5;172373;Free;0
Soccer 2018;SPORTS;4.1;6231;Free;0
Soccer Board Tactics;GAME;4.2;21661;Free;0
Soccer Clubs Logo Quiz;SPORTS;3.9;6289;Free;0
Soccer FC;SPORTS;4.4;63779;Free;0
Soccer Manager 2018;SPORTS;4.6;652940;Free;0
Soccer Star 2018 Top Leagues · MLS Soccer Games;SOCIAL;4.3;1403;Free;0
Social network all in one 2018;LIBRARIES_AND_DEMO;NaN;4;Paid;0,99
Socle Commun BO du 23-04-2015;EDUCATION;4.6;37862;Free;0
Socratic - Math Answers & Homework Help;EDUCATION;4.6;37862;Free;0
Socratic - Math Answers & Homework Help;EDUCATION;3.9;1239;Free;0
Socrative Teacher;SPORTS;4.8;221722;Free;0
SofaScore Live Score;TOOLS;4.4;8259;Free;0
Software Update;FAMILY;3.9;46;Paid;2,99
Sokoban Land DX;PRODUCTIVITY;4.7;315;Free;0
Solar CT PV System Power;FAMILY;4;211;Free;0
Solar System AR ( ARCore );FAMILY;4.2;64815;Free;0
Soldiers of Glory: Modern War;TOOLS;NaN;1;Free;0
SOLEM AG;PRODUCTIVITY;4.5;49794;Free;0
Solid Explorer Classic;PRODUCTIVITY;4.6;67523;Free;0
Solid Explorer File Manager;FAMILY;4.4;685;Free;0
Solitaire;GAME;4.7;254258;Free;0
Solitaire;GAME;4.7;154264;Free;0
Solitaire;GAME;4.5;446434;Free;0
Solitaire TriPeaks;GAME;4.7;403911;Free;0
Solitaire!;GAME;4.9;37302;Free;0
Solitaire: Decked Out Ad Free;GAME;4.6;11235;Paid;2,99
Solitaire+;COMMUNICATION;4.3;23707;Free;0
SolMail - All-in-One email app;TOOLS;4.5;474439;Free;0
Solo Locker (DIY Locker);EDUCATION;4.8;256079;Free;0
SoloLearn: Learn to Code for Free;FOOD_AND_DRINK;NaN;0;Free;0
Sommelier.BG;PRODUCTIVITY;NaN;2;Free;0
Somos CG;LIFESTYLE;4.2;31;Free;0
Sona - Nær við allastaðni;GAME;3.7;8014;Paid;2,99
Sonic 4™ Episode I;GAME;4.6;26138;Free;0
Sonic CD Classic;GAME;4.5;3778921;Free;0
Sonic Dash;GAME;4.5;3777822;Free;0
Sonic Dash;FOOD_AND_DRINK;4.3;19314;Free;0
SONIC Drive-In;FOOD_AND_DRINK;4.3;19373;Free;0
SONIC Drive-In;GAME;4.4;125652;Free;0
Sonic the Hedgehog™ Classic;MEDICAL;4.4;15;Free;0
SonicCloud: Hearing App;FINANCE;4.5;159;Free;0
Soo Co-op Mobile Banking;LIFESTYLE;4.2;894;Free;0
Sotheby's International Realty;GAME;4.7;292164;Free;0
Soul Knight;DATING;NaN;0;Free;0
Soul Mate;TOOLS;4.7;88993;Free;0
Sound Meter;TOOLS;3.9;14552;Free;0
Sound Recorder: Recorder & Voice Changer Free;FAMILY;4.4;6190;Free;0
Sounds for Toddlers FREE;FAMILY;4.4;6190;Free;0
Sounds for Toddlers FREE;FAMILY;4.3;96045;Free;0
Soundtrack Attack;LIFESTYLE;5;10;Free;0
South Florida AA Meetings;LIFESTYLE;4.4;133;Free;0
South Florida MLS;FAMILY;4.4;288835;Free;0
South Park: Phone Destroyer™;FINANCE;3.8;109;Free;0
Southland CU;TRAVEL_AND_LOCAL;3.9;24781;Free;0
Southwest Airlines;TRAVEL_AND_LOCAL;3.9;24781;Free;0
Southwest Airlines;MAPS_AND_NAVIGATION;4.3;21589;Free;0
Soviet Military Maps Free;DATING;NaN;1;Free;0
Soy Luna - Top Music And Lyrics;FINANCE;3.8;922;Free;0
Space Coast CU Mobile;GAME;4.6;169661;Free;0
Space Shooter : Galaxy Attack;GAME;4.5;10748;Free;0
Space X: Sky Wars of Air Force;PERSONALIZATION;4.8;201;Paid;1,49
Space Z 🌏 🚀Icon Pack Theme;FAMILY;4.4;83;Free;0
Spacecraft AR;BOOKS_AND_REFERENCE;4.2;87873;Free;0
Spanish English Translator;BOOKS_AND_REFERENCE;4.2;87919;Free;0
Spanish English Translator;SOCIAL;4.6;79658;Free;0
SPARK - Live random video chat & meet new people;MEDICAL;NaN;6;Free;0
Speak quietly: Autism;GAME;4.6;1432809;Free;0
Special Forces Group 2;ENTERTAINMENT;3.4;46618;Free;0
Spectrum TV;FAMILY;NaN;0;Paid;1,99
Speech Therapy: CH;FAMILY;1;1;Paid;2,99
Speech Therapy: F;FAMILY;NaN;2;Free;0
Speech Therapy: K;SPORTS;4;2487;Free;0
Speed Boat Racing;TOOLS;4.7;85079;Free;0
Speed Booster - Ram;AUTO_AND_VEHICLES;4.3;138;Free;0
Speed Camera Detector - Traffic & Speed Alert;MAPS_AND_NAVIGATION;4.1;54034;Free;0
Speed Camera Radar;MAPS_AND_NAVIGATION;4.4;18710;Free;0
Speed Cameras Radar;PERSONALIZATION;4.4;7519;Free;0
Speed Car CM Locker Theme;SHOPPING;4.3;85;Free;0
SPEED L;GAME;4.1;66894;Free;0
Speed Racing Ultimate 2;EDUCATION;4.6;10611;Free;0
Speed Reading;TOOLS;4.1;24226;Free;0
Speed Test - WiFi / Cellular speed test;AUTO_AND_VEHICLES;NaN;0;Free;0
SpeedApp EV;TOOLS;4.6;48979;Free;0
Speedcheck;DATING;5;3;Free;0
Speeding Joyride & Car Meet App;TOOLS;3.8;415;Free;0
Speedometer with G-FORCE meter;TOOLS;4.4;1028794;Free;0
Speedtest by Ookla;TRAVEL_AND_LOCAL;4.2;8258;Free;0
SPG: Starwood Hotels & Resorts;FAMILY;4.1;956;Free;0
Spider grinder in screen funny;FAMILY;3.7;52;Free;0
Spinal Cord Surgery Doctor: Operation ER surgery;DATING;5;5;Free;0
Spine- The dating app;FAMILY;4;576210;Free;0
SpongeBob Diner Dash;FAMILY;4;48731;Free;0
Sport Car Simulator;SPORTS;4.4;21733;Free;0
Sport.pl LIVE;TOOLS;3.2;427;Free;0
SportCAM;SPORTS;NaN;45;Free;0
Sporting CP Keyboard Theme;PHOTOGRAPHY;2.5;1283;Free;0
SportLook;HEALTH_AND_FITNESS;4.8;48276;Free;0
Sportractive GPS Running Cycling Distance Tracker;SPORTS;4.6;11549;Free;0
Sports Alerts - NFL edition;GAME;4.3;2178;Free;0
Sports Car Driving Simulator 2018;LIFESTYLE;2.1;86;Free;0
Sports DV;SPORTS;4.4;16;Free;0
Sports Lite;HEALTH_AND_FITNESS;4.5;190247;Free;0
Sports Tracker Running Cycling;SPORTS;3.5;4057;Free;0
SportsManias Fantasy Team News;HEALTH_AND_FITNESS;4.6;4102;Free;0
Spot On Period;NEWS_AND_MAGAZINES;4.5;17703;Free;0
Spreaker Podcast Radio;FINANCE;2.9;252;Free;0
Sprig by CO-OP;ART_AND_DESIGN;5;1;Free;0
Spring flowers theme couleurs d t space;TOOLS;3.6;301;Free;0
SQLite DB Reader;GAME;4.2;177542;Free;0
Squadron - Bullet Hell Shooter;TOOLS;4.2;294;Free;0
Square Analog Clock AW-7;PHOTOGRAPHY;4.2;67;Free;0
Square DP For Whatsapp;PHOTOGRAPHY;4.4;635846;Free;0
Square InPic - Photo Editor & Collage Maker;BUSINESS;4.6;95912;Free;0
Square Point of Sale - POS;MEDICAL;NaN;0;Paid;2,99
Squeezy CF;PRODUCTIVITY;4.2;37204;Free;0
Squid - Take Notes & Markup PDFs;WEATHER;NaN;0;Free;0
St. Petersburg;GAME;3.8;1363;Free;0
Stack It AR;GAME;4.3;118253;Free;0
Stack Jump;NEWS_AND_MAGAZINES;NaN;0;Free;0
STADE.CD;FAMILY;4.4;925;Paid;1,99
Stand O’Food® (Full);FINANCE;3.6;15247;Free;0
Standard Bank / Stanbic Bank;FINANCE;4.4;96;Free;0
Standard Chartered Mobile (BW);GAME;4.5;299046;Free;0
Standoff 2;FAMILY;4.3;128808;Free;0
Star Chart;FAMILY;4.3;556929;Free;0
Star Girl - Fashion;GAME;4.5;38207;Paid;9,99
Star Wars ™: DIRTY;FAMILY;4.4;228130;Free;0
Star Wars™: Force Arena;FAMILY;4.5;1461698;Free;0
Star Wars™: Galaxy of Heroes;FOOD_AND_DRINK;4.5;455377;Free;0
Starbucks;FOOD_AND_DRINK;4.5;455496;Free;0
Starbucks;GAME;4.5;152658;Free;0
STARDOM: THE A-LIST;FAMILY;4.2;19720;Free;0
Starfall Free & Member;DATING;3.7;66;Free;0
Starg - Gay;BUSINESS;4.1;308;Free;0
Start Meeting;FAMILY;3.8;302;Free;0
Start the Hunt for the Lost Treasure;ENTERTAINMENT;4.4;17682;Free;0
StarTimes - Live International Champions Cup;LIFESTYLE;4.6;10198;Free;0
StartPage Private Search;NEWS_AND_MAGAZINES;5;4;Free;0
Startupticker.ch News;ENTERTAINMENT;4.3;88185;Free;0
STARZ;ENTERTAINMENT;4.3;88185;Free;0
STARZ;ENTERTAINMENT;4.3;88185;Free;0
STARZ;FINANCE;4.2;11919;Free;0
Stash: Invest. Learn. Save.;FAMILY;3.8;16;Free;0
Stats CR Clan for Clash Royale;BOOKS_AND_REFERENCE;4.5;68226;Free;0
Stats Royale for Clash Royale;PERSONALIZATION;4.4;49;Free;0
Status For WhatsApp DP - pro;FAMILY;4.2;214;Paid;4,99
Steam: Rails to Riches;BEAUTY;4.4;74;Free;0
Step By Step Eyes Makeup Tutorial;BEAUTY;4.1;66;Free;0
Step By Step Hairstyles For Women;HEALTH_AND_FITNESS;4;1577;Free;0
Step Counter - Calorie Counter;HEALTH_AND_FITNESS;4.7;117925;Free;0
Step Counter - Pedometer Free & Calorie Counter;GAME;3.8;2102;Free;0
Stick 'Em Up 2 Starter Edition;GAME;4.6;811040;Free;0
Stick War: Legacy;BEAUTY;3.9;2277;Free;0
Sticker Camera - Selfie Filters;ENTERTAINMENT;4.3;303;Free;0
Sticker Market: Emoji keyboard;SOCIAL;4.3;11066;Free;0
Stickers for Facebook;SOCIAL;4.4;214;Free;0
Stickers for Imo;GAME;4.4;69;Free;0
Stickman and Axe;GAME;4.4;38419;Paid;0,99
Stickman Legends: Shadow Wars;GAME;4.4;13714;Free;0
Stickman Warriors Heroes 2;PRODUCTIVITY;4.2;21507;Free;0
Sticky Note + : Sync Notes;GAME;4.5;121533;Free;0
StirFry Stunts - We Bare Bears;SHOPPING;4.6;284725;Free;0
Stocard - Rewards Cards Wallet;SHOPPING;4.6;284721;Free;0
Stocard - Rewards Cards Wallet;FINANCE;4.1;4344;Free;0
Stock Quote;FINANCE;4.4;42809;Free;0
Stock Trainer: Virtual Trading (Stock Markets);FINANCE;4.6;157505;Free;0
Stocks Forex Bitcoin;FINANCE;4.5;16808;Free;0
Stocks: Realtime Quotes Charts;NEWS_AND_MAGAZINES;NaN;1;Free;0
Stolica.bg;HEALTH_AND_FITNESS;4.3;8576;Free;0
Stop Breathe & Think: Meditation & Mindfulness;HEALTH_AND_FITNESS;4.8;39068;Free;0
Stop Smoking - EasyQuit free;WEATHER;4.6;89868;Free;0
Storm Radar: Tornado Tracker & Hurricane Alerts;WEATHER;3.5;2000;Free;0
Storm Shield;PHOTOGRAPHY;4.5;41331;Free;0
Story Saver for Instagram;FAMILY;5;2;Free;0
Story Time FD;MAPS_AND_NAVIGATION;3.1;742;Free;0
Strætó.is;GAME;4.2;88901;Free;0
Strange Hero: Future Battle;DATING;3.5;13202;Free;0
stranger chat - anonymous chat;DATING;3.5;13204;Free;0
stranger chat - anonymous chat;DATING;3.6;3414;Free;0
Stranger Chat & Date;HEALTH_AND_FITNESS;4.5;328469;Free;0
Strava Training: Track Running;SHOPPING;4.3;2221;Free;0
Strava.cz;FAMILY;4.3;525552;Free;0
Strawberry Shortcake BerryRush;FAMILY;4.3;525552;Free;0
Strawberry Shortcake BerryRush;GAME;4.3;525517;Free;0
Strawberry Shortcake BerryRush;FAMILY;4.2;32029;Free;0
Strawberry Shortcake Ice Cream Island;FAMILY;4.2;32200;Free;0
Strawberry Shortcake Ice Cream Island;SOCIAL;4.1;6388;Free;0
Stream - Live Video Community;TRAVEL_AND_LOCAL;4.2;40225;Free;0
Street Panorama View;GAME;3.6;120852;Free;0
Street Skater 3D;SPORTS;4.2;18584;Free;0
Strike! Ten Pin Bowling;HEALTH_AND_FITNESS;4.9;66791;Free;0
StrongLifts 5x5 Workout Gym Log & Personal Trainer;EVENTS;4;26089;Free;0
StubHub - Tickets to Sports;FAMILY;4.5;1827;Free;0
STUCOR - AU;NEWS_AND_MAGAZINES;NaN;17;Free;0
StudentLife.com.cy;SOCIAL;NaN;5;Free;0
Students.ch;FAMILY;4.4;108;Free;0
studentsLife by FH Kärnten;FAMILY;4.6;513;Free;0
Study AP World History;EDUCATION;4.2;3816;Free;0
Study Checker;PARENTING;4.1;27;Free;0
StudyLock - Education First;GAME;4.5;464900;Free;0
Stupid Zombies;LIFESTYLE;4.7;20304;Free;0
StyleSeat;LIFESTYLE;4.7;20304;Free;0
StyleSeat;PERSONALIZATION;3.8;153176;Free;0
Stylish Fonts;FAMILY;4;25489;Free;0
Subway Simulator 3D;GAME;4.5;27722264;Free;0
Subway Surfers;GAME;4.5;27723193;Free;0
Subway Surfers;GAME;4.5;27724094;Free;0
Subway Surfers;GAME;4.5;27725352;Free;0
Subway Surfers;GAME;4.5;27725352;Free;0
Subway Surfers;GAME;4.5;27711703;Free;0
Subway Surfers;MAPS_AND_NAVIGATION;4.3;70556;Free;0
Subway Terminator: Smarter Subway;FOOD_AND_DRINK;3.8;21314;Free;0
SUBWAY®;FOOD_AND_DRINK;3.8;21381;Free;0
SUBWAY®;LIBRARIES_AND_DEMO;4.1;923;Free;0
SUDOKU;GAME;4.4;58387;Free;0
Sudoku Master;DATING;4.1;17268;Free;0
Sudy – Meet Elite & Rich Single;DATING;4.1;17268;Free;0
Sudy – Meet Elite & Rich Single;FAMILY;4.9;285;Free;0
Sufara.ba;FAMILY;4.2;1405;Paid;1,2
sugar;DATING;2.9;53;Free;0
Sugar Daddies Dating App;DATING;2.5;277;Free;0
Sugar Daddy Dating App;DATING;3.5;1972;Free;0
Sugar Mommas Dating And Single Search;PRODUCTIVITY;4.1;16420;Free;0
SugarSync;FOOD_AND_DRINK;NaN;82;Free;0
Sumine side dish - dish recipe side dish;FAMILY;3.6;740;Free;0
Summer Camp Island AR;EVENTS;NaN;4;Free;0
Summer Madness;EVENTS;5;4;Free;0
SUMMER SONIC app;MEDICAL;NaN;0;Free;0
Summit Medical Video Visits;GAME;4.3;2045554;Free;0
Summoners War;WEATHER;3.3;115;Free;0
Sun & Moon AR Locator;PERSONALIZATION;4.3;86481;Free;0
Sun Rise Free Live Wallpaper;FAMILY;4.6;20267;Free;0
Super ABC! Learning games for kids! Preschool apps;FAMILY;4.6;20267;Free;0
Super ABC! Learning games for kids! Preschool apps;FAMILY;3.8;410;Free;0
Super AR;GAME;NaN;24;Free;0
Super ball DZ;GAME;3.6;214;Free;0
Super Car F. Mod for MCPE;AUTO_AND_VEHICLES;4.6;197;Free;0
Super Cars Wallpapers And Backgrounds;GAME;4.1;91667;Free;0
Super Dancer;GAME;4;24312;Free;0
Super Dancer VN;GAME;3.8;66;Free;0
Super DK vs Kong Brother Advanced Free Classic;FAMILY;4.1;290;Free;0
Super Doctor 1-Pregnant Mom ER Surgery Simulator;FAMILY;4.7;54;Free;0
Super Doctor 2 - My Newborn Baby ER Injection;FAMILY;4;4518;Free;0
Super Dr. Parking 3D;MEDICAL;4;3498;Free;0
Super Ear;MEDICAL;4;122;Free;0
Super Ear Super Hearing;TOOLS;4.3;54207;Free;0
Super Flashlight + LED;LIBRARIES_AND_DEMO;4.5;1703;Free;0
Super Funny Ringtones 2018 🔔;MEDICAL;5;3;Paid;2,99
Super Hearing Secret Voices Recorder PRO;MEDICAL;4.1;21;Free;0
Super Hearing Super Ear Amplifier;MEDICAL;4.1;21;Free;0
Super Hearing Super Ear Amplifier;GAME;3.7;303;Free;0
Super Hero M Craft Run;GAME;4.3;85882;Free;0
Super Jabber Jump;GAME;4.3;34494;Free;0
Super Jabber Jump 3;GAME;4.5;10393;Free;0
Super Jim Jump - pixel 3d;GAME;4.5;10434;Free;0
Super Jim Jump - pixel 3d;GAME;4.5;10460;Free;0
Super Jim Jump - pixel 3d;GAME;3.7;1221896;Free;0
Super Mario Run;TOOLS;4.4;2026;Free;0
Super P Launcher for Android P 9.0 launcher;BUSINESS;4.4;244;Paid;4,99
Super Resume Builder Pro;FAMILY;4.5;1791;Free;0
Super School: Educational Kids Games & Rhymes;FAMILY;4.6;5395;Free;0
Super Slime Blitz - Gumball;LIFESTYLE;4.5;53652;Free;0
Super Slime Simulator - Satisfying Slime App;FAMILY;4.2;58553;Free;0
Super Sport Car Simulator;GAME;3.9;6200;Free;0
SuperBikers 2;GAME;4.4;11023;Paid;3,99
Superbrothers Sword & Sworcery;FAMILY;4.4;98324;Free;0
SuperCity: Build a Story;FAMILY;4;39647;Free;0
Superhero Doctor 2 -ER Surgery;FAMILY;4.2;2801;Free;0
Superhero Doctor 3 ER Surgery;COMICS;5;34;Free;0
Superheroes;ART_AND_DESIGN;4.7;7699;Free;0
Superheroes Wallpapers | 4K Backgrounds;BUSINESS;4.3;46353;Free;0
SuperLivePro;FAMILY;4.4;112080;Free;0
Supermarket – Game for Kids;FAMILY;3.6;32416;Free;0
Supermarket Cashier Kids Games;FAMILY;4;15489;Free;0
Supermarket Manager: Cashier Simulator Kids Games;PHOTOGRAPHY;4.1;43296;Free;0
SuperPhoto - Effects & Filters;AUTO_AND_VEHICLES;4;2155;Free;0
Supervision service;TOOLS;4.3;576454;Free;0
SuperVPN Free VPN Client;LIBRARIES_AND_DEMO;NaN;0;Free;0
Supply Travis-CI POC;BOOKS_AND_REFERENCE;4.7;1201;Free;0
Surah Al-Waqiah;FAMILY;4.6;43314;Free;0
Surely You Quest - Magiswords;TOOLS;4.5;273283;Free;0
SurfEasy Secure Android VPN;FAMILY;3.9;81543;Free;0
Surprise Eggs;FAMILY;3.6;9389;Free;0
Survival Forest : Survivor Home Builder;FAMILY;4.3;7441;Free;0
Survival Mobile:10;FAMILY;4.1;44027;Free;0
Survival Prison Escape v2: Free Action Game;GAME;4.2;128579;Free;0
Survival Run with Bear Grylls;GAME;4;127810;Free;0
Survival: Prison Escape;LIFESTYLE;4.8;10;Free;0
sustainability@BU;NEWS_AND_MAGAZINES;2.6;820;Free;0
Svenska Dagbladet;NEWS_AND_MAGAZINES;4.1;905;Free;0
Sverige Tidningar;VIDEO_PLAYERS;3.7;11549;Free;0
SVT Play;FAMILY;4.4;93870;Free;0
SW Battlefront Companion;COMMUNICATION;4;1926;Free;0
SW-100.tch by Callstel;NEWS_AND_MAGAZINES;4.5;171;Free;0
Swahili Radio;GAME;4.4;2119218;Free;0
Swamp Attack;GAME;4.4;2119235;Free;0
Swamp Attack;MEDICAL;5;3;Free;0
Sway Medical;MEDICAL;5;3;Free;0
Sway Medical;TOOLS;4.5;954;Free;0
SW-DB;NEWS_AND_MAGAZINES;NaN;0;Free;0
Sweden Newspapers;FAMILY;3.9;95537;Free;0
Sweet Baby Girl - Dream House and Play Time;FAMILY;3.8;36028;Free;0
Sweet Baby Girl Newborn Baby;PHOTOGRAPHY;4.4;71898;Free;0
Sweet Camera;PHOTOGRAPHY;4.7;233039;Free;0
Sweet Camera - Selfie Filters;GAME;4.5;197540;Free;0
Sweet Fruit Candy;DATING;4;6191;Free;0
Sweet mi - unlimited hunnam hunting blind date;PHOTOGRAPHY;4.6;1159058;Free;0
Sweet Selfie - selfie camera;BEAUTY;4.3;601;Free;0
Sweet Selfie Beauty Camera;PHOTOGRAPHY;4.5;123029;Free;0
Sweet Snap - live filter;PHOTOGRAPHY;4.5;3116;Free;0
Sweet Snap Lite - live filter;FAMILY;4.2;38;Paid;0,99
SweetLand — Family Board Game;DATING;4;51698;Free;0
SweetRing - Meet;PERSONALIZATION;4.7;1500;Paid;1,99
Swift Dark CM / CM13 Theme;SOCIAL;4.3;9562;Free;0
Swift for Facebook Lite;PRODUCTIVITY;4.5;2764964;Free;0
SwiftKey Keyboard;SPORTS;4.3;752;Free;0
SwingAid - Level up Golf;NEWS_AND_MAGAZINES;3.9;271;Free;0
swissinfo.ch;FAMILY;4;45359;Free;0
Sword Art Online: Integral Factor;GAME;4.5;23599;Free;0
Sword of Chaos - Lame du Chaos;FAMILY;4.7;9856;Free;0
Sworkit Kids - Fitness Meets Fun;HEALTH_AND_FITNESS;4.6;109756;Free;0
Sworkit: Workouts & Fitness Plans;FAMILY;4.5;38;Free;0
Sya9a Maroc - FR;SPORTS;4.6;57;Free;0
Sydney FC Official App;FAMILY;3.2;3069;Free;0
SYFY;MAPS_AND_NAVIGATION;4.7;162049;Free;0
Sygic Car Navigation;TRAVEL_AND_LOCAL;4.2;18294;Free;0
Sygic Truck GPS Navigation;NEWS_AND_MAGAZINES;4.6;62740;Free;0
Sync for reddit;COMMUNICATION;4.5;205739;Free;0
Sync.ME – Caller ID & Block;FINANCE;4.3;9400;Free;0
Synd e-Passbook;PRODUCTIVITY;3.2;368;Free;0
Synology Drive;TOOLS;4.3;3068;Free;0
System Update Free;MAPS_AND_NAVIGATION;4.2;15681;Free;0
T map (te map;FAMILY;4.1;75;Free;0
T Uploader;FINANCE;4.5;1057;Free;0
T. Rowe Price Personal® App;MAPS_AND_NAVIGATION;NaN;88;Free;0
Táxi Nacional BR;PRODUCTIVITY;NaN;1;Paid;2,99
Técnico Legislativo Câmara Legislativa DF;MEDICAL;4.6;17;Free;0
tökr;MEDICAL;5;4;Free;0
Tablet Reminder;LIFESTYLE;3.8;28140;Free;0
Taco Bell;LIFESTYLE;5;7;Free;0
Tafsiir Quraan MP3 Af Soomaali Quraanka Kariimka;SOCIAL;4.1;486824;Free;0
Tagged - Meet;SOCIAL;4.1;486830;Free;0
Tagged - Meet;LIFESTYLE;4.6;518;Free;0
Taha Al Junaid Quran Mp3;FOOD_AND_DRINK;4.5;116403;Free;0
Talabat: Food Delivery;COMMUNICATION;4.1;132015;Free;0
Talkatone: Free Texts;COMMUNICATION;4.1;132014;Free;0
Talkatone: Free Texts;COMMUNICATION;4.2;4838;Free;0
Talkie - Wi-Fi Calling;COMMUNICATION;4.5;201;Paid;2,99
Talkie Pro - Wi-Fi Calling;ENTERTAINMENT;3.7;1828284;Free;0
Talking Angela;LIFESTYLE;4;140995;Free;0
Talking Babsy Baby: Baby Games;ENTERTAINMENT;4.3;1633682;Free;0
Talking Ben the Dog;FAMILY;4.3;1633565;Free;0
Talking Ben the Dog;FAMILY;2.9;1073;Free;0
Talking Boyfriend;FAMILY;4.2;1752017;Free;0
Talking Ginger;ENTERTAINMENT;4.2;702975;Free;0
Talking Ginger 2;FAMILY;4.4;26545;Free;0
Talking Husky Dog;MEDICAL;3.9;22;Free;0
Talking Pictures: Autism;FAMILY;4.4;1131937;Free;0
Talking Tom & Ben News;FAMILY;4.4;687136;Free;0
Talking Tom Bubble Shooter;FAMILY;4.3;1838090;Free;0
Talking Tom Cat;FAMILY;4.3;3213548;Free;0
Talking Tom Cat 2;GAME;4.6;2698348;Free;0
Talking Tom Gold Run;GAME;4.6;2698882;Free;0
Talking Tom Gold Run;GAME;4.6;2698889;Free;0
Talking Tom Gold Run;GAME;4.6;2694969;Free;0
Talking Tom Gold Run;COMMUNICATION;4.2;244863;Free;0
Talkray - Free Calls & Texts;COMMUNICATION;4.2;244863;Free;0
Talkray - Free Calls & Texts;FAMILY;3;42515;Free;0
TAMAGO;GAME;3;49;Free;0
Tamago egg;GAME;4.1;104583;Free;0
TAMAGO Monsters Returns;FAMILY;3.6;209;Free;0
Tamago Tap Clicker Egg;FINANCE;3.7;155;Free;0
Tamilnadu EB Online Payment;TOOLS;3.6;216;Free;0
Tamilnadu Electricity Info;BUSINESS;3.3;2915;Free;0
TANGEDCO Mobile App (Official);SOCIAL;4.3;3806669;Free;0
Tango - Live Video Broadcast;SOCIAL;4.3;3806669;Free;0
Tango - Live Video Broadcast;GAME;4.3;174755;Free;0
Tank Stars;PRODUCTIVITY;4.4;253;Free;0
Tap N Pay;FAMILY;3.2;111;Free;0
Tap The Easter Egg!;COMICS;4.5;29839;Free;0
Tapas – Comics;SOCIAL;4.1;285816;Free;0
Tapatalk - 100;SOCIAL;4.1;285820;Free;0
Tapatalk - 100;COMICS;3.5;4205;Free;0
TappyToon Comics & Webtoons;MEDICAL;4.4;275;Free;0
Tarascon Pharmacopoeia;SHOPPING;4.1;68406;Free;0
Target - now with Cartwheel;SHOPPING;4.1;68406;Free;0
Target - now with Cartwheel;SHOPPING;4.1;68406;Free;0
Target - now with Cartwheel;TOOLS;4.6;43045;Paid;2,99
Tasker;LIFESTYLE;3.6;346;Free;0
Tassa.fi Finland;FOOD_AND_DRINK;4.7;611136;Free;0
Tastely;FAMILY;4;309;Free;0
Tattoo Color By Number Draw Book Page Pixel Art;ART_AND_DESIGN;4.2;44829;Free;0
Tattoo Name On My Photo Editor;LIFESTYLE;4.5;7457;Free;0
Tattoodo - Find your next tattoo;SHOPPING;NaN;31;Free;0
TattooSupplies.eu;FAMILY;3.7;7203;Free;0
TAXI DRIVER;TRAVEL_AND_LOCAL;4.1;1865;Free;0
taxi.eu;FAMILY;1.9;141;Free;0
TAXLANDIA;EVENTS;NaN;1;Free;0
TCF National Conference;MEDICAL;4.7;9945;Free;0
Teach Me Anatomy;EDUCATION;4.2;3241;Free;0
Teacher's Gradebook - Additio;EDUCATION;3.8;828;Free;0
TeachersPayTeachers;LIFESTYLE;NaN;0;Free;0
Team CF;FAMILY;4.8;3136;Free;0
TeamWard – live help for LoL;FINANCE;1;2;Free;0
Tech CU Card Manager;FINANCE;4.5;853;Free;0
Tech CU Mobile Banking;PERSONALIZATION;4.4;10093;Free;0
Technology CM Locker Theme;HEALTH_AND_FITNESS;4.4;70416;Free;0
Technutri - calorie counter;EDUCATION;4.6;181893;Free;0
TED;EDUCATION;4.6;181893;Free;0
TED;EDUCATION;4.6;181893;Free;0
TED;FAMILY;4.6;181961;Free;0
TED;FAMILY;3.6;418;Free;0
Tee and Mo Bath Time Free;FAMILY;3.6;418;Free;0
Tee and Mo Bath Time Free;GAME;4.1;496;Free;0
Teen Patti by BL Games;FAMILY;4.5;1985;Paid;3,99
Teen Titans GO Figure!;DATING;3.4;5;Free;0
Teenage Chat & Dating;FAMILY;4.6;20463;Paid;3,99
Teeny Titans - Teen Titans Go!;SPORTS;4.6;1641;Free;0
TeeTime.cz;GAME;4.2;147791;Free;0
TEKKEN™;MEDICAL;4.7;6;Free;0
TelaDoc;MEDICAL;4;2094;Free;0
Teladoc Member;MEDICAL;4;2094;Free;0
Teladoc Member;COMMUNICATION;4.4;3128250;Free;0
Telegram;COMMUNICATION;4.4;3128509;Free;0
Telegram;COMMUNICATION;4.4;3128611;Free;0
Telegram;SOCIAL;4.6;70616;Free;0
Telegram X;SOCIAL;4.6;70449;Free;0
Telegram X;SPORTS;4.5;36255;Free;0
Telemundo Deportes - En Vivo;SPORTS;4.5;36255;Free;0
Telemundo Deportes - Live;ENTERTAINMENT;3.9;8674;Free;0
Telemundo Now;ENTERTAINMENT;3.9;8674;Free;0
Telemundo Now;LIFESTYLE;3;4260;Free;0
Telstra;GAME;4.3;4000433;Free;0
Temple Run;GAME;4.3;8118609;Free;0
Temple Run 2;GAME;4.3;8118937;Free;0
Temple Run 2;GAME;4.3;8118937;Free;0
Temple Run 2;GAME;4.3;8119151;Free;0
Temple Run 2;GAME;4.3;8119154;Free;0
Temple Run 2;GAME;4.3;8116142;Free;0
Temple Run 2;NEWS_AND_MAGAZINES;4;7006;Free;0
Tencent News;VIDEO_PLAYERS;3.5;13205;Free;0
Tencent Video - Supporting the whole network;SHOPPING;NaN;0;Free;0
Tenh Ey;SPORTS;4.6;990;Free;0
Tennis 24 - tennis live scores;SPORTS;4;170973;Free;0
Tennis Champion 3D - Online Sports Game;SPORTS;4.1;361;Free;0
Tennis Livescore Widget;SPORTS;4.3;101;Free;0
Tennis News and Scores;SPORTS;4.6;5305;Free;0
Tennis Temple - Live Scores;TOOLS;4.4;113951;Free;0
Terminal Emulator for Android;GAME;4.3;38957;Free;0
TerraGenesis - Space Colony;ART_AND_DESIGN;NaN;0;Free;0
Test Application DT 02;FAMILY;2.9;21;Free;0
Test de Inteligencia CI;COMMUNICATION;NaN;0;Free;0
Test Server SMS FA;TOOLS;NaN;9;Free;0
Tester EP;FAMILY;4;199808;Free;0
TETRIS;FAMILY;4.4;201631;Free;0
TETRIS Blitz;FAMILY;4.5;709;Paid;2,99
Tetrobot and Co.;FOOD_AND_DRINK;NaN;0;Free;0
Texas Bar-B-Q Rewards;GAME;3.5;4416;Free;0
Texas Hold’em Poker + | Social;GAME;4.3;187200;Free;0
Texas Holdem & Omaha Poker: Pokerist;TOOLS;3.7;6;Free;0
Texas Hold'em EV Calculator;GAME;4;127831;Free;0
Texas Holdem Poker;GAME;3.6;12846;Free;0
Texas Hold'em Poker;GAME;4.5;396090;Free;0
Texas HoldEm Poker Deluxe;GAME;4.5;1418;Free;0
Texas HoldEm Poker Deluxe (BR);GAME;4.5;114479;Free;0
Texas Holdem Poker Pro;SOCIAL;4.3;315441;Free;0
Text free - Free Text + Call;SOCIAL;4.3;315390;Free;0
Text free - Free Text + Call;SOCIAL;4.2;83488;Free;0
Text Free: WiFi Calling App;SOCIAL;4.2;83488;Free;0
Text Free: WiFi Calling App;SOCIAL;4.2;83474;Free;0
Text Free: WiFi Calling App;SOCIAL;4.3;344921;Free;0
Text Me: Text Free;ART_AND_DESIGN;4.4;13880;Free;0
Text on Photo - Fonteee;COMMUNICATION;4.5;349384;Free;0
Text SMS;ART_AND_DESIGN;4.4;295221;Free;0
Textgram - write on photos;ART_AND_DESIGN;4.4;295237;Free;0
Textgram - write on photos;SOCIAL;4.4;441189;Free;0
TextNow - free text + calls;SOCIAL;4.4;441189;Free;0
TextNow - free text + calls;SOCIAL;4.1;382120;Free;0
textPlus: Free Text & Calls;SOCIAL;4.1;382121;Free;0
textPlus: Free Text & Calls;FAMILY;4.4;75;Free;0
TFO BZ Lessons;EDUCATION;4.4;29855;Free;0
THAI DICT 2018;EDUCATION;4.3;3168;Free;0
Thai Handwriting;GAME;4.1;14283;Free;0
Thai Sic Bo;GAME;4.7;1115;Free;0
that's lit;SPORTS;4.8;1664;Free;0
The 5th Stand;SPORTS;4.8;1697;Free;0
The 5th Stand;FAMILY;4.1;1407;Free;0
The Aether: Life as a God;FAMILY;3;30;Free;0
The Ah Yeah! Button;FAMILY;3.9;1615;Paid;4,99
THE aMAZEing Labyrinth;FAMILY;3;76;Paid;1,99
The Artificial Intelligence Project (A.I. Chat);SHOPPING;4.7;1084945;Free;0
The birth;HEALTH_AND_FITNESS;4.6;20301;Free;0
The Bump Pregnancy Tracker;SPORTS;4.3;24082;Free;0
The Championships;LIFESTYLE;4.5;2;Free;0
The Church at CW;HEALTH_AND_FITNESS;5;5;Free;0
The CJ Rubric;HEALTH_AND_FITNESS;NaN;5;Free;0
The ClubHouse CR;SHOPPING;4.5;181990;Free;0
The Coupons App;SHOPPING;4.5;181990;Free;0
The Coupons App;SHOPPING;4.5;181990;Free;0
The Coupons App;SHOPPING;4.5;181983;Free;0
The Coupons App;GAME;4.2;70226;Free;0
The Cube;ENTERTAINMENT;4.4;288150;Free;0
The CW;ENTERTAINMENT;4.4;288150;Free;0
The CW;ENTERTAINMENT;4.4;288150;Free;0
The CW;FAMILY;4.4;288209;Free;0
The CW;FAMILY;2.2;54;Free;0
The CW TN app 2018;FAMILY;3.2;24;Free;0
The CW TV app;HEALTH_AND_FITNESS;4.8;38;Free;0
The Daily BJ;BUSINESS;3.7;3;Paid;2,49
The DG Buddy;LIFESTYLE;5;8;Free;0
The Divine Feminine App: the DF App;DATING;NaN;0;Free;0
The DJ - Match with People;FAMILY;4.3;23;Free;0
The DL Hughley Show;FINANCE;4.5;4254;Free;0
The dollar in mexico;FAMILY;4.1;211;Free;0
the Egg - crack the egg;TRAVEL_AND_LOCAL;4.4;22748;Free;0
The Emirates App;TRAVEL_AND_LOCAL;4.4;22776;Free;0
The Emirates App;HEALTH_AND_FITNESS;4.7;416;Paid;6,99
The EO Bar;GAME;4.4;7412;Paid;4,99
The Escapists;FAMILY;NaN;27;Free;0
The EU Relocation Programme;PARENTING;4.8;7505;Free;0
The first year of a baby's life;GAME;4.1;15763;Free;0
The Fish Master!;TRAVEL_AND_LOCAL;4.3;100;Free;0
The Florida Trail Guide;BOOKS_AND_REFERENCE;NaN;1;Paid;5,99
"The FN ""Baby"" pistol explained";BOOKS_AND_REFERENCE;NaN;1;Paid;6,49
The FN HP pistol explained;NEWS_AND_MAGAZINES;NaN;0;Free;0
The FP Shield;GAME;4.4;18621;Paid;2,99
The Game of Life;GAME;4.4;18652;Paid;2,99
The Game of Life;GAME;3.9;6121;Free;0
The Gang Sniper V. Pocket Edition.;FAMILY;3.8;3478;Free;0
The Grand Bike V;PERSONALIZATION;3.8;87;Free;0
The grand theft V Wallpaper;GAME;3.9;29990;Free;0
The Grand Wars: San Andreas;GAME;3.9;1995;Free;0
The Grand Way;GAME;4.2;5449;Free;0
The Great Wobo Escape Ep. 1;FAMILY;4.3;11;Paid;1,99
The Great Wobo Escape Ep.1;ENTERTAINMENT;3.8;6979;Free;0
The green alien dance;NEWS_AND_MAGAZINES;4.7;247992;Free;0
The Guardian;LIFESTYLE;4.7;56197;Free;0
The Holy Rosary;SHOPPING;4.3;44071;Free;0
The Home Depot;FAMILY;4.8;12400;Paid;4,99
The House of Da Vinci;FAMILY;4.6;7148;Paid;2,99
The Hunt for the Lost Treasure;SPORTS;NaN;7;Free;0
The J-Notes: Jazz News;GAME;4.4;406511;Free;0
THE KING OF FIGHTERS-A 2012(F);DATING;3;837;Free;0
The League;NEWS_AND_MAGAZINES;4.6;89;Free;0
The Ledger - Lakeland;GAME;4.6;144;Paid;6,99
The Legacy (Full);NEWS_AND_MAGAZINES;3.5;66;Free;0
The List;FAMILY;4.3;1130;Free;0
The Lost Lands:DH Lite;PRODUCTIVITY;4.2;53015;Free;0
The Maner;GAME;4;428268;Free;0
The Maze Runner;SOCIAL;4.4;4919;Free;0
The Messenger App;ENTERTAINMENT;4.1;58028;Free;0
The NBC App - Watch Live TV and Full Episodes;FAMILY;4.1;58104;Free;0
The NBC App - Watch Live TV and Full Episodes;FAMILY;4;1699;Free;0
The Noise-O-Meter;LIFESTYLE;4.5;234971;Free;0
The PCH App;FINANCE;3.7;36718;Free;0
The postal bank;BOOKS_AND_REFERENCE;4.8;6;Free;0
The Pursuit of God;GAME;2.7;1486;Free;0
The Q - Live Trivia Game Network;PERSONALIZATION;4.3;100130;Free;0
The real aquarium - HD;NEWS_AND_MAGAZINES;4.6;2090;Free;0
The Report;GAME;4.9;21119;Paid;4,99
The Room: Old Sins;SPORTS;4.3;926;Free;0
The Rules of Golf;BOOKS_AND_REFERENCE;4.5;114;Free;0
The SCP Foundation DB fr nn5n;LIFESTYLE;4.3;206;Paid;4,99
The Secret Daily Teachings;FAMILY;4.3;636995;Free;0
The Simpsons™: Tapped Out;FAMILY;4.3;931503;Free;0
The Sims™ FreePlay;GAME;4.3;931595;Free;0
The Sims™ FreePlay;FAMILY;4.5;559597;Free;0
The Sims™ Mobile;FINANCE;4.1;31218;Free;0
The Societe Generale App;EVENTS;4.8;48;Free;0
The T Factor;SPORTS;4.2;112725;Free;0
The Team - Live Sport: football;HEALTH_AND_FITNESS;4.5;8642;Free;0
The TK-App - everything under control;TOOLS;4.5;23805;Free;0
The translator;FAMILY;4.4;1852384;Free;0
The Tribez: Build a Village;SOCIAL;4.4;1200;Free;0
The Video Messenger App;COMICS;4.5;438;Free;0
The Vietnam Story - Fun Stories;GAME;4.4;15806;Free;0
The Vikings;GAME;4.1;39895;Free;0
The Visitor;GAME;4.4;3017;Free;0
The Visitor: Ep.1 - Kitty Cat Carnage;GAME;4.3;5731;Free;0
The Visitor: Ep.2 - Sleepover Slaughter;FAMILY;4.1;405824;Free;0
The Voice;GAME;4;22435;Free;0
The Walking Dead: Our World;GAME;4.2;522466;Free;0
The Walking Dead: Road to Survival;GAME;4.6;58575;Free;0
The Walking Zombie: Dead City;SHOPPING;4.4;35563;Free;0
The wall;NEWS_AND_MAGAZINES;4.1;40975;Free;0
The Wall Street Journal: Business & Market News;NEWS_AND_MAGAZINES;4.1;40975;Free;0
The Wall Street Journal: Business & Market News;NEWS_AND_MAGAZINES;4.5;23158;Free;0
The Washington Post Classic;WEATHER;4.4;1558437;Free;0
The Weather Channel: Rain Forecast & Storm Alerts;WEATHER;3.9;135337;Free;0
The Weather Network;GAME;4.6;4108;Paid;17,99
The World Ends With You;FAMILY;4.5;22018;Free;0
The X-Files: Deep State - Hidden Object Adventure;TOOLS;4.7;136540;Free;0
The Zueira's Voice;FAMILY;4.1;1143;Paid;2,99
Theatre of the Absurd CE(Full);LIFESTYLE;4.7;499;Free;0
theCut;FOOD_AND_DRINK;4.3;37517;Free;0
TheFork - Restaurants booking and special offers;GAME;4.7;8038;Free;0
Them Bombs: co-op board game play with 2-4 friends;PERSONALIZATION;4.4;8;Paid;1,49
Theme Android P Black design for LG V30;PERSONALIZATION;4.6;5;Paid;1,49
Theme Android P Black for LG G7 & V35;PERSONALIZATION;4.2;35;Paid;1,49
Theme Android P Design for LG V30;PERSONALIZATION;4.6;5;Paid;1,49
Theme Android P for LG G7 & V35;PERSONALIZATION;4.3;29540;Free;0
Theme eXp - Black Z Light;BUSINESS;NaN;7;Free;0
Theme fo Oppo A30 Wallpaper & Icon;PERSONALIZATION;NaN;0;Free;0
Theme for Android 7.0;PERSONALIZATION;NaN;3;Free;0
Theme for Galaxy Note FE;PERSONALIZATION;NaN;0;Free;0
Theme For Galaxy Note FE;PERSONALIZATION;NaN;2;Free;0
Theme for Galaxy Note FE Launcher | Live Wallpaper;PERSONALIZATION;4;126;Free;0
Theme for Iphone X Plus;PERSONALIZATION;NaN;13;Free;0
Theme for New Android P;PERSONALIZATION;4.5;52;Free;0
Theme for Samsung Galaxy Note FE;PERSONALIZATION;4.7;42;Free;0
Theme For Techno Camon CX;LIFESTYLE;4.6;147;Free;0
Theme for Tecno Camon CX / C8;PERSONALIZATION;NaN;3;Free;0
Themes DAF CF 85;PERSONALIZATION;NaN;2;Free;0
Themes DAF CF 85 Trucks;PERSONALIZATION;NaN;2;Free;0
Themes DAF CF Trucks;PERSONALIZATION;NaN;38;Free;0
Themes Volvo FH 16 Trucks;PERSONALIZATION;NaN;14;Free;0
Themes Volvo FH Trucks;SPORTS;4.5;16257;Free;0
theScore esports;SPORTS;4.4;133825;Free;0
theScore: Live Sports Scores;SPORTS;4.4;133825;Free;0
theScore: Live Sports Scores;SPORTS;4.4;133833;Free;0
theScore: Live Sports Scores;SPORTS;4.4;133833;Free;0
theScore: Live Sports Scores;SPORTS;4.4;133833;Free;0
theScore: Live Sports Scores;COMICS;4.4;1006;Free;0
think Comics;TOOLS;4.4;19877;Free;0
Third Eye;PRODUCTIVITY;1;1;Free;0
Thistletown CI;FAMILY;4.2;28737;Free;0
Thomas & Friends: Delivery;FAMILY;4.1;175625;Free;0
Thomas & Friends: Go Go Thomas;FAMILY;4.1;29319;Free;0
Thomas & Friends: Race On!;FAMILY;4.1;29319;Free;0
Thomas & Friends: Race On!;COMMUNICATION;4.5;51110;Paid;2,99
Threema;HEALTH_AND_FITNESS;2.2;6;Free;0
Thrive CF;FAMILY;3.7;291;Free;0
Throw Knife;FAMILY;3.5;38824;Free;0
Thuglife Video Maker;PHOTOGRAPHY;4.4;26252;Free;0
Thumbnail Maker;SPORTS;4.5;5517;Free;0
Thuuz Sports;MEDICAL;NaN;0;Free;0
Thyroid Nodules;FAMILY;5;1;Paid;4,99
TI-84 CE Graphing Calculator Manual TI 84;FAMILY;5;3;Free;0
Tic Tac CK;FAMILY;4.1;6007;Free;0
Tic Tac Toe;EVENTS;4;40113;Free;0
Ticketmaster Event Tickets;AUTO_AND_VEHICLES;4.9;197136;Free;0
Tickets + PDA 2018 Exam;AUTO_AND_VEHICLES;4.9;10479;Free;0
Tickets SDA 2018 and Exam from the State Traffic Safety Inspectorate with Drom.ru;AUTO_AND_VEHICLES;4.8;7021;Free;0
Tickets SDA 2019 + Exam RF;PRODUCTIVITY;4.6;25370;Free;0
TickTick: To Do List with Reminder;PRODUCTIVITY;4.6;25370;Free;0
TickTick: To Do List with Reminder;BEAUTY;4.7;964;Free;0
Tie - Always be happy;PERSONALIZATION;4.1;77724;Free;0
Tiger Live Wallpaper;FINANCE;4.3;4642;Free;0
Tigo Money El Salvador;SOCIAL;4.4;5637451;Free;0
Tik Tok - including musical.ly;PRODUCTIVITY;3.8;1343;Free;0
TIMBER AD FILTER - Very useful ad block app;PRODUCTIVITY;4.2;2537;Free;0
Time Planner - Schedule;PRODUCTIVITY;4.6;23393;Free;0
Time Recording - Timesheet App;SOCIAL;4.1;161610;Free;0
Timehop;LIFESTYLE;4.3;258717;Free;0
Timely Alarm Clock;EDUCATION;4.2;40209;Free;0
Timetable;LIFESTYLE;4;2789775;Free;0
Tinder;MEDICAL;3.1;82;Free;0
Tinnitus Alleviator;FAMILY;3.9;11;Paid;4,99
TI-Nspire CX Calculator Manual;GAME;4.5;80678;Free;0
Tiny Archers;COMMUNICATION;4.1;22782;Free;0
Tiny Call Confirm;FAMILY;4.1;29387;Free;0
Tiny Defense;TOOLS;4.4;4254879;Free;0
Tiny Flashlight + LED;BUSINESS;4.7;286897;Free;0
Tiny Scanner - PDF Scanner App;BUSINESS;4.7;286897;Free;0
Tiny Scanner - PDF Scanner App;BUSINESS;4.8;10295;Paid;4,99
Tiny Scanner Pro: PDF Doc Scan;BUSINESS;4.8;10295;Paid;4,99
Tiny Scanner Pro: PDF Doc Scan;HOUSE_AND_HOME;4;65914;Free;0
tinyCam Monitor FREE;PRODUCTIVITY;NaN;1;Free;0
Tips & Tricks Dynamics AX 365;PRODUCTIVITY;NaN;1;Free;0
Tips Microsoft Dynamics Ax;DATING;4.5;120;Free;0
Titanic App - Feminist Dating Application;NEWS_AND_MAGAZINES;3.8;728;Free;0
TMJ4.com - WTMJ-TV Milwaukee;TOOLS;4.3;482630;Free;0
T-Mobile;PRODUCTIVITY;4.1;370;Free;0
T-Mobile Content Transfer;COMMUNICATION;3;1820;Free;0
T-Mobile DIGITS;FINANCE;3.5;3856;Free;0
T-Mobile in;AUTO_AND_VEHICLES;4;1981;Free;0
T-Mobile SyncUP DRIVE;LIFESTYLE;4;53144;Free;0
T-Mobile Tuesdays;TOOLS;3.6;41502;Free;0
T-Mobile Visual Voicemail;PARENTING;3.1;103;Free;0
T-Mobile® FamilyMode™;SOCIAL;3.7;23;Free;0
TN e Sevai TN EB Bill Patta Citta EC Birth All Hub;SOCIAL;NaN;7;Free;0
TN EC Online New;LIFESTYLE;3.9;73;Free;0
TN Electricity (TNEB);TOOLS;4.1;633;Free;0
TN Patta;SOCIAL;4.8;5;Free;0
TN Patta /Chitta /EC New;TOOLS;4.2;1611;Free;0
TN Patta Chitta EC Info;BOOKS_AND_REFERENCE;3.8;48;Free;0
TN Patta Citta & EC;BUSINESS;3.8;1777;Free;0
TNEB;FINANCE;2.5;2;Free;0
TNEB Bill Checker / TNEB Bill Status;SOCIAL;NaN;7;Free;0
TNEB Bill Online Payment (Tamil);FINANCE;4.5;28;Free;0
TNEB Quick Pay Easy;TOOLS;4.1;28;Free;0
TNEB Reading;MEDICAL;4.2;22;Free;0
To;PRODUCTIVITY;4.7;253155;Free;0
To Do List;PRODUCTIVITY;4.4;72161;Free;0
To Do Reminder with Alarm;FAMILY;4.2;3328;Paid;3,99
Toca Builders;FAMILY;4.5;1014822;Free;0
Toca Kitchen 2;FAMILY;4.5;1014846;Free;0
Toca Kitchen 2;FAMILY;4.5;1013465;Free;0
Toca Kitchen 2;EDUCATION;4.7;31085;Paid;3,99
Toca Life: City;FAMILY;4.7;31100;Paid;3,99
Toca Life: City;EDUCATION;4.7;3528;Paid;3,99
Toca Life: Hospital;FAMILY;4.2;96;Paid;3,99
Toca Mystery House;PRODUCTIVITY;4.2;16349;Free;0
Today Calendar 2017;FAMILY;4.6;14014;Free;0
Toddler Kids Puzzles PUZZINGO;FAMILY;4.2;731;Free;0
Toddler Learning Games - Little Kids Games;PRODUCTIVITY;4.2;30291;Free;0
To-Do Calendar Planner;PRODUCTIVITY;4.2;30291;Free;0
To-Do Calendar Planner;PRODUCTIVITY;4.4;688;Free;0
To-do list;PRODUCTIVITY;3.9;7801;Free;0
To-Do List Widget;PRODUCTIVITY;4.5;155999;Free;0
Todoist: To-do lists for task management & errands;PRODUCTIVITY;4.5;155999;Free;0
Todoist: To-do lists for task management & errands;PRODUCTIVITY;4.5;155998;Free;0
Todoist: To-do lists for task management & errands;EDUCATION;4.5;756;Free;0
TOEFL Prep & Practice from Magoosh;FAMILY;4.1;59917;Free;0
TO-FU Oh!SUSHI;FAMILY;4.1;59917;Free;0
TO-FU Oh!SUSHI;FAMILY;4.7;3;Free;0
Toilet Ek Prem Katha Songs Lyrics in Hindi;GAME;4.3;25094;Free;0
Tokyo Ghoul: Dark War;FAMILY;4.1;1111915;Free;0
Tom Loves Angela;GAME;4.1;55380;Free;0
Tomb of the Mask;FAMILY;3.3;40;Free;0
Tomo A.i. Pet Chat Bot;FAMILY;4.1;705805;Free;0
Tom's Love Letters;MAPS_AND_NAVIGATION;4.1;132792;Free;0
TomTom GPS Navigation Traffic;HEALTH_AND_FITNESS;4.4;15753;Paid;3,49
Tools & Mi Band;GAME;4.7;1351068;Free;0
Toon Blast;GAME;4.7;1351089;Free;0
Toon Blast;GAME;4.7;1351771;Free;0
Toon Blast;SPORTS;NaN;0;Free;0
Top #5 Bσσkie in AU;FAMILY;NaN;0;Free;0
Top BR Chaya Songs;SPORTS;4.4;3451011;Free;0
Top Eleven 2018 - Be a Soccer Manager;SPORTS;4.3;16016;Free;0
Top Mercato: football news;NEWS_AND_MAGAZINES;NaN;2;Free;0
Top Novini BG;LIBRARIES_AND_DEMO;4.4;7396;Free;0
Top Popular Ringtones 2018 Free 🔥;FAMILY;NaN;4;Free;0
Top Puzzles Volvo FH Trucks;SPORTS;4.4;199739;Free;0
Top Soccer Manager;PERSONALIZATION;NaN;9;Free;0
Top Themes Volvo FH Trucks;NEWS_AND_MAGAZINES;4.7;175110;Free;0
Topbuzz: Breaking News;NEWS_AND_MAGAZINES;4.7;174827;Free;0
Topbuzz: Breaking News;SHOPPING;4.3;105773;Free;0
Tophatter - 90 Second Auctions;TRAVEL_AND_LOCAL;NaN;8;Free;0
Toppen af Danmark;DATING;NaN;0;Free;0
Toronto Dating;SPORTS;3.4;144;Free;0
Toronto FC;TOOLS;4.7;59632;Free;0
TorrDroid - Torrent Downloader;TOOLS;2.6;60;Free;0
TOSHIBA Smart AC;PRODUCTIVITY;3.4;617;Free;0
Total AV;TRAVEL_AND_LOCAL;4.4;75;Free;0
To-U - free EV public charging;PHOTOGRAPHY;NaN;1;Free;0
Touch DV;FAMILY;4.1;41867;Free;0
Touch Racing 2 - Mini RC Race;PHOTOGRAPHY;4.1;19232;Free;0
TouchNote: Cards & Gifts;COMMUNICATION;4.4;615381;Free;0
TouchPal Keyboard - Fun Emoji & Android Keyboard;TOOLS;4.3;357;Free;0
TouchPal Keyboard for vivo;PERSONALIZATION;4.2;7435;Free;0
TouchPal Purple Butterfly Theme;GAME;4.6;293086;Free;0
Toughest Game Ever 2;MAPS_AND_NAVIGATION;4.9;49;Free;0
Tour BD (Bahir Dar Map);COMMUNICATION;NaN;0;Free;0
tournaments and more.aj.2;PRODUCTIVITY;4.8;4;Free;0
Town of Princeton;FAMILY;4.6;4451317;Free;0
Township;COMMUNICATION;3.9;2372;Free;0
TownWiFi | Wi-Fi Everywhere;GAME;4.2;3878;Free;0
Toy Attack;FAMILY;4.1;133;Free;0
Toy Battle Z;GAME;4.7;1889250;Free;0
Toy Blast;GAME;4.7;1889582;Free;0
Toy Blast;FAMILY;4.3;1369;Free;0
Toy Guitar with songs for kids;FAMILY;4.5;5761;Free;0
Toy Pop Cubes;GAME;4;301895;Free;0
Toy Truck Rally 3D;TRAVEL_AND_LOCAL;4.5;10;Free;0
Toyota Cruisers & Trucks Mag;FAMILY;3.8;168;Free;0
Toys Defense: Horror Land;BOOKS_AND_REFERENCE;5;5;Free;0
Tozer Devotional -Series 1;COMMUNICATION;3.6;20769;Free;0
TracFone My Account;HEALTH_AND_FITNESS;4.6;623;Free;0
Tracks;FINANCE;4.3;37580;Free;0
Trading 212 - Forex  Stocks;MEDICAL;NaN;1;Free;0
Traditional Chinese Medicine Fangfang Liangfang Daquan - Practical and ancient Chinese medicine and old prescriptions for the treatment of various incurable diseases;MAPS_AND_NAVIGATION;3.6;695;Free;0
Traffic Info and Traffic Alert;GAME;4.5;5387639;Free;0
Traffic Racer;GAME;4.5;5387781;Free;0
Traffic Racer;COMMUNICATION;4.4;7;Free;0
Traffic signs BD;GAME;4.3;5339;Free;0
Traffic Sniper Counter Attack;ENTERTAINMENT;3.9;2646;Free;0
Trailer Addict Movie Trailers;FAMILY;3.8;91645;Free;0
Train driving simulator;GAME;4.3;192374;Free;0
Train Racing Games 3D 2 Player;FAMILY;4;1763;Paid;1,49
Train Sim Pro;MEDICAL;NaN;0;Free;0
Training course: Learn Nursing;EDUCATION;4.1;702;Free;0
Training schedule - AllUniver;MAPS_AND_NAVIGATION;NaN;1;Free;0
TrainPal EU- Book German Train Tickets;TOOLS;2.8;48;Free;0
Trane Interactive Smart AC;DATING;3.6;8;Free;0
Transenger – Ts Dating and Chat for Free;DATING;3.6;8;Free;0
Transenger – Ts Dating and Chat for Free;FINANCE;4.1;31804;Free;0
Transfer;FAMILY;4.4;19245;Free;0
Transformers Rescue Bots: Disaster Dash;FAMILY;4.2;41273;Free;0
Transformers Rescue Bots: Hero Adventures;FAMILY;4.5;256219;Free;0
TRANSFORMERS: Earth Wars;GAME;4.6;291941;Free;0
TRANSFORMERS: Forged to Fight;MAPS_AND_NAVIGATION;4.2;43269;Free;0
Transit: Real-Time Transit App;MAPS_AND_NAVIGATION;4.2;43252;Free;0
Transit: Real-Time Transit App;TOOLS;4.3;122010;Free;0
Translate: text & voice translator;MAPS_AND_NAVIGATION;4.1;204;Free;0
Transport DK;GAME;4.5;413;Paid;4,99
Traps n' Gemstones;MEDICAL;NaN;2;Free;0
Trauma CT Head Rules;FAMILY;3.9;13;Free;0
Travelmoji;TRAVEL_AND_LOCAL;4.8;43054;Free;0
TravelPirates;FINANCE;2;207;Free;0
Travis CU;TOOLS;4.5;313;Paid;1,97
Trazado de tuberia El Tubero;HEALTH_AND_FITNESS;3.3;10;Free;0
Treadmill Workouts Free (P);FAMILY;4.1;3527;Free;0
Treasure Defense;FAMILY;4.3;1231;Free;0
Treasure Hunt Hidden Objects Adventure Game;LIFESTYLE;4.6;8004;Free;0
Trell: An app for Explorers | Best Wanderlust App;PRODUCTIVITY;4.5;72513;Free;0
Trello;FINANCE;NaN;0;Free;0
Tri-Ag (WV) FCU;ENTERTAINMENT;3.9;801;Free;0
Tribeca Shortlist - Handpicked Movies;FAMILY;4.4;3032;Free;0
Triceratops - Dino Robot;FAMILY;4.4;16;Free;0
Tricky Bike Stunt Rider DX;PRODUCTIVITY;4.1;85;Free;0
Trimble Ag Mobile;PRODUCTIVITY;4.2;133;Free;0
Trimble DL;GAME;3.8;252;Paid;16,99
Trine 2: Complete Story;LIFESTYLE;5;33;Free;0
Trinity Church Deltona;TOOLS;4;22;Paid;0,99
Trinomial Factoring Wizard;TRAVEL_AND_LOCAL;4.1;5150;Free;0
Trip by Skyscanner - City & Travel Guide;TRAVEL_AND_LOCAL;4.5;103;Free;0
trip.bg;TRAVEL_AND_LOCAL;4.4;1162837;Free;0
TripAdvisor Hotels Flights Restaurants Attractions;TRAVEL_AND_LOCAL;4.4;1162838;Free;0
TripAdvisor Hotels Flights Restaurants Attractions;TRAVEL_AND_LOCAL;4.4;1162837;Free;0
TripAdvisor Hotels Flights Restaurants Attractions;TRAVEL_AND_LOCAL;4.4;1162837;Free;0
TripAdvisor Hotels Flights Restaurants Attractions;TRAVEL_AND_LOCAL;4.4;1162331;Free;0
TripAdvisor Hotels Flights Restaurants Attractions;TRAVEL_AND_LOCAL;4.4;49190;Free;0
TripIt: Travel Organizer;TRAVEL_AND_LOCAL;4.2;219848;Free;0
trivago: Hotels & Travel;TRAVEL_AND_LOCAL;4.2;219848;Free;0
trivago: Hotels & Travel;TRAVEL_AND_LOCAL;4.2;219848;Free;0
trivago: Hotels & Travel;GAME;4.5;6427773;Free;0
Trivia Crack;PERSONALIZATION;4;11343;Free;0
Tropical Beach Live Wallpaper;FINANCE;4.6;1231;Free;0
Tropical Financial CU;GAME;5;11;Free;0
Trovami se ci riesci;MAPS_AND_NAVIGATION;4.2;3682;Free;0
Truck Car Navi by Navitime Large size car;MAPS_AND_NAVIGATION;2.7;89;Free;0
Truck Chat & CB for Truckers;GAME;4.1;257531;Free;0
Truck Driver Cargo;FAMILY;1;1;Paid;1,49
Truck Driving Test Class 3 BC;FAMILY;3.8;110;Free;0
Truck Simulator DT 3D;FAMILY;4.2;632;Free;0
Truck Transport Raw Material;MAPS_AND_NAVIGATION;4.7;38375;Free;0
Trucker Path – Truck Stops & Weigh Stations;COMMUNICATION;4.1;32283;Free;0
True Contact - Real Caller ID;SPORTS;4.4;129409;Paid;1,99
True Skate;GAME;3.8;8175;Free;0
True Skateboarding Ride Skateboard Game Freestyle;COMMUNICATION;4.5;7820775;Free;0
Truecaller: Caller ID;COMMUNICATION;4.5;7820209;Free;0
Truecaller: Caller ID;FINANCE;4.4;199684;Free;0
TrueMoney Wallet;HOUSE_AND_HOME;4.1;81;Free;0
Trulia Mortgage Calculators;HOUSE_AND_HOME;4.5;175293;Free;0
Trulia Real Estate & Rentals;HOUSE_AND_HOME;4.5;175293;Free;0
Trulia Real Estate & Rentals;HOUSE_AND_HOME;4.4;71419;Free;0
Trulia Rent Apartments & Homes;HOUSE_AND_HOME;4.4;71421;Free;0
Trulia Rent Apartments & Homes;DATING;NaN;0;Paid;1,49
Truth or Dare Pro;COMICS;4.5;144;Free;0
Truyện Vui Tý Quậy;DATING;4.4;7888;Free;0
TryDate - Free Online Dating App;LIFESTYLE;4.2;29756;Free;0
T-shirt design - Snaptee;FAMILY;4.7;2195;Paid;2,99
Tsuro - The Game of the Path;VIDEO_PLAYERS;4.3;2976;Paid;1,99
tTorrent - ad free;MEDICAL;4.9;26;Free;0
Tuberculose Dz;ENTERTAINMENT;4.3;296771;Free;0
Tubi TV - Free Movies & TV;ENTERTAINMENT;4.3;296829;Free;0
Tubi TV - Free Movies & TV;ENTERTAINMENT;4.3;296771;Free;0
Tubi TV - Free Movies & TV;TOOLS;NaN;6;Free;0
TuenMun BM;SOCIAL;4.4;2955326;Free;0
Tumblr;SOCIAL;4.4;2955325;Free;0
Tumblr;SOCIAL;4.4;2953886;Free;0
Tumblr;TOOLS;4.5;214265;Free;0
Tuner - gStrings Free;FINANCE;4.5;625;Free;0
Tunisian Dinar: Exchange rate;FAMILY;4.4;74744;Free;0
Tunnel Town;TOOLS;4.4;139480;Free;0
TunnelBear VPN;PRODUCTIVITY;2.6;91;Free;0
Turbo AI™ - Personal assistant;TOOLS;4;32879;Free;0
Turbo Download Manager (and Browser);TOOLS;3.9;23348;Free;0
Turbo Downloader;FAMILY;4.3;1329192;Free;0
Turbo FAST;FAMILY;4.3;1329008;Free;0
Turbo FAST;BUSINESS;4.7;11442;Paid;4,99
TurboScan: scan documents and receipts in PDF;BUSINESS;4.7;11442;Paid;4,99
TurboScan: scan documents and receipts in PDF;TOOLS;NaN;1;Free;0
Turnotronik CL;TRAVEL_AND_LOCAL;4.4;14114;Free;0
Turo - Better Than Car Rental;MEDICAL;NaN;1;Free;0
TUTORIAL CT SCAN CARDIAC;FAMILY;NaN;2;Free;0
Tutorials for R Programming Offline;FAMILY;NaN;1;Free;0
Tutorials for SAP BW Offline;SHOPPING;4.4;9950;Free;0
tutti.ch - Free Classifieds;FAMILY;NaN;4;Free;0
Tv Br News;FAMILY;4.4;544;Paid;1,49
TV Guide BR Gold;FAMILY;4.3;323;Free;0
TV Local El Salvador;FAMILY;3.9;109;Free;0
TV.AE;ENTERTAINMENT;4.2;98509;Free;0
TV+;FAMILY;NaN;1;Free;0
tv-ec;SHOPPING;4.2;1558;Free;0
Twice: Buy;HEALTH_AND_FITNESS;4.6;318134;Free;0
Twilight: Blue light filter;SOCIAL;3.6;14835;Free;0
TwitCasting Live;ENTERTAINMENT;4.6;2133296;Free;0
Twitch: Livestream Multiplayer Games & Esports;FAMILY;4.6;2133047;Free;0
Twitch: Livestream Multiplayer Games & Esports;NEWS_AND_MAGAZINES;4.3;11667403;Free;0
Twitter;NEWS_AND_MAGAZINES;4.3;11667403;Free;0
Twitter;NEWS_AND_MAGAZINES;4.3;11657972;Free;0
Twitter;GAME;3.8;596;Free;0
Two Nights at jumpscare;LIFESTYLE;3.5;628;Free;0
Type S LED;FAMILY;4.6;33;Free;0
Typical EA Game;COMMUNICATION;4.1;6601;Free;0
U - Webinars;SPORTS;4.3;2486;Free;0
U + professional baseball;PRODUCTIVITY;4;198;Free;0
U Assist - Screen Mirroring & Sharing App;FINANCE;4.3;16600;Free;0
U by BB&T;PHOTOGRAPHY;4.2;2158;Free;0
U Camera : Phone 6s OS 9 style;TOOLS;4.2;26;Free;0
U get - Wireless Speed Test;TOOLS;3;245;Free;0
U Guard;ART_AND_DESIGN;4.7;87510;Free;0
U Launcher Lite – FREE Live Cool Themes;SOCIAL;4.5;67611;Free;0
U LIVE – Video Chat & Stream;FINANCE;3.7;52;Free;0
U of I Community Credit Union;BUSINESS;3.1;71;Free;0
U Pull It Auto Dismantler;FINANCE;4.1;70782;Free;0
U.S. Bank;FAMILY;4.5;8;Free;0
U.S.A DV Lottery Process;FAMILY;4.2;238;Free;0
لعبة تقدر تربح DZ;PRODUCTIVITY;3.8;24517;Free;0
U+Box;GAME;3.5;4575;Free;0
U-48 Submarine Commander Free;FINANCE;4.3;12185;Free;0
UBA Mobile Banking;MAPS_AND_NAVIGATION;4.2;4928420;Free;0
Uber;MAPS_AND_NAVIGATION;4.2;4921866;Free;0
Uber;BUSINESS;4.4;1254730;Free;0
Uber Driver;FOOD_AND_DRINK;4.2;333208;Free;0
Uber Eats: Local Food Delivery;COMMUNICATION;4.5;17712922;Free;0
UC Browser - Fast Download Private & Secure;COMMUNICATION;4.5;17714850;Free;0
UC Browser - Fast Download Private & Secure;COMMUNICATION;4.5;17712922;Free;0
UC Browser - Fast Download Private & Secure;COMMUNICATION;4.4;3648120;Free;0
UC Browser Mini -Tiny Fast Private & Secure;COMMUNICATION;4.4;3648480;Free;0
UC Browser Mini -Tiny Fast Private & Secure;COMMUNICATION;4.4;3648765;Free;0
UC Browser Mini -Tiny Fast Private & Secure;SOCIAL;4;2052;Free;0
uCiC- Videos and Photos on demand;FAMILY;4.2;11404;Free;0
U-Craft Mobile;EDUCATION;4.3;22384;Free;0
Udacity - Lifelong Learning;EDUCATION;4.3;22384;Free;0
Udacity - Lifelong Learning;EDUCATION;4.5;99020;Free;0
Udemy - Online Courses;EDUCATION;4.5;99020;Free;0
Udemy - Online Courses;EDUCATION;4.5;99020;Free;0
Udemy - Online Courses;FAMILY;4.5;166886;Free;0
U-Dictionary: Best English Learning Dictionary;FAMILY;3.6;906;Free;0
U-Disco;SPORTS;4;30840;Free;0
UFC;SPORTS;4;30840;Free;0
UFC;TOOLS;NaN;1;Paid;0,99
UFO-CQ;TRAVEL_AND_LOCAL;3.2;852;Free;0
U-Haul;DATING;3;1;Free;0
UK Girls Mobile Numbers;BEAUTY;4.7;42050;Free;0
Ulta Beauty;HEALTH_AND_FITNESS;4.7;55571;Free;0
Ultimate Ab & Core Workouts;PHOTOGRAPHY;4.3;14453;Free;0
Ultimate Background Eraser;GAME;4.1;1686;Free;0
Ultimate BlackJack 3D FREE;PRODUCTIVITY;3.7;7389;Free;0
Ultimate Calculator for CR;PRODUCTIVITY;4.5;40328;Free;0
Ultimate Chest Tracker;FAMILY;4.7;92010;Free;0
Ultimate Clash Royale Tracker;BUSINESS;4.6;14;Free;0
Ultimate Control BT;GAME;4.5;937;Free;0
Ultimate DC Challenge;FAMILY;NaN;0;Free;0
Ultimate DM;AUTO_AND_VEHICLES;3.8;284;Free;0
Ultimate F1 Racing Championship;GAME;4.3;180;Free;0
Ultimate Fighter Z;PRODUCTIVITY;4;10643;Free;0
Ultimate Notepad;TRAVEL_AND_LOCAL;4.7;213;Paid;3,99
Ultimate Public Campgrounds (Over 37;GAME;4.5;2526;Free;0
Ultimate Quiz for CS:GO - Skins | Cases | Players;SPORTS;4.3;183004;Free;0
Ultimate Tennis;PERSONALIZATION;4.6;285;Paid;0,99
Ultimate Watch 2 watch face;SPORTS;4.2;28;Free;0
Ultra CE calculator;FAMILY;4.5;112;Free;0
Ultrasound A-Z;AUTO_AND_VEHICLES;4.3;40211;Free;0
Ulysse Speedometer;AUTO_AND_VEHICLES;4.6;4140;Paid;1,99
Ulysse Speedometer Pro;MEDICAL;2;1;Free;0
UM BP Track;PRODUCTIVITY;4.1;6850;Free;0
Unclouded - Cloud Manager;GAME;4.3;4704;Free;0
Undead Assault;SPORTS;4.6;216;Free;0
Underdog FC;SOCIAL;4.8;5369;Free;0
Undertale AU Amino;ART_AND_DESIGN;4.7;8145;Free;0
UNICORN - Color By Number & Pixel Art Coloring;FAMILY;4.7;8264;Free;0
UNICORN - Color By Number & Pixel Art Coloring;PHOTOGRAPHY;3.7;3362;Free;0
Unicorn Photo;COMICS;4.8;516;Free;0
Unicorn Pokez - Color By Number;TOOLS;4.7;11018;Free;0
UniFi;FAMILY;4;939;Free;0
Union League;TOOLS;4.5;85387;Free;0
Unit Converter;TOOLS;4.5;12718;Free;0
Unit Converter Pro;BUSINESS;NaN;0;Free;0
United Ag Cooperative;TRAVEL_AND_LOCAL;3.5;30447;Free;0
United Airlines;TRAVEL_AND_LOCAL;3.5;30447;Free;0
United Airlines;LIFESTYLE;5;5;Free;0
Unity CF;TOOLS;3.8;40934;Free;0
Universal AC Remote Control;FAMILY;3;119;Free;0
Universal AC Remote Control Simulator;ENTERTAINMENT;3.6;1968;Free;0
Universal Kids;FAMILY;4.5;302;Free;0
University of Alabama;FAMILY;4;168;Free;0
University of Florida;SPORTS;4.2;75545;Free;0
Univision Deportes: Liga MX;SPORTS;4.2;75566;Free;0
Univision Deportes: Liga MX;ENTERTAINMENT;4;22998;Free;0
Univision NOW - Live TV and On Demand;ENTERTAINMENT;4;22997;Free;0
Univision NOW - Live TV and On Demand;SOCIAL;3.4;44;Free;0
Unlimited Group Links - Whatsapp;GAME;4.1;1728557;Free;0
UNO ™ & Friends;TOOLS;4.4;103909;Free;0
Unseen - No Last Seen;FAMILY;4.2;5;Paid;1,49
Unstoppaball DX;SOCIAL;5;3;Free;0
UP EB Bill Payment & Details;NEWS_AND_MAGAZINES;4;80368;Free;0
Updates for Samsung - Android Update Versions;TOOLS;3.6;12993;Free;0
Upgrade for Android DU Master;BUSINESS;3.4;9;Free;0
Upohar BD;BUSINESS;3.9;23243;Free;0
UPS Mobile;FAMILY;4.2;23292;Free;0
Urban Car Simulator;PARENTING;3.8;824;Free;0
Urban Limo Taxi Simulator;SHOPPING;4.2;4158;Free;0
Urban Outfitters;BOOKS_AND_REFERENCE;NaN;114;Free;0
URBANO V 02 instruction manual;TRAVEL_AND_LOCAL;4.2;35560;Free;0
Urbanspoon Restaurant Reviews;SOCIAL;4.3;241;Free;0
U-Report;TRAVEL_AND_LOCAL;NaN;0;Free;0
US 115th CD;FAMILY;4.1;27130;Free;0
US Army Training Courses Game;TRAVEL_AND_LOCAL;4.6;14;Free;0
US DV Lottery 2019;TRAVEL_AND_LOCAL;4.6;41;Free;0
US DV Lottery 2020 Apply;LIFESTYLE;3.8;6554;Free;0
US Mission - buy gourmet movie KTV;SPORTS;4;9971;Free;0
US Open Tennis Championships 2018;SPORTS;4;9971;Free;0
US Open Tennis Championships 2018;FINANCE;4.4;1922;Free;0
US Stock Market;DATING;4.2;5084;Free;0
USA Singles Meet;NEWS_AND_MAGAZINES;4.1;49259;Free;0
USA TODAY;NEWS_AND_MAGAZINES;4.1;49259;Free;0
USA TODAY;NEWS_AND_MAGAZINES;4.1;49259;Free;0
USA TODAY;FINANCE;4.5;100997;Free;0
USAA Mobile;TOOLS;NaN;0;Paid;8,99
USB BT Wi-Fi Color Terminal Modem;TOOLS;3.4;784;Free;0
U-Scan;FINANCE;4.6;964;Free;0
USE Credit Union Mobile;AUTO_AND_VEHICLES;4.6;5097;Free;0
Used car is the first car - used car purchase;AUTO_AND_VEHICLES;3.7;5414;Free;0
Used car search Goo net whole car Go to net;AUTO_AND_VEHICLES;4.6;17057;Free;0
Used Cars and Trucks for Sale;AUTO_AND_VEHICLES;4.2;52530;Free;0
Used cars for sale - Trovit;AUTO_AND_VEHICLES;4;190;Free;0
Used Cars Mexico;LIFESTYLE;3.7;492;Free;0
usgang.ch;FAMILY;NaN;0;Free;0
USMLE CK Clinical Knowledge Flashcards 2018 Ed;FAMILY;4;28;Free;0
USMLE Step 2 CK Cards Lite;FAMILY;5;1;Paid;19,99
USMLE Step 2 CK Flashcards;BUSINESS;3.9;16589;Free;0
USPS MOBILE®;VIDEO_PLAYERS;4;93638;Free;0
Ustream;PERSONALIZATION;4.7;127;Free;0
V BTS Wallpaper;SOCIAL;4.7;594;Free;0
V Bucks ProTips New;FAMILY;4.3;2772;Free;0
V for Vampire - Free;GAME;4.2;16876;Free;0
V for Voodoo;FAMILY;4.4;397147;Free;0
V LIVE - Star Live App;BOOKS_AND_REFERENCE;4.3;241;Free;0
V Made;PHOTOGRAPHY;3.3;582;Free;0
V.360° Camera;LIBRARIES_AND_DEMO;3.2;1919;Free;0
V380s;LIFESTYLE;NaN;4;Free;0
Valencia CF Wallpapers 4 Fans;FAMILY;4.4;767;Free;0
Valentines love color by number-Pixel art coloring;BUSINESS;NaN;1;Free;0
Valmet CI Tool;LIFESTYLE;NaN;1;Free;0
van Gennip Textiles BV;EVENTS;NaN;37;Free;0
VAN NIAN 2018 - Vietnamese Calendar;LIFESTYLE;4.4;3829;Free;0
Van Nien 2018 - Lich Van su & Lich Am;LIFESTYLE;3.6;1067;Free;0
Vaniday - Beauty Booking App;LIFESTYLE;3.6;1067;Free;0
Vaniday - Beauty Booking App;MEDICAL;4.6;92;Paid;79,99
Vargo Anesthesia Mega App;MEDICAL;4.6;92;Paid;79,99
Vargo Anesthesia Mega App;BUSINESS;NaN;0;Free;0
VAT check CY;BUSINESS;4.7;78;Free;0
VAT Checker for EU company;BUSINESS;4.5;984451;Free;0
Vault-Hide SMS;LIFESTYLE;4.3;87;Free;0
VCalendar - VenkatRama and Co;BUSINESS;4.3;542;Free;0
V-CUBE Seminar Mobile;GAME;4.4;3058687;Free;0
Vector;FAMILY;4.2;721646;Free;0
Vegas Crime Simulator;PARENTING;3.9;3182;Free;0
Vegetable Fun;TOOLS;3.7;29;Free;0
Vehicle Case Checker BD;MEDICAL;2.5;79;Paid;3,99
VeinSeek;SOCIAL;3.8;826;Free;0
Verdad o Reto;TOOLS;NaN;0;Free;0
Verdant EI;BUSINESS;4.5;413;Free;0
Verify - Receipts & Expenses;PRODUCTIVITY;4.3;185632;Free;0
Verizon Cloud;MEDICAL;4.9;28;Free;0
VetCode;ENTERTAINMENT;4.1;27424;Free;0
VH1;ENTERTAINMENT;4.1;27424;Free;0
VH1;ENTERTAINMENT;4.1;27424;Free;0
VH1;HEALTH_AND_FITNESS;3.6;124;Free;0
Vi Trainer;COMMUNICATION;4.3;11334799;Free;0
Viber Messenger;COMMUNICATION;4.3;11334973;Free;0
Viber Messenger;COMMUNICATION;4.3;11334973;Free;0
Viber Messenger;COMMUNICATION;4.3;11335255;Free;0
Viber Messenger;COMMUNICATION;4.3;11335481;Free;0
Viber Messenger;TRAVEL_AND_LOCAL;4.3;20;Free;0
Victoria;TOOLS;5;5;Free;0
Victoria EC;TOOLS;3.8;400;Free;0
VictronConnect;EVENTS;4.3;5839;Free;0
vide-greniers.org;COMMUNICATION;4.2;15287;Free;0
Video Caller Id;DATING;NaN;0;Free;0
Video chat live advices;TOOLS;4.3;444;Free;0
Video Download For FB;VIDEO_PLAYERS;4.2;59089;Free;0
Video Downloader;VIDEO_PLAYERS;4.2;58981;Free;0
Video Downloader;VIDEO_PLAYERS;4.8;332623;Free;0
Video Downloader - for Instagram Repost App;TOOLS;4.6;894435;Free;0
Video Downloader for Facebook;TOOLS;4.3;53;Free;0
Video Downloader for FB;VIDEO_PLAYERS;4.5;1060;Free;0
Video Downloader for FB : Video Download with Link;TOOLS;4.3;434;Free;0
Video Downloader For FB: Save FB Videos 2018;VIDEO_PLAYERS;4.7;53006;Free;0
Video Editor;FAMILY;4.1;159619;Free;0
Video Editor;VIDEO_PLAYERS;4.1;159622;Free;0
Video Editor;VIDEO_PLAYERS;3.8;1156;Free;0
Video Editor;PHOTOGRAPHY;4.7;2163282;Free;0
Video Editor Music;PHOTOGRAPHY;4.3;4871;Free;0
Video Maker with Photo and Music;VIDEO_PLAYERS;4.4;26421;Free;0
video player;VIDEO_PLAYERS;4.8;259003;Free;0
Video Player All Format;VIDEO_PLAYERS;4.8;258277;Free;0
Video Player All Format;VIDEO_PLAYERS;4.6;3930;Free;0
Video Player All Format for Android;VIDEO_PLAYERS;4.5;351168;Free;0
video player for android;VIDEO_PLAYERS;4.3;6685;Free;0
Video Status;VIDEO_PLAYERS;NaN;0;Free;0
Video Wallpaper Show;VIDEO_PLAYERS;4.6;36969;Free;0
Video.Guru - Video Maker;VIDEO_PLAYERS;4.3;20;Free;0
Videos downloader for Facebook:fast fb video saver;VIDEO_PLAYERS;4.6;4016834;Free;0
VideoShow-Video Editor;VIDEO_PLAYERS;4.2;3546;Free;0
VidPlay;NEWS_AND_MAGAZINES;NaN;49;Free;0
Vidroid.com.br;SOCIAL;4.5;25562;Free;0
VidStatus app - Status Videos & Status Downloader;MAPS_AND_NAVIGATION;3.9;139;Free;0
Vienna U-Bahn;NEWS_AND_MAGAZINES;4.2;21147;Free;0
Vietnam Today - Read online newspapers;BUSINESS;4.4;1225;Free;0
ViettelPost express delivery;LIFESTYLE;3.1;212;Free;0
view.com.au - Buy;HEALTH_AND_FITNESS;4.2;34356;Free;0
ViewRanger - Hike;ENTERTAINMENT;4.2;10291;Free;0
Vigo Lite;VIDEO_PLAYERS;4.3;1615596;Free;0
Vigo Video;VIDEO_PLAYERS;4.3;1615418;Free;0
Vigo Video;ENTERTAINMENT;4.3;407698;Free;0
Viki: Asian TV Dramas & Movies;ENTERTAINMENT;4.3;407719;Free;0
Viki: Asian TV Dramas & Movies;ENTERTAINMENT;4.3;407719;Free;0
Viki: Asian TV Dramas & Movies;BUSINESS;4.3;6;Free;0
Viking CB Radios;GAME;4.2;924;Free;0
Vikings Stickman Axe Fighting;GAME;4.5;10256;Free;0
Vikings: an Archer's Journey;FAMILY;4.3;128;Free;0
Villains vs Superheroes;LIFESTYLE;NaN;2;Free;0
Villarreal CF Wallpapers 4 Fans;FAMILY;3.9;85578;Free;0
Vimeo;PERSONALIZATION;4.3;2910;Free;0
Vintage Flower CM Locker Theme;GAME;4.1;389;Free;0
VIP Backgammon Free : Play Backgammon Online;TOOLS;NaN;20;Free;0
Vip视频免费看-BT磁力搜索;LIFESTYLE;NaN;86;Free;0
Vira.cz Widget;FAMILY;4.4;80927;Free;0
Virtual Assistant DataBot: Artificial Intelligence;FAMILY;2.4;407;Free;0
Virtual Boyfriend Chat;FAMILY;3.8;20;Free;0
Virtual Brain Surgery Simulator : Kid ER Emergency;FAMILY;3.7;29838;Free;0
Virtual Cigarette Smoking (prank);GAME;4.3;40;Free;0
Virtual Dice EX;TOOLS;4.2;2013;Free;0
Virtual DJ Mixer;TOOLS;4.2;4010;Free;0
Virtual DJ Sound Mixer;TOOLS;4.4;26;Free;0
Virtual Eye AI;FAMILY;4.2;636228;Free;0
Virtual Families 2;FAMILY;4.6;45771;Free;0
Virtual lover;FAMILY;4.6;5195;Free;0
virtual lover 3D;FAMILY;4;1130;Free;0
Virtual Mom Surgery Doctor : ER Emergency Hospital;FAMILY;3.9;70;Free;0
Virtual Mother Surgery Doctor : Emergency Hospital;COMMUNICATION;3.8;21785;Free;0
Virtual Walkie Talkie;PHOTOGRAPHY;3.5;49523;Free;0
Visage Lab – face retouch;MEDICAL;4.4;576;Paid;2,49
Visual Anatomy 2;BUSINESS;4.1;16129;Free;0
Visual Voicemail by MetroPCS;BUSINESS;4.6;2555;Free;0
VisualCV Resume Builder;MEDICAL;NaN;0;Paid;2,99
Visualmed;FAMILY;3.1;192;Free;0
Visuelles Wörterbuch Audio-App;HEALTH_AND_FITNESS;NaN;2;Paid;9,99
Vital Tones EI Pro;MEDICAL;4.4;27;Free;0
VITAS Hospice Referral App for Healthcare Pros;TOOLS;3.5;78;Free;0
VITEK EH DVR Viewer (Pro);MEDICAL;4.8;3052;Free;0
VitusVet: Pet Health Care App;TOOLS;4;2055;Free;0
VIVA BH;HOUSE_AND_HOME;4.8;3167;Free;0
Viva Decora - Decoration;VIDEO_PLAYERS;4.6;9879473;Free;0
VivaVideo - Video Editor & Photo Movie;EVENTS;4.6;8232;Free;0
Vivid Seats – Event Tickets;SOCIAL;3.8;5793284;Free;0
VK;VIDEO_PLAYERS;4.4;1032076;Free;0
VLC for Android;VIDEO_PLAYERS;4.4;1031045;Free;0
VLC for Android;FAMILY;4.8;1304467;Free;0
Vlogger Go Viral - Tuber Game;VIDEO_PLAYERS;4.2;192677;Free;0
VMate;SOCIAL;4.3;903;Free;0
VMate Lite - Funny Short Videos Social Network;BUSINESS;2;9;Free;0
VMAX IP Plus Mobile Client;FAMILY;4.1;138050;Free;0
Voice Changer;FAMILY;4.2;1260903;Free;0
Voice changer with effects;LIFESTYLE;3.7;6667;Free;0
Voice Lock Screen;PARENTING;NaN;970;Free;0
Voice Tables - no internet;TOOLS;3.9;71;Free;0
VOLT DROP CALCULATOR BS 7671;TOOLS;4.2;5;Paid;1,49
Volume Control Ex;TOOLS;4.1;1129;Paid;0,99
Volume Slider Like Android P Volume Control;BUSINESS;4.2;45;Free;0
Volvo CE Insider;COMMUNICATION;4.1;29208;Free;0
Vonage Mobile® Call Video Text;TOOLS;4.1;46;Free;0
Vote 4 DC;VIDEO_PLAYERS;4.2;193381;Free;0
Vote for;GAME;4.7;62561;Free;0
Voxel - 3D Color by Number & Pixel Coloring Book;COMMUNICATION;4.3;230564;Free;0
Voxer Walkie Talkie Messenger;FAMILY;NaN;22;Free;0
Voyance du pyromancien;VIDEO_PLAYERS;3.6;5639;Free;0
VPlayer;TOOLS;4.2;40676;Free;0
VPN - Fast;TOOLS;4.5;801054;Free;0
VPN Free - Betternet Hotspot VPN & Private Browser;TOOLS;4.5;799206;Free;0
VPN Free - Betternet Hotspot VPN & Private Browser;TOOLS;4.4;319;Paid;2,99
Vpn Hosts (ad blocker & no root & support ipv6 );GAME;3.4;13;Free;0
VR AG Racing for Cardboard;ENTERTAINMENT;3.9;15254;Free;0
VRV: Anime;PHOTOGRAPHY;4.4;753115;Free;0
VSCO;FINANCE;4.1;138371;Free;0
VTB-Online;ENTERTAINMENT;3.9;58082;Free;0
Vudu Movies & TV;VIDEO_PLAYERS;4.4;38630;Free;0
VUE: video editor & camcorder;VIDEO_PLAYERS;4.1;24565;Free;0
Vuze Torrent Downloader;FAMILY;3.6;309;Free;0
v-view;TRAVEL_AND_LOCAL;4;16101;Free;0
VZ Navigator;TRAVEL_AND_LOCAL;3;2750;Free;0
VZ Navigator for Galaxy S4;TRAVEL_AND_LOCAL;3.6;285;Free;0
VZ Navigator for Tablets;WEATHER;4.2;29;Free;0
W - Weather Forecast & Animated Radar Maps;VIDEO_PLAYERS;1.9;105;Free;0
W Box VMS;VIDEO_PLAYERS;2.5;24;Free;0
W Box VMS HD;WEATHER;3.8;11;Paid;1,99
W Pro - Weather Forecast & Animated Weather Maps;LIFESTYLE;4.2;23164;Free;0
w UN map;MEDICAL;NaN;0;Free;0
WAH 247;MEDICAL;NaN;0;Free;0
WAH AH;PERSONALIZATION;4.4;5599;Free;0
Waiting For U Launcher Theme;TOOLS;4.7;62;Free;0
Walk Freely (Ec Shlire);HEALTH_AND_FITNESS;4.5;144040;Free;0
Walk with Map My Walk;HEALTH_AND_FITNESS;4.5;144050;Free;0
Walk with Map My Walk;HEALTH_AND_FITNESS;4.5;644;Free;0
Walking for Weight Loss - Walk Tracker;HEALTH_AND_FITNESS;3.7;1861;Free;0
Walking: Pedometer diet;HOUSE_AND_HOME;3.9;6631;Free;0
Wall Decorating Ideas;FINANCE;4.7;1311;Free;0
WalletHub - Free Credit Score;PERSONALIZATION;4.5;69488;Free;0
Wallpaper;PHOTOGRAPHY;4.9;7;Free;0
Wallpaper.cz;PERSONALIZATION;NaN;0;Free;0
Wallpapers AK 12;PERSONALIZATION;4.5;37;Free;0
Wallpapers AK 47 Guns;PERSONALIZATION;NaN;0;Free;0
Wallpapers AK 74M;PERSONALIZATION;NaN;35;Free;0
Wallpapers Bus Scania Irizar K;PERSONALIZATION;NaN;0;Free;0
Wallpapers CZ 75 85;PERSONALIZATION;NaN;0;Free;0
Wallpapers DAF CF 85 Trucks;PERSONALIZATION;NaN;1;Free;0
Wallpapers DAF CF Trucks;PERSONALIZATION;3.8;23;Free;0
Wallpapers DH 4K;PERSONALIZATION;NaN;0;Free;0
Wallpapers FN F2000;PERSONALIZATION;NaN;0;Free;0
Wallpapers FN FAL Light Automatic Rifle;PERSONALIZATION;NaN;0;Free;0
Wallpapers FN Five seven;PERSONALIZATION;NaN;0;Free;0
Wallpapers FN Herstal FNP 9;PERSONALIZATION;5;4;Free;0
Wallpapers FN SCAR H;PERSONALIZATION;4.7;273994;Free;0
Wallpapers HD;PERSONALIZATION;4.6;484981;Free;0
Wallpapers HD;PERSONALIZATION;NaN;2;Free;0
Wallpapers Mercedes Benz CL;PERSONALIZATION;NaN;0;Free;0
Wallpapers New AK 47 Assault Rifle Guns Arms;PERSONALIZATION;4.2;78;Free;0
Wallpapers Toyota FJ Cruiser;PERSONALIZATION;NaN;19;Free;0
Wallpapers Truck DAF CF;PERSONALIZATION;4.2;13;Free;0
Wallpapers Volvo FH 16 Trucks;PERSONALIZATION;4.2;4;Free;0
Wallpapers Volvo FH Truck;SHOPPING;4.4;441473;Free;0
Walmart;SHOPPING;4.4;441473;Free;0
Walmart;FINANCE;4.2;6148;Free;0
Walmart MoneyCard;SHOPPING;4.6;94205;Free;0
Wanelo Shopping;SHOPPING;4.6;94205;Free;0
Wanelo Shopping;DATING;4.1;6701;Free;0
WannaMeet – Dating & Chat App;SOCIAL;4.2;522018;Free;0
Waplog - Free Chat;GAME;4.3;224514;Free;0
War and Order;GAME;4.6;3073251;Free;0
War Robots;FAMILY;4.5;97071;Free;0
War Z 2;MEDICAL;NaN;0;Free;0
Warfarin Dose Calculator;TOOLS;4.2;249;Free;0
Watch AW-7;PERSONALIZATION;3.1;112;Paid;0,99
Watch Face BW Inter;PERSONALIZATION;4.1;21;Paid;0,99
Watch Face Swiss AJ-6;SPORTS;4.1;288809;Free;0
WatchESPN;SPORTS;4.1;288809;Free;0
WatchESPN;SPORTS;4.1;288809;Free;0
WatchESPN;SPORTS;4.1;288809;Free;0
WatchESPN;HEALTH_AND_FITNESS;4.6;524299;Free;0
Water Drink Reminder;PERSONALIZATION;4.1;398;Free;0
Water Droplets Keyboard Theme;PERSONALIZATION;4.6;66453;Free;0
Water Garden Live Wallpaper;FAMILY;4.4;551;Free;0
Water Surfer Floating BMX Bicycle Rider Racing;GAME;4.3;2233;Free;0
Water Surfer Racing In Moto;PERSONALIZATION;4.1;112977;Free;0
Waterfall Live Wallpaper;PHOTOGRAPHY;4.5;10349;Free;0
Waterfall Photo Frames;BOOKS_AND_REFERENCE;4.6;2914724;Free;0
Wattpad 📖 Free Books;BOOKS_AND_REFERENCE;4.6;2915189;Free;0
Wattpad 📖 Free Books;FAMILY;4.5;10;Free;0
waut.ch!;PERSONALIZATION;4.2;63699;Free;0
Wave Z Live Wallpaper;SHOPPING;4.5;20247;Free;0
Wayfair - Shop All Things Home;MAPS_AND_NAVIGATION;4.6;7232629;Free;0
Waze - GPS;MAPS_AND_NAVIGATION;4.6;7231017;Free;0
Waze - GPS;GAME;3.8;47386;Free;0
WDAMAGE: Car Crash Engine;NEWS_AND_MAGAZINES;3.8;18818;Free;0
WE;FAMILY;4.7;39153;Free;0
We Bare Bears Match3 Repairs;SOCIAL;4.5;637309;Free;0
We Heart It;SOCIAL;4.5;637254;Free;0
We Heart It;PARENTING;NaN;3248;Free;0
We learn children's verses in kindergarten;FAMILY;4.3;598975;Free;0
Weaphones™ Gun Sim Free Vol 1;PERSONALIZATION;3.3;25;Free;0
Weapon AK-74 Live Wallpaper;FAMILY;4.6;23971;Free;0
Weapon stripping 3D;FAMILY;4.1;21;Free;0
Weapons simulator AK-47;WEATHER;4.2;18773;Free;0
Weather;WEATHER;4.7;11118;Free;0
weather - weather forecast;WEATHER;4.4;2371543;Free;0
Weather & Clock Widget for Android;WEATHER;4.5;25243;Paid;2,99
Weather & Radar Pro - Ad-Free;WEATHER;4.4;279917;Free;0
Weather 14 Days;WEATHER;4.4;40606;Free;0
Weather –Simple weather forecast;WEATHER;4.2;67772;Free;0
Weather by eltiempo.es;WEATHER;4.2;67854;Free;0
Weather by eltiempo.es;WEATHER;4.5;981995;Free;0
Weather by WeatherBug: Forecast;WEATHER;4.4;8433;Free;0
Weather BZ;WEATHER;4.2;133338;Free;0
Weather Crave;WEATHER;NaN;15;Paid;2,99
Weather Data CH;WEATHER;4.8;159455;Free;0
Weather forecast;WEATHER;4.7;14051;Paid;3,99
Weather Forecast Pro;WEATHER;4.3;2143;Free;0
Weather From DMI/YR;PERSONALIZATION;4;1546;Paid;1,99
weather HD;WEATHER;4.5;76593;Paid;5,99
Weather Live;WEATHER;4.8;17493;Paid;4,49
Weather Live Pro;WEATHER;4.3;18194;Free;0
Weather Radar Widget;WEATHER;4.5;3252;Free;0
WeatherClear - Ad-free Weather;COMMUNICATION;4.2;10965;Free;0
Web Browser;COMMUNICATION;4;36901;Free;0
Web Browser & Explorer;SOCIAL;4.4;54768;Free;0
Web Browser & Fast Explorer;SOCIAL;4.4;2508;Free;0
Web Browser ( Fast & Secure Web Explorer);COMMUNICATION;4.1;55098;Free;0
Web Browser for Android;COMMUNICATION;4.1;55110;Free;0
Web Browser for Android;COMMUNICATION;4.3;226541;Free;0
WEB.DE Mail;WEATHER;4.6;3963;Free;0
WebCams;COMICS;4.8;33783;Free;0
WebComics;TOOLS;2.3;395;Free;0
Webmail web mobile app;BUSINESS;4.3;327;Free;0
Websites.co.in Instant Website;FINANCE;4.3;34861;Free;0
Webull - Stock Quotes & Free Stock Trading;COMMUNICATION;4.2;5387333;Free;0
WeChat;COMMUNICATION;4.2;5387446;Free;0
WeChat;COMMUNICATION;4.2;5387446;Free;0
WeChat;COMMUNICATION;4.2;5387631;Free;0
WeChat;LIFESTYLE;3.9;7376;Free;0
Wedding Countdown Widget;LIFESTYLE;4.2;3448;Free;0
Wedding LookBook by The Knot;LIFESTYLE;4.2;3788;Free;0
Wedding Planner by WeddingWire - Venues;LIFESTYLE;4.6;1658;Free;0
WedMeGood - Wedding Planner;COMMUNICATION;4;13469;Free;0
WeFi - Free Fast WiFi Connect & Find Wi-Fi Map;TOOLS;4;807;Free;0
weight conversion calculator;HEALTH_AND_FITNESS;4.5;27393;Free;0
Weight Loss Running by Verv;HEALTH_AND_FITNESS;4.5;27396;Free;0
Weight Loss Running by Verv;HEALTH_AND_FITNESS;4.5;27396;Free;0
Weight Loss Running by Verv;HEALTH_AND_FITNESS;4.4;20547;Free;0
Weight Loss Tracker - RecStyle;HEALTH_AND_FITNESS;4.4;20547;Free;0
Weight Loss Tracker - RecStyle;HEALTH_AND_FITNESS;4.2;270267;Free;0
Weight Watchers Mobile;HEALTH_AND_FITNESS;4.2;270294;Free;0
Weight Watchers Mobile;HEALTH_AND_FITNESS;4.2;270294;Free;0
Weight Watchers Mobile;MEDICAL;NaN;0;Free;0
Weill Cornell Medicine;FINANCE;4.2;283;Free;0
Wells Fargo Daily Change;FINANCE;4.2;283;Free;0
Wells Fargo Daily Change;FINANCE;4.4;250706;Free;0
Wells Fargo Mobile;FINANCE;4.4;250719;Free;0
Wells Fargo Mobile;SHOPPING;4.5;178497;Free;0
Wemep - Special price representative (special / shopping / shopping app / coupon / shipping);FOOD_AND_DRINK;3.4;6507;Free;0
Wendy’s – Food and Offers;FOOD_AND_DRINK;3.4;6512;Free;0
Wendy’s – Food and Offers;HEALTH_AND_FITNESS;4.3;979;Free;0
We're Working Out - Al Kavadlo;BUSINESS;NaN;3;Free;0
West Central Ag;FINANCE;4.5;80904;Free;0
Western Union US - Send Money Transfers Quickly;WEATHER;4.2;24349;Free;0
Wetter by t-online.de;WEATHER;4.2;189313;Free;0
wetter.com - Weather and Radar;WEATHER;4.2;189310;Free;0
wetter.com - Weather and Radar;NEWS_AND_MAGAZINES;3.8;133;Free;0
WFLA News Channel 8 - Tampa FL;PRODUCTIVITY;4.3;596;Free;0
WFVS 2018 | WhatApp Full Video Status & Downloader;SPORTS;4.3;148083;Free;0
WGT Golf Game by Topgolf;GAME;4.2;4537;Free;0
What Am I? - Brain Teasers;TOOLS;4.5;4228;Free;0
What is my IP address;SOCIAL;4;712;Free;0
What U See;FAMILY;3.7;7453;Free;0
What was I in my Past Life;FOOD_AND_DRINK;4.5;5093;Free;0
Whataburger;FAMILY;4.5;773;Free;0
What's Up;LIFESTYLE;4.1;23453;Free;0
What's Up;GAME;2.3;278;Free;0
What's Your CS:GO rank?;FAMILY;4.1;39661;Free;0
What's Your Story?™ ft Charmed;COMMUNICATION;4.4;136662;Free;0
WhatsApp Business;COMMUNICATION;4.4;137144;Free;0
WhatsApp Business;COMMUNICATION;4.4;69119316;Free;0
WhatsApp Messenger;COMMUNICATION;4.4;69119316;Free;0
WhatsApp Messenger;COMMUNICATION;4.4;69109672;Free;0
WhatsApp Messenger;COMMUNICATION;4.6;1130966;Free;0
WhatsCall Free Global Phone Call App & Cheap Calls;SOCIAL;4.2;204;Paid;0,99
WhatsFake Pro (Ad free);TOOLS;4.7;24985;Free;0
WhatsVPN - Unlimited Free VPN;GAME;4.6;137338;Free;0
Wheelie Challenge;DATING;NaN;2;Free;0
When Will You Get Married;TRAVEL_AND_LOCAL;3.8;39;Free;0
Where Am I At?;TOOLS;4.2;1313;Free;0
Where Am I?;TRAVEL_AND_LOCAL;4.6;68;Free;0
Where Am I? GPS Loc;TRAVEL_AND_LOCAL;4.7;620534;Free;0
Where is my Train : Indian Railway & PNR Status;TRAVEL_AND_LOCAL;4.2;5112;Free;0
Where to travel - ticket. hotel. train ticket. car ticket. travel. tickets;FAMILY;4.7;188740;Paid;1,99
Where's My Water?;FAMILY;4.4;1372013;Free;0
Where's My Water? Free;LIFESTYLE;4.1;6808;Free;0
Wheretoget: Shop in style;LIFESTYLE;4.1;6808;Free;0
Wheretoget: Shop in style;TRAVEL_AND_LOCAL;NaN;7;Free;0
Wherever BQ;SOCIAL;4.1;205803;Free;0
Whisper;MEDICAL;4.1;12;Paid;1,99
Whist - Tinnitus Relief;SOCIAL;3.2;38;Paid;0,99
W-History Standalone;LIFESTYLE;NaN;2;Free;0
White Classic Petite Watch Theme for DW;LIFESTYLE;4.5;4427;Free;0
White Noise ~ Sleeping Sounds;LIFESTYLE;4.5;10544;Free;0
White Noise Baby;PARENTING;4.9;717;Free;0
White Noise for Baby;HEALTH_AND_FITNESS;4.4;57634;Free;0
White Noise Lite;HEALTH_AND_FITNESS;4.7;16570;Free;0
White Sound Pro;COMMUNICATION;4.3;2451083;Free;0
Who;COMMUNICATION;4.3;2451093;Free;0
Who;GAME;4.5;5849;Free;0
Who am I? (Biblical);SOCIAL;4.6;271445;Free;0
Who Viewed My Facebook Profile - Stalkers Visitors;SOCIAL;4.6;273244;Free;0
Who Viewed My Facebook Profile - Stalkers Visitors;FAMILY;3.4;121;Free;0
Who Viewed My FB Profile;FAMILY;4.5;6396;Free;0
Who viewed my fb profile pro★★;FAMILY;4;248;Paid;2,99
Whoowasit? - Best kids game!;COMMUNICATION;4.4;552441;Free;0
Whoscall - Caller ID & Block;COMMUNICATION;4.4;552635;Free;0
Whoscall - Caller ID & Block;FAMILY;2.4;468;Free;0
Wi u Emulator;SHOPPING;3.9;3023;Free;0
WICShopper;MEDICAL;4.5;513;Free;0
Wide address pocket prep;COMMUNICATION;3.9;684;Free;0
WiFi Access Point (hotspot);PHOTOGRAPHY;2.9;118;Free;0
Wifi Action Camera;SPORTS;2.4;551;Free;0
WiFi Action Camera;TOOLS;4.4;335115;Free;0
Wifi Analyzer;COMMUNICATION;3.8;15036;Free;0
Wi-Fi Auto-connect;TOOLS;4.1;10595;Free;0
WiFi Automatic;VIDEO_PLAYERS;4.1;29867;Free;0
WiFi Baby Monitor - NannyCam;FAMILY;5;2;Free;0
Wifi BT Scanner;LIBRARIES_AND_DEMO;3.9;58055;Free;0
Wifi Connect Library;FAMILY;3.8;316;Free;0
WiFi FPV;TOOLS;4.3;63712;Free;0
Wifi Inspector;TOOLS;4.5;3673;Free;0
Wi-Fi Master;DATING;NaN;0;Free;0
Wifi Mingle;TOOLS;4.6;85;Paid;2,99
WiFi Monitor Pro - analyzer of Wi-Fi networks;PRODUCTIVITY;4.2;115;Free;0
Wi-Fi Networks;TOOLS;4.1;15693;Free;0
WiFi Overview 360;TOOLS;4.5;142;Paid;1
Wi-Fi Rabbit Unlock Key;TOOLS;4.1;479;Free;0
Wi-Fi settings shortcut;LIBRARIES_AND_DEMO;4;8671;Free;0
Wifi Test;COMMUNICATION;4.2;5599;Paid;2,9
WiFi Tether Router;TOOLS;3.9;132;Free;0
Wi-Fi Visualizer;TOOLS;4.3;352097;Free;0
WIFI WPS WPA TESTER;PRODUCTIVITY;4;736;Free;0
WiFi-o-Matic;FAMILY;3.4;1178;Free;0
Wii U Simulator;BOOKS_AND_REFERENCE;4.4;43088;Free;0
wikiHow: how to do anything;BOOKS_AND_REFERENCE;4.4;577550;Free;0
Wikipedia;GAME;3.1;25825;Free;0
Will it Crush?;WEATHER;NaN;3;Free;0
Wind & Weather Meter for Ag;WEATHER;4;9307;Free;0
Windguru Lite;GAME;4;1287;Free;0
Winter Wonderland;EVENTS;4.7;30;Free;0
Wipe out;MEDICAL;1.8;30;Free;0
Wireless BP;NEWS_AND_MAGAZINES;3.5;6066;Free;0
Wireless news;TOOLS;NaN;3;Free;0
WISE- MOBILE PORTAL;FINANCE;4.2;257;Free;0
WiseBanyan - Invest For Free;TRAVEL_AND_LOCAL;3.7;21443;Free;0
Wisepilot for XPERIA™;SHOPPING;4.5;6210998;Free;0
Wish - Shopping Made Fun;SHOPPING;4.5;6211039;Free;0
Wish - Shopping Made Fun;SHOPPING;4.5;6211039;Free;0
Wish - Shopping Made Fun;SHOPPING;4.5;6212081;Free;0
Wish - Shopping Made Fun;SHOPPING;4.5;6200739;Free;0
Wish - Shopping Made Fun;SOCIAL;4.3;51569;Free;0
Wishbone - Compare Anything;MEDICAL;4.6;358;Paid;3,99
With Helper Pro Pill Reminder;GAME;4.3;121612;Free;0
WithstandZ - Zombie Survival!;GAME;4;48;Paid;1,99
WIZARD Card Game;NEWS_AND_MAGAZINES;4;509;Free;0
WKBW 7 Eyewitness News;GAME;3.4;32;Paid;0,99
Wolf of the BF:Commando MOBILE;FAMILY;3.8;6760;Free;0
Wolfify - Be a Werewolf;PERSONALIZATION;4.3;10401;Free;0
Wolves Live Wallpaper;HEALTH_AND_FITNESS;4.5;121838;Free;0
WomanLog Calendar;HEALTH_AND_FITNESS;4.2;2509;Free;0
"Women""s Health Tips(Breast";FAMILY;4.1;1655;Free;0
Wonder5 Masters R;PHOTOGRAPHY;4.2;329160;Free;0
Wondershare PowerCam;MEDICAL;NaN;0;Free;0
Woodland AH;GAME;4;82;Free;0
Woodman Deluxe;GAME;4.7;21262;Free;0
Woody Puzzle;FOOD_AND_DRINK;3.7;3;Free;0
Woody's Bar-B-Q;GAME;4.5;240416;Free;0
Word Crossy - A crossword game;GAME;4.9;59;Free;0
Word Hunt;GAME;4.6;216675;Free;0
Word Link;GAME;4.7;295241;Free;0
Word Search;GAME;4.7;295305;Free;0
Word Search;GAME;4.7;295576;Free;0
Word Search;GAME;4.2;344585;Free;0
Word Search;FAMILY;4.3;63186;Free;0
Word Search Games in english;GAME;4.2;32849;Free;0
Word Search multilingual;FAMILY;NaN;0;Paid;1,04
Word Search Tab 1 FR;LIBRARIES_AND_DEMO;NaN;54;Free;0
Words (188 Category);GAME;4.3;711719;Free;0
Words With Friends – Play Free;GAME;4.3;1704112;Free;0
Words With Friends Classic;GAME;4.8;230710;Free;0
Wordscapes;GAME;4.8;230727;Free;0
Wordscapes;GAME;4.8;230727;Free;0
Wordscapes;GAME;4.8;230849;Free;0
Wordscapes;BUSINESS;NaN;2;Free;0
Workflow Approvals App AX 2012;HEALTH_AND_FITNESS;4.6;5420;Free;0
Workout Tracker & Gym Trainer - Fitness Log Book;HEALTH_AND_FITNESS;4.2;100406;Free;0
Workout Trainer: fitness coach;HEALTH_AND_FITNESS;4.2;100406;Free;0
Workout Trainer: fitness coach;FAMILY;4.3;107765;Free;0
World at War: WW2 Strategy MMO;SPORTS;4.6;4011;Free;0
World Cup 2018;FAMILY;4.4;1657;Free;0
World History Quick e-Book;NEWS_AND_MAGAZINES;4.4;185884;Free;0
World Newspapers;GAME;4.3;25952;Free;0
World of Warriors: Duel;FAMILY;4.8;4;Paid;0,99
World Racers family board game;GAME;4.5;910051;Free;0
World Series of Poker – WSOP Free Texas Holdem;TRAVEL_AND_LOCAL;4.4;6012;Free;0
World Travel Guide by Triposo;WEATHER;3.7;7896;Free;0
World Webcams;TOOLS;2.9;33;Free;0
WoW AH Tracker;LIFESTYLE;4.4;101957;Free;0
WowBox;FAMILY;5;1;Free;0
Wowkwis aq Ka'qaquj;FAMILY;5;3;Free;0
WPBS-DT;PRODUCTIVITY;4.5;1508137;Free;0
WPS Office - Word;PRODUCTIVITY;4.5;1507205;Free;0
WPS Office - Word;TOOLS;4.4;95080;Free;0
WPSApp;NEWS_AND_MAGAZINES;3.8;1093;Free;0
WPTV 5 West Palm Beach;FAMILY;4.3;2263;Free;0
Wrecker's Revenge - Gumball;SPORTS;4.3;989344;Free;0
Wrestling Revolution 3D;BEAUTY;NaN;182;Free;0
Wrinkles and rejuvenation;FAMILY;4.1;89;Paid;4,49
Writing Wizard Premium - Handwriting;FAMILY;NaN;14;Free;0
WRLP CB Repeater;NEWS_AND_MAGAZINES;4.5;3320;Free;0
WSVN - 7 News Miami;WEATHER;NaN;7;Free;0
WSVN • South Florida's Source for Weather;PRODUCTIVITY;4.6;404617;Free;0
Wunderlist: To-Do List & Tasks;PRODUCTIVITY;4.6;404610;Free;0
Wunderlist: To-Do List & Tasks;PRODUCTIVITY;4.6;404610;Free;0
Wunderlist: To-Do List & Tasks;FAMILY;NaN;9;Paid;2,99
Wuwu & Co.;ENTERTAINMENT;4.5;736864;Free;0
WWE;FAMILY;4.5;736824;Free;0
WWE;PERSONALIZATION;4.5;56;Paid;0,99
X Back - Icon Pack;COMMUNICATION;4;142;Free;0
X Browser;FAMILY;4.5;18612;Paid;1,49
X Construction;TOOLS;4.6;4210;Free;0
X Home Bar - Free;TOOLS;4;88;Paid;1,99
X Home Bar - Home Bar Gesture Pro;ART_AND_DESIGN;4.7;149;Paid;1,99
X Launcher Prime: With OS Style Theme & No Ads;ART_AND_DESIGN;4.8;1216;Paid;1,99
X Launcher Pro - IOS Style Theme & Control Center;ART_AND_DESIGN;4.7;801;Paid;1,99
X Launcher Pro: PhoneX Theme;ART_AND_DESIGN;4.7;5754;Free;0
X Launcher: With OS11 Style Theme & Control Center;HEALTH_AND_FITNESS;4;32;Free;0
X your Ex - Break Up Treatment;FAMILY;4.3;556659;Free;0
Xbox;EVENTS;4.1;399;Free;0
Xceed - Clubs;FAMILY;4;2294;Free;0
XCOM: TBG;FAMILY;4.2;13752;Paid;9,99
XCOM®: Enemy Within;PHOTOGRAPHY;3.1;6827;Free;0
XDV;TRAVEL_AND_LOCAL;4.4;77585;Free;0
XE Currency;TRAVEL_AND_LOCAL;4.4;1090;Paid;1,99
XE Currency Pro;BUSINESS;3.5;2111;Free;0
Xero Accounting Software;BUSINESS;3.5;2111;Free;0
Xero Accounting Software;TOOLS;3.3;47;Free;0
XML Editor CR;PERSONALIZATION;4.6;49657;Free;0
XOS - Launcher;COMMUNICATION;4.1;45487;Free;0
Xperia Link™;FAMILY;4.2;63197;Free;0
X-Plane 10 Flight Simulator;TOOLS;4.2;161;Paid;0,99
X-Plane to GPS;TOOLS;4.6;168487;Free;0
X-plore File Manager;PERSONALIZATION;3.5;1042;Free;0
Xposed Wi-Fi-Pwd;FAMILY;3.3;355837;Free;0
Xray Scanner Prank;FAMILY;2.7;1616;Free;0
X-ray scanner simulator;FAMILY;4.2;2178;Free;0
Xtreme Racing 2018 - Jeep & 4x4 off road simulator;TOOLS;4.5;40617;Free;0
X-VPN - Free Unlimited VPN Proxy;FAMILY;4.6;5898;Free;0
X-Wing Squadron Builder;GAME;4.2;4878;Free;0
X-WOLF;VIDEO_PLAYERS;4.1;7624;Free;0
XX HD Video downloader-Free Video Downloader;BUSINESS;4.2;509;Free;0
XXX DISTILLERY;BUSINESS;NaN;9;Free;0
Y! Mobile menu;SPORTS;4.2;277902;Free;0
Yahoo Fantasy Sports - #1 Rated Fantasy App;SPORTS;4.2;277900;Free;0
Yahoo Fantasy Sports - #1 Rated Fantasy App;SPORTS;4.2;277904;Free;0
Yahoo Fantasy Sports - #1 Rated Fantasy App;SPORTS;4.2;277904;Free;0
Yahoo Fantasy Sports - #1 Rated Fantasy App;SPORTS;4.2;277939;Free;0
Yahoo Fantasy Sports - #1 Rated Fantasy App;FINANCE;4.4;135952;Free;0
Yahoo Finance;COMMUNICATION;4.3;4187998;Free;0
Yahoo Mail – Stay Organized;COMMUNICATION;4.3;4188142;Free;0
Yahoo Mail – Stay Organized;COMMUNICATION;4.3;4188345;Free;0
Yahoo Mail – Stay Organized;SPORTS;4.5;32386;Free;0
Yahoo Sports - scores;SPORTS;4.5;32386;Free;0
Yahoo Sports - scores;SPORTS;4.5;32386;Free;0
Yahoo Sports - scores;WEATHER;4.4;1312037;Free;0
Yahoo Weather;MAPS_AND_NAVIGATION;4.4;104800;Free;0
Yahoo! transit guide free timetable;WEATHER;4.2;7457;Free;0
Yahoo! Weather for SH Forecast for understanding the approach of rain clouds Free;GAME;NaN;0;Paid;0,99
YAKALA AY;PERSONALIZATION;4.5;1237135;Free;0
Yandex Browser with Protect;PERSONALIZATION;4.5;1235841;Free;0
Yandex Browser with Protect;PRODUCTIVITY;4.4;115072;Free;0
Yandex.Disk;PERSONALIZATION;4.4;87300;Free;0
Yandex.Shell (Launcher+Dialer);MAPS_AND_NAVIGATION;4.4;56471;Free;0
Yandex.Trains;MAPS_AND_NAVIGATION;4;126282;Free;0
Yandex.Transport;WEATHER;4.5;309617;Free;0
Yandex.Weather;MAPS_AND_NAVIGATION;4.4;102248;Free;0
"Yanosik: ""antyradar""";FAMILY;3.2;304;Free;0
Yaoi Novels - Shounen ai Book&fiction;FAMILY;4;2614;Free;0
Yaoi Ooku: Distorted Love;TRAVEL_AND_LOCAL;4.5;251037;Free;0
Yatra - Flights;SOCIAL;4.1;2520;Free;0
YAY - TBH;FAMILY;5;8;Free;0
Yazdani Cd Center EllahAbad Official App;HEALTH_AND_FITNESS;4.6;117176;Free;0
YAZIO Calorie Counter;FAMILY;4.6;380;Free;0
YEBIS OpenGL ES 3.0 Tech Demo;FAMILY;NaN;0;Free;0
Yeled EI;TRAVEL_AND_LOCAL;4.3;397422;Free;0
Yelp: Food;GAME;4.5;10055521;Free;0
Yes day;HOUSE_AND_HOME;NaN;12;Free;0
Yes319 real price login query;FAMILY;4.2;50771;Free;0
yHomework - Math Solver;ENTERTAINMENT;3.9;27424;Free;0
Yidio: TV Show & Movie Guide;HEALTH_AND_FITNESS;4.5;7976;Free;0
Yoga - Track Yoga;HEALTH_AND_FITNESS;4.3;5499;Free;0
Yoga Studio: Mind & Body;HOUSE_AND_HOME;3.7;1437;Free;0
Yongqing fast search;SPORTS;4.3;7107;Free;0
Yoong: Kick 'Em Up!;TRAVEL_AND_LOCAL;4.8;17882;Free;0
Yoriza Pension - travel;BOOKS_AND_REFERENCE;3.7;4071;Free;0
Youboox - Livres;PHOTOGRAPHY;4.6;3337956;Free;0
YouCam Makeup - Magic Selfie Makeovers;PHOTOGRAPHY;4.6;3337952;Free;0
YouCam Makeup - Magic Selfie Makeovers;PHOTOGRAPHY;4.5;1579287;Free;0
YouCam Perfect - Selfie Photo Editor;PHOTOGRAPHY;4.5;1579287;Free;0
YouCam Perfect - Selfie Photo Editor;PHOTOGRAPHY;4.5;1579343;Free;0
YouCam Perfect - Selfie Photo Editor;TRAVEL_AND_LOCAL;3.4;39;Paid;2,56
YouCamp EU;VIDEO_PLAYERS;4.6;98819;Free;0
YouCut - Video Editor & Video Maker;LIBRARIES_AND_DEMO;NaN;2221;Free;0
Young Speeches;SOCIAL;4.1;309872;Free;0
YouNow: Live Stream Video Chat;MEDICAL;4.6;2006;Free;0
Youper - AI Therapy;MEDICAL;4.6;2014;Free;0
Youper - AI Therapy;MEDICAL;4.6;1976;Free;0
Youper - AI Therapy;COMMUNICATION;4;74497;Free;0
Your Freedom VPN Client;GAME;4.1;4946;Free;0
Your rank CS:GO;MEDICAL;5;2;Free;0
You're an Anime;VIDEO_PLAYERS;NaN;8;Free;0
YourTube Video Views BG;VIDEO_PLAYERS;4.3;25655305;Free;0
YouTube;VIDEO_PLAYERS;4.3;25623548;Free;0
YouTube;ENTERTAINMENT;4.2;130549;Free;0
YouTube Gaming;FAMILY;4.2;130549;Free;0
YouTube Gaming;ENTERTAINMENT;4.5;470089;Free;0
YouTube Kids;FAMILY;4.5;470694;Free;0
YouTube Kids;FAMILY;4.5;470713;Free;0
YouTube Kids;FAMILY;4.5;469851;Free;0
YouTube Kids;VIDEO_PLAYERS;4.3;436921;Free;0
YouTube Studio;VIDEO_PLAYERS;4.3;436170;Free;0
YouTube Studio;FAMILY;4.4;38517;Free;0
YouTube TV - Watch & Record Live TV;FOOD_AND_DRINK;4.5;91359;Free;0
Yummly Recipes & Shopping List;FAMILY;1.9;250;Free;0
Yuzu eReader;LIFESTYLE;2.8;405;Free;0
Z App;PHOTOGRAPHY;3.8;142;Free;0
Z Camera;PHOTOGRAPHY;4.4;1075277;Free;0
Z Camera - Photo Editor;PHOTOGRAPHY;4.4;1075016;Free;0
Z Camera - Photo Editor;GAME;4.7;96028;Free;0
Z Champions;FAMILY;4.3;3976;Free;0
Z City;FAMILY;3.9;5894;Free;0
Z Day: Hearts of Heroes;FAMILY;4.6;4421;Paid;2,99
Z Origins - (Z The Game);COMMUNICATION;NaN;0;Paid;19,99
Z PIVOT;PERSONALIZATION;4.5;10158;Free;0
Z Ringtones PREMIUM 2018;FAMILY;4.2;62301;Free;0
Z War-Zombie Modern Combat;FOOD_AND_DRINK;4.4;205;Free;0
Zaatar w Zeit;TRAVEL_AND_LOCAL;3.1;2528;Free;0
Zagat;BUSINESS;NaN;0;Free;0
ZAK DW;COMMUNICATION;4.2;1042170;Free;0
Zalo – Video Call;SHOPPING;4.2;142512;Free;0
ZALORA Fashion Shopping;SHOPPING;4.2;142512;Free;0
ZALORA Fashion Shopping;MAPS_AND_NAVIGATION;3.8;181;Free;0
Zap-Map: EV charging points UK;SHOPPING;4.5;44588;Free;0
Zappos – Shoe shopping made simple;SHOPPING;4.5;44588;Free;0
Zappos – Shoe shopping made simple;TOOLS;4.6;387958;Free;0
Zapya - File Transfer;FAMILY;4.3;1065;Free;0
Zapzapmath: K-6 Math Games;LIFESTYLE;4.3;95904;Free;0
Zara;LIFESTYLE;4.3;95905;Free;0
Zara;TOOLS;4.5;337242;Free;0
ZArchiver;TOOLS;4.8;1721;Paid;2,5
ZArchiver Donate;SOCIAL;NaN;6;Free;0
Zdravei.BG;PERSONALIZATION;4.6;6466641;Free;0
ZEDGE™ Ringtones & Wallpapers;PERSONALIZATION;4.6;6466641;Free;0
ZEDGE™ Ringtones & Wallpapers;PERSONALIZATION;4.6;6466641;Free;0
ZEDGE™ Ringtones & Wallpapers;PERSONALIZATION;4.6;6459626;Free;0
ZEDGE™ Ringtones & Wallpapers;SOCIAL;4.4;695613;Free;0
Zello PTT Walkie Talkie;SOCIAL;4.4;695576;Free;0
Zello PTT Walkie Talkie;FAMILY;4.6;99;Free;0
Z-Empire: Dead Strike;MEDICAL;5;1;Free;0
Zen Leaf;BUSINESS;4.2;296;Free;0
Zenefits;BUSINESS;4.2;296;Free;0
Zenefits;FINANCE;4.3;7215;Free;0
Zenith Bank Mobile App;COMMUNICATION;4.5;437674;Free;0
ZenUI Dialer & Contacts;TOOLS;4.6;136874;Free;0
ZenUI Help;TOOLS;4.5;537554;Free;0
ZenUI Keyboard – Emoji;PERSONALIZATION;4.7;1141545;Free;0
ZenUI Launcher;LIFESTYLE;4.5;100;Free;0
ZenUI Safeguard;PERSONALIZATION;4.4;47393;Free;0
ZenUI Themes – Stylish Themes;SPORTS;4.4;2020;Free;0
Zepp Golf Swing Analyzer;TOOLS;3.5;75336;Free;0
ZERO Lock Screen;TOOLS;NaN;40;Free;0
Zetup;ENTERTAINMENT;4.1;29690;Free;0
Ziggo GO;HOUSE_AND_HOME;4.5;417907;Free;0
Zillow: Find Houses for Sale & Apartments for Rent;HOUSE_AND_HOME;4.5;417907;Free;0
Zillow: Find Houses for Sale & Apartments for Rent;LIFESTYLE;4;3937;Free;0
ZipRealty Real Estate & Homes;FINANCE;4.1;58;Free;0
ZiraatBank BH;GAME;4.6;6344;Free;0
Zlax.io Zombs Luv Ax;MEDICAL;4.5;6099;Free;0
Zocdoc: Find Doctors & Book Appointments;BUSINESS;4.7;45;Free;0
Zoho Reports - Mobile BI;FOOD_AND_DRINK;4.3;511228;Free;0
Zomato - Restaurant Finder and Food Delivery App;FOOD_AND_DRINK;4.3;511420;Free;0
Zomato - Restaurant Finder and Food Delivery App;GAME;4.3;13604;Paid;0,99
Zombie Avengers:(Dreamsky)Stickman War Z;GAME;4.7;990491;Free;0
Zombie Catchers;GAME;4.7;990586;Free;0
Zombie Catchers;GAME;4.7;990723;Free;0
Zombie Catchers;GAME;4.7;990663;Free;0
Zombie Catchers;GAME;4.7;990796;Free;0
Zombie Catchers;GAME;4.7;989158;Free;0
Zombie Catchers;GAME;3.8;17372;Free;0
Zombie Death Shooter;FAMILY;4.3;275048;Free;0
Zombie Defense;GAME;4.2;326689;Free;0
Zombie Frontier;GAME;4.3;10306;Free;0
Zombie Hunter King;GAME;4.3;10354;Free;0
Zombie Hunter King;GAME;4.3;10493;Free;0
Zombie Hunter King;GAME;4.3;10538;Free;0
Zombie Hunter King;GAME;4.4;327599;Free;0
Zombie Hunter: Post Apocalypse Survival Games;GAME;3.7;16073;Free;0
ZOMBIE RIPPER;GAME;3.9;8122;Free;0
Zombie Sniper 3D III;GAME;4.4;4920817;Free;0
Zombie Tsunami;GAME;4.4;4921122;Free;0
Zombie Tsunami;GAME;4.4;4921451;Free;0
Zombie Tsunami;GAME;4.4;4921409;Free;0
Zombie Tsunami;GAME;4.4;4918776;Free;0
Zombie Tsunami;GAME;3.9;1987;Free;0
Zombie War Z : Hero Survival Rules;HEALTH_AND_FITNESS;4;267;Free;0
Zombies;FAMILY;4.3;10;Paid;12,99
ZombieVital DG;AUTO_AND_VEHICLES;4.6;7880;Free;0
Zona Azul Digital Fácil SP CET - OFFICIAL São Paulo;PARENTING;NaN;76;Free;0
Zoo For Preschool Kids 3-9 Years;FAMILY;4.2;3195;Paid;0,99
ZOOKEEPER DX TouchEdition;BUSINESS;4.4;31614;Free;0
ZOOM Cloud Meetings;BUSINESS;4.4;31614;Free;0
ZOOM Cloud Meetings;PERSONALIZATION;4;30498;Free;0
Zooper Widget;LIFESTYLE;4.1;21195;Free;0
Zoopla Property Search UK - Home to buy & rent;DATING;4;516801;Free;0
Zoosk Dating App: Meet Singles;DATING;4;516917;Free;0
Zoosk Dating App: Meet Singles;FAMILY;4.5;516;Free;0
Zowi App;AUTO_AND_VEHICLES;4.2;29;Free;0
ZUL - Rotativo Digital BH;SHOPPING;4.5;28560;Free;0
zulily - Shop Daily Deals in Fashion and Home;HOUSE_AND_HOME;4.4;11200;Free;0
Zumper - Apartment Rental Finder;GAME;4.4;1986068;Free;0
Zynga Poker – Texas Holdem;;;;;
